2025-12-17 19:14:23,226 - __main__ - INFO - === PLNTDIA - Início da Execução ===
2025-12-17 19:14:23,226 - __main__ - INFO - A gerar cenário: 10 servidores, 20 CVEs, 3 workers
2025-12-17 19:14:23,226 - src.repository - INFO - Stress test com seed=42 para reprodutibilidade
2025-12-17 19:14:23,227 - src.repository - INFO - Stress test gerado: 10 servidores, 20 CVEs, 3 workers
2025-12-17 19:14:23,227 - __main__ - INFO - A calcular prioridades e verificar RTO...
2025-12-17 19:14:23,228 - __main__ - INFO - Tarefas válidas: 45, Descartadas (RTO): 4
2025-12-17 19:14:23,228 - __main__ - INFO - A executar agendamento...
2025-12-17 19:14:23,228 - __main__ - ERROR - Erro durante execução: unhashable type: 'Server'
Traceback (most recent call last):
  File "/Users/aricardoferraz/Documents/Challenge-2/Challenge2/PLNTDIA/main.py", line 252, in main
    schedule, metrics = create_schedule_with_metrics(tasks_to_plan, workers)
                        ~~~~~~~~~~~~~~~~~~~~~~~~~~~~^^^^^^^^^^^^^^^^^^^^^^^^
  File "/Users/aricardoferraz/Documents/Challenge-2/Challenge2/PLNTDIA/src/planner.py", line 287, in create_schedule_with_metrics
    servers_in_tasks = list({s for _, s, _ in tasks})
                             ^
TypeError: unhashable type: 'Server'
2025-12-17 19:14:40,567 - __main__ - INFO - === PLNTDIA - Início da Execução ===
2025-12-17 19:14:40,567 - __main__ - INFO - A gerar cenário: 10 servidores, 20 CVEs, 3 workers
2025-12-17 19:14:40,567 - src.repository - INFO - Stress test com seed=42 para reprodutibilidade
2025-12-17 19:14:40,567 - src.repository - INFO - Stress test gerado: 10 servidores, 20 CVEs, 3 workers
2025-12-17 19:14:40,568 - __main__ - INFO - A calcular prioridades e verificar RTO...
2025-12-17 19:14:40,568 - __main__ - INFO - Tarefas válidas: 45, Descartadas (RTO): 4
2025-12-17 19:14:40,568 - __main__ - INFO - A executar agendamento...
2025-12-17 19:14:40,573 - __main__ - INFO - Agendamento concluído: ScheduleMetrics(total=45, scheduled=21, success_rate=46.7%)
2025-12-17 19:27:09,844 - __main__ - INFO - === PLNTDIA - Início da Execução ===
2025-12-17 19:27:09,844 - __main__ - INFO - A carregar dados dos ficheiros CSV...
2025-12-17 19:27:09,846 - src.repository - INFO - Carregados 100 servidores de /Users/aricardoferraz/Documents/Challenge-2/Challenge2/PLNTDIA/csv/servers.csv
2025-12-17 19:27:09,847 - src.repository - INFO - Carregadas janelas de manutenção de /Users/aricardoferraz/Documents/Challenge-2/Challenge2/PLNTDIA/csv/server_windows.csv
2025-12-17 19:27:09,848 - src.repository - INFO - Carregado software de /Users/aricardoferraz/Documents/Challenge-2/Challenge2/PLNTDIA/csv/server_applications.csv
2025-12-17 19:27:09,850 - src.repository - INFO - Carregados 10 técnicos de /Users/aricardoferraz/Documents/Challenge-2/Challenge2/PLNTDIA/csv/team.csv
2025-12-17 19:27:09,850 - __main__ - INFO - Carregados: 100 servidores, 10 técnicos
2025-12-17 19:27:09,850 - __main__ - INFO - A gerar 30 CVEs para a infraestrutura...
2025-12-17 19:27:09,850 - src.repository - INFO - Geradas 30 CVEs para a infraestrutura
2025-12-17 19:27:09,850 - __main__ - INFO - A calcular prioridades e verificar RTO...
2025-12-17 19:27:09,857 - __main__ - INFO - Tarefas válidas: 651, Descartadas (RTO): 26
2025-12-17 19:27:09,858 - __main__ - INFO - A executar agendamento...
2025-12-17 19:27:10,386 - __main__ - INFO - Agendamento concluído: ScheduleMetrics(total=651, scheduled=0, success_rate=0.0%)
2025-12-17 19:32:03,616 - __main__ - INFO - === PLNTDIA - Início da Execução ===
2025-12-17 19:32:03,617 - __main__ - INFO - A carregar dados dos ficheiros CSV...
2025-12-17 19:32:03,618 - src.repository - INFO - Carregados 100 servidores de /Users/aricardoferraz/Documents/Challenge-2/Challenge2/PLNTDIA/csv/servers.csv
2025-12-17 19:32:03,619 - src.repository - INFO - Carregadas janelas de manutenção de /Users/aricardoferraz/Documents/Challenge-2/Challenge2/PLNTDIA/csv/server_windows.csv
2025-12-17 19:32:03,620 - src.repository - INFO - Carregado software de /Users/aricardoferraz/Documents/Challenge-2/Challenge2/PLNTDIA/csv/server_applications.csv
2025-12-17 19:32:03,621 - src.repository - INFO - Carregados 10 técnicos de /Users/aricardoferraz/Documents/Challenge-2/Challenge2/PLNTDIA/csv/team.csv
2025-12-17 19:32:03,621 - __main__ - INFO - Carregados: 100 servidores, 10 técnicos
2025-12-17 19:32:03,622 - __main__ - INFO - A gerar 30 CVEs para a infraestrutura...
2025-12-17 19:32:03,622 - src.repository - INFO - Geradas 30 CVEs para a infraestrutura
2025-12-17 19:32:03,622 - __main__ - INFO - A calcular prioridades e verificar RTO...
2025-12-17 19:32:03,628 - __main__ - INFO - Tarefas válidas: 707, Descartadas (RTO): 28
2025-12-17 19:32:03,628 - __main__ - INFO - A executar agendamento...
2025-12-17 19:32:04,181 - __main__ - INFO - Agendamento concluído: ScheduleMetrics(total=707, scheduled=41, success_rate=5.8%)
2025-12-17 20:47:45,961 - __main__ - INFO - === PLNTDIA - Início da Execução ===
2025-12-17 20:47:45,962 - __main__ - INFO - A carregar dados dos ficheiros CSV...
2025-12-17 20:47:45,962 - src.repository - INFO - Carregados 100 servidores de /Users/aricardoferraz/Documents/Challenge-2/Challenge2/PLNTDIA/csv/servers.csv
2025-12-17 20:47:45,964 - src.repository - INFO - Carregadas janelas de manutenção de /Users/aricardoferraz/Documents/Challenge-2/Challenge2/PLNTDIA/csv/server_windows.csv
2025-12-17 20:47:45,964 - src.repository - INFO - Carregado software de /Users/aricardoferraz/Documents/Challenge-2/Challenge2/PLNTDIA/csv/server_applications.csv
2025-12-17 20:47:45,965 - src.repository - INFO - Carregados 10 técnicos de /Users/aricardoferraz/Documents/Challenge-2/Challenge2/PLNTDIA/csv/team.csv
2025-12-17 20:47:45,965 - __main__ - INFO - Carregados: 100 servidores, 10 técnicos
2025-12-17 20:47:45,965 - __main__ - INFO - A gerar 50 CVEs para a infraestrutura...
2025-12-17 20:47:45,966 - src.repository - INFO - Geradas 50 CVEs para a infraestrutura
2025-12-17 20:47:45,966 - __main__ - INFO - A calcular prioridades e verificar RTO...
2025-12-17 20:47:45,975 - __main__ - INFO - Tarefas válidas: 1101, Descartadas (RTO): 42
2025-12-17 20:47:45,975 - __main__ - INFO - A executar agendamento...
2025-12-17 20:47:46,848 - __main__ - INFO - Agendamento concluído: ScheduleMetrics(total=1101, scheduled=36, success_rate=3.3%)
2025-12-17 20:56:52,420 - __main__ - INFO - === PLNTDIA - Início da Execução ===
2025-12-17 20:56:52,421 - __main__ - INFO - A carregar dados dos ficheiros CSV...
2025-12-17 20:56:52,422 - src.repository - INFO - Carregados 100 servidores de /Users/aricardoferraz/Documents/Challenge-2/Challenge2/PLNTDIA/csv/servers.csv
2025-12-17 20:56:52,423 - src.repository - INFO - Carregadas janelas de manutenção de /Users/aricardoferraz/Documents/Challenge-2/Challenge2/PLNTDIA/csv/server_windows.csv
2025-12-17 20:56:52,423 - src.repository - INFO - Carregado software de /Users/aricardoferraz/Documents/Challenge-2/Challenge2/PLNTDIA/csv/server_applications.csv
2025-12-17 20:56:52,424 - src.repository - INFO - Carregados 10 técnicos de /Users/aricardoferraz/Documents/Challenge-2/Challenge2/PLNTDIA/csv/team.csv
2025-12-17 20:56:52,424 - __main__ - INFO - Carregados: 100 servidores, 10 técnicos
2025-12-17 20:56:52,424 - __main__ - INFO - A gerar 50 CVEs para a infraestrutura...
2025-12-17 20:56:52,424 - src.repository - INFO - Geradas 50 CVEs para a infraestrutura
2025-12-17 20:56:52,424 - __main__ - INFO - A calcular prioridades e verificar RTO...
2025-12-17 20:56:52,434 - __main__ - INFO - Tarefas válidas: 1095, Descartadas (RTO): 44
2025-12-17 20:56:52,434 - __main__ - INFO - A executar agendamento...
2025-12-17 20:56:53,567 - __main__ - INFO - Agendamento concluído: ScheduleMetrics(total=1095, scheduled=46, success_rate=4.2%)
2025-12-17 20:57:33,745 - __main__ - INFO - === PLNTDIA - Início da Execução ===
2025-12-17 20:57:33,745 - __main__ - INFO - A carregar dados dos ficheiros CSV...
2025-12-17 20:57:33,747 - src.repository - INFO - Carregados 100 servidores de /Users/aricardoferraz/Documents/Challenge-2/Challenge2/PLNTDIA/csv/servers.csv
2025-12-17 20:57:33,749 - src.repository - INFO - Carregadas janelas de manutenção de /Users/aricardoferraz/Documents/Challenge-2/Challenge2/PLNTDIA/csv/server_windows.csv
2025-12-17 20:57:33,750 - src.repository - INFO - Carregado software de /Users/aricardoferraz/Documents/Challenge-2/Challenge2/PLNTDIA/csv/server_applications.csv
2025-12-17 20:57:33,751 - src.repository - INFO - Carregados 10 técnicos de /Users/aricardoferraz/Documents/Challenge-2/Challenge2/PLNTDIA/csv/team.csv
2025-12-17 20:57:33,751 - __main__ - INFO - Carregados: 100 servidores, 10 técnicos
2025-12-17 20:57:33,751 - __main__ - INFO - A gerar 50 CVEs para a infraestrutura...
2025-12-17 20:57:33,752 - src.repository - INFO - Geradas 50 CVEs para a infraestrutura
2025-12-17 20:57:33,752 - __main__ - INFO - A calcular prioridades e verificar RTO...
2025-12-17 20:57:33,767 - __main__ - INFO - Tarefas válidas: 1088, Descartadas (RTO): 40
2025-12-17 20:57:33,767 - __main__ - INFO - A executar agendamento...
2025-12-17 20:57:35,773 - __main__ - INFO - Agendamento concluído: ScheduleMetrics(total=1088, scheduled=66, success_rate=6.1%)
2025-12-17 21:03:24,488 - __main__ - INFO - === PLNTDIA - Início da Execução ===
2025-12-17 21:03:24,488 - __main__ - INFO - A carregar dados dos ficheiros CSV...
2025-12-17 21:03:24,489 - src.repository - INFO - Carregados 100 servidores de /Users/aricardoferraz/Documents/Challenge-2/Challenge2/PLNTDIA/csv/servers.csv
2025-12-17 21:03:24,490 - src.repository - INFO - Carregadas janelas de manutenção de /Users/aricardoferraz/Documents/Challenge-2/Challenge2/PLNTDIA/csv/server_windows.csv
2025-12-17 21:03:24,491 - src.repository - INFO - Carregado software de /Users/aricardoferraz/Documents/Challenge-2/Challenge2/PLNTDIA/csv/server_applications.csv
2025-12-17 21:03:24,492 - src.repository - INFO - Carregados 10 técnicos de /Users/aricardoferraz/Documents/Challenge-2/Challenge2/PLNTDIA/csv/team.csv
2025-12-17 21:03:24,492 - __main__ - INFO - Carregados: 100 servidores, 10 técnicos
2025-12-17 21:03:24,492 - __main__ - INFO - A gerar 50 CVEs para a infraestrutura...
2025-12-17 21:03:24,493 - src.repository - INFO - Geradas 50 CVEs para a infraestrutura
2025-12-17 21:03:24,493 - __main__ - INFO - A calcular prioridades e verificar RTO...
2025-12-17 21:03:24,503 - __main__ - INFO - Tarefas válidas: 1161, Descartadas (RTO): 42
2025-12-17 21:03:24,503 - __main__ - INFO - A executar agendamento...
2025-12-17 21:03:26,373 - __main__ - INFO - Agendamento concluído: ScheduleMetrics(total=1161, scheduled=89, success_rate=7.7%)
2025-12-17 21:04:01,278 - __main__ - INFO - === PLNTDIA - Início da Execução ===
2025-12-17 21:04:01,278 - __main__ - INFO - A carregar dados dos ficheiros CSV...
2025-12-17 21:04:01,279 - src.repository - INFO - Carregados 100 servidores de /Users/aricardoferraz/Documents/Challenge-2/Challenge2/PLNTDIA/csv/servers.csv
2025-12-17 21:04:01,280 - src.repository - INFO - Carregadas janelas de manutenção de /Users/aricardoferraz/Documents/Challenge-2/Challenge2/PLNTDIA/csv/server_windows.csv
2025-12-17 21:04:01,281 - src.repository - INFO - Carregado software de /Users/aricardoferraz/Documents/Challenge-2/Challenge2/PLNTDIA/csv/server_applications.csv
2025-12-17 21:04:01,282 - src.repository - INFO - Carregados 10 técnicos de /Users/aricardoferraz/Documents/Challenge-2/Challenge2/PLNTDIA/csv/team.csv
2025-12-17 21:04:01,282 - __main__ - INFO - Carregados: 100 servidores, 10 técnicos
2025-12-17 21:04:01,282 - __main__ - INFO - A gerar 50 CVEs para a infraestrutura...
2025-12-17 21:04:01,283 - src.repository - INFO - Geradas 50 CVEs para a infraestrutura
2025-12-17 21:04:01,283 - __main__ - INFO - A calcular prioridades e verificar RTO...
2025-12-17 21:04:01,293 - __main__ - INFO - Tarefas válidas: 1193, Descartadas (RTO): 38
2025-12-17 21:04:01,293 - __main__ - INFO - A executar agendamento...
2025-12-17 21:04:03,198 - __main__ - INFO - Agendamento concluído: ScheduleMetrics(total=1193, scheduled=74, success_rate=6.2%)
2025-12-17 21:28:49,701 - __main__ - INFO - === PLNTDIA - Início da Execução ===
2025-12-17 21:28:49,702 - src.patch_tracker - INFO - Histórico de patches não existe, será criado: /Users/aricardoferraz/Documents/Challenge-2/Challenge2/PLNTDIA/data/applied_patches.csv
2025-12-17 21:28:49,703 - __main__ - INFO - Tracker de patches inicializado: 0 patches no histórico
2025-12-17 21:28:49,703 - __main__ - INFO - A carregar dados dos ficheiros CSV...
2025-12-17 21:28:49,704 - src.repository - INFO - Carregados 100 servidores de /Users/aricardoferraz/Documents/Challenge-2/Challenge2/PLNTDIA/csv/servers.csv
2025-12-17 21:28:49,705 - src.repository - INFO - Carregadas janelas de manutenção de /Users/aricardoferraz/Documents/Challenge-2/Challenge2/PLNTDIA/csv/server_windows.csv
2025-12-17 21:28:49,706 - src.repository - INFO - Carregado software de /Users/aricardoferraz/Documents/Challenge-2/Challenge2/PLNTDIA/csv/server_applications.csv
2025-12-17 21:28:49,707 - src.repository - INFO - Carregados 10 técnicos de /Users/aricardoferraz/Documents/Challenge-2/Challenge2/PLNTDIA/csv/team.csv
2025-12-17 21:28:49,707 - __main__ - INFO - Carregados: 100 servidores, 10 técnicos
2025-12-17 21:28:49,707 - __main__ - INFO - A carregar CVEs do dataset: dataset/merged_cve_data.csv
2025-12-17 21:28:49,708 - src.cve_loader - INFO - A filtrar CVEs de 2025-10-18 a 2025-12-17
2025-12-17 21:28:49,708 - src.cve_loader - INFO - Software na infraestrutura: SharePoint, Exchange, Active Directory, IIS, SQL Server
2025-12-17 21:28:55,930 - src.cve_loader - INFO - CVEs carregados: 11 de 6936 no período (206794 total)
2025-12-17 21:28:55,931 - __main__ - INFO - CVEs carregados: 11 (período: 2025-10-18 a 2025-12-17)
2025-12-17 21:28:55,931 - __main__ - INFO - A calcular prioridades e verificar RTO...
2025-12-17 21:28:55,932 - __main__ - INFO - Tarefas válidas: 139, Descartadas (RTO): 0
2025-12-17 21:28:55,933 - __main__ - INFO - A executar agendamento...
2025-12-17 21:28:56,093 - __main__ - INFO - Agendamento concluído: ScheduleMetrics(total=139, scheduled=87, success_rate=62.6%)
2025-12-17 21:28:56,093 - __main__ - ERROR - Erro durante execução: cannot import name 'Task' from 'src.domain' (/Users/aricardoferraz/Documents/Challenge-2/Challenge2/PLNTDIA/src/domain.py)
Traceback (most recent call last):
  File "/Users/aricardoferraz/Documents/Challenge-2/Challenge2/PLNTDIA/main.py", line 429, in main
    from src.domain import Task
ImportError: cannot import name 'Task' from 'src.domain' (/Users/aricardoferraz/Documents/Challenge-2/Challenge2/PLNTDIA/src/domain.py)
2025-12-17 21:30:25,013 - __main__ - INFO - === PLNTDIA - Início da Execução ===
2025-12-17 21:30:25,013 - src.patch_tracker - INFO - Histórico de patches não existe, será criado: /Users/aricardoferraz/Documents/Challenge-2/Challenge2/PLNTDIA/data/applied_patches.csv
2025-12-17 21:30:25,014 - __main__ - INFO - Tracker de patches inicializado: 0 patches no histórico
2025-12-17 21:30:25,014 - __main__ - INFO - A carregar dados dos ficheiros CSV...
2025-12-17 21:30:25,015 - src.repository - INFO - Carregados 100 servidores de /Users/aricardoferraz/Documents/Challenge-2/Challenge2/PLNTDIA/csv/servers.csv
2025-12-17 21:30:25,017 - src.repository - INFO - Carregadas janelas de manutenção de /Users/aricardoferraz/Documents/Challenge-2/Challenge2/PLNTDIA/csv/server_windows.csv
2025-12-17 21:30:25,019 - src.repository - INFO - Carregado software de /Users/aricardoferraz/Documents/Challenge-2/Challenge2/PLNTDIA/csv/server_applications.csv
2025-12-17 21:30:25,020 - src.repository - INFO - Carregados 10 técnicos de /Users/aricardoferraz/Documents/Challenge-2/Challenge2/PLNTDIA/csv/team.csv
2025-12-17 21:30:25,020 - __main__ - INFO - Carregados: 100 servidores, 10 técnicos
2025-12-17 21:30:25,021 - __main__ - INFO - A carregar CVEs do dataset: dataset/merged_cve_data.csv
2025-12-17 21:30:25,021 - src.cve_loader - INFO - A filtrar CVEs de 2025-10-18 a 2025-12-17
2025-12-17 21:30:25,021 - src.cve_loader - INFO - Software na infraestrutura: SQL Server, SharePoint, Active Directory, IIS, Exchange
2025-12-17 21:30:30,520 - src.cve_loader - INFO - CVEs carregados: 11 de 6936 no período (206794 total)
2025-12-17 21:30:30,520 - __main__ - INFO - CVEs carregados: 11 (período: 2025-10-18 a 2025-12-17)
2025-12-17 21:30:30,521 - __main__ - INFO - A calcular prioridades e verificar RTO...
2025-12-17 21:30:30,522 - __main__ - INFO - Tarefas válidas: 139, Descartadas (RTO): 0
2025-12-17 21:30:30,522 - __main__ - INFO - A executar agendamento...
2025-12-17 21:30:30,656 - __main__ - INFO - Agendamento concluído: ScheduleMetrics(total=139, scheduled=87, success_rate=62.6%)
2025-12-17 21:30:30,660 - src.patch_tracker - INFO - Guardados 87 patches no histórico
2025-12-17 21:30:30,660 - src.patch_tracker - INFO - Registadas 87 tarefas agendadas
2025-12-17 21:30:30,660 - __main__ - INFO - Registadas 87 tarefas no histórico de patches
2025-12-17 21:31:43,751 - __main__ - INFO - === PLNTDIA - Início da Execução ===
2025-12-17 21:31:43,752 - src.patch_tracker - INFO - Carregados 87 patches do histórico
2025-12-17 21:31:43,752 - __main__ - INFO - Tracker de patches inicializado: 87 patches no histórico
2025-12-17 21:31:43,752 - __main__ - INFO - A carregar dados dos ficheiros CSV...
2025-12-17 21:31:43,753 - src.repository - INFO - Carregados 100 servidores de /Users/aricardoferraz/Documents/Challenge-2/Challenge2/PLNTDIA/csv/servers.csv
2025-12-17 21:31:43,754 - src.repository - INFO - Carregadas janelas de manutenção de /Users/aricardoferraz/Documents/Challenge-2/Challenge2/PLNTDIA/csv/server_windows.csv
2025-12-17 21:31:43,755 - src.repository - INFO - Carregado software de /Users/aricardoferraz/Documents/Challenge-2/Challenge2/PLNTDIA/csv/server_applications.csv
2025-12-17 21:31:43,757 - src.repository - INFO - Carregados 10 técnicos de /Users/aricardoferraz/Documents/Challenge-2/Challenge2/PLNTDIA/csv/team.csv
2025-12-17 21:31:43,757 - __main__ - INFO - Carregados: 100 servidores, 10 técnicos
2025-12-17 21:31:43,757 - __main__ - INFO - A carregar CVEs do dataset: dataset/merged_cve_data.csv
2025-12-17 21:31:43,757 - src.cve_loader - INFO - A filtrar CVEs de 2025-10-18 a 2025-12-17
2025-12-17 21:31:43,757 - src.cve_loader - INFO - Software na infraestrutura: IIS, SQL Server, Active Directory, SharePoint, Exchange
2025-12-17 21:31:49,159 - src.cve_loader - INFO - CVEs carregados: 11 de 6936 no período (206794 total)
2025-12-17 21:31:49,160 - __main__ - INFO - CVEs carregados: 11 (período: 2025-10-18 a 2025-12-17)
2025-12-17 21:31:49,160 - __main__ - ERROR - Erro durante execução: 'Server' object has no attribute 'software'
Traceback (most recent call last):
  File "/Users/aricardoferraz/Documents/Challenge-2/Challenge2/PLNTDIA/main.py", line 405, in main
    cves = filter_unapplied_cves(cves, servers, tracker)
  File "/Users/aricardoferraz/Documents/Challenge-2/Challenge2/PLNTDIA/src/patch_tracker.py", line 483, in filter_unapplied_cves
    if any(sw.software_id == cve.software_id for sw in s.software)
                                                       ^^^^^^^^^^
AttributeError: 'Server' object has no attribute 'software'
2025-12-17 21:32:39,186 - __main__ - INFO - === PLNTDIA - Início da Execução ===
2025-12-17 21:32:39,188 - src.patch_tracker - INFO - Carregados 87 patches do histórico
2025-12-17 21:32:39,188 - __main__ - INFO - Tracker de patches inicializado: 87 patches no histórico
2025-12-17 21:32:39,188 - __main__ - INFO - A carregar dados dos ficheiros CSV...
2025-12-17 21:32:39,189 - src.repository - INFO - Carregados 100 servidores de /Users/aricardoferraz/Documents/Challenge-2/Challenge2/PLNTDIA/csv/servers.csv
2025-12-17 21:32:39,190 - src.repository - INFO - Carregadas janelas de manutenção de /Users/aricardoferraz/Documents/Challenge-2/Challenge2/PLNTDIA/csv/server_windows.csv
2025-12-17 21:32:39,190 - src.repository - INFO - Carregado software de /Users/aricardoferraz/Documents/Challenge-2/Challenge2/PLNTDIA/csv/server_applications.csv
2025-12-17 21:32:39,191 - src.repository - INFO - Carregados 10 técnicos de /Users/aricardoferraz/Documents/Challenge-2/Challenge2/PLNTDIA/csv/team.csv
2025-12-17 21:32:39,191 - __main__ - INFO - Carregados: 100 servidores, 10 técnicos
2025-12-17 21:32:39,192 - __main__ - INFO - A carregar CVEs do dataset: dataset/merged_cve_data.csv
2025-12-17 21:32:39,192 - src.cve_loader - INFO - A filtrar CVEs de 2025-10-18 a 2025-12-17
2025-12-17 21:32:39,192 - src.cve_loader - INFO - Software na infraestrutura: SharePoint, Active Directory, SQL Server, Exchange, IIS
2025-12-17 21:32:44,350 - src.cve_loader - INFO - CVEs carregados: 11 de 6936 no período (206794 total)
2025-12-17 21:32:44,351 - __main__ - INFO - CVEs carregados: 11 (período: 2025-10-18 a 2025-12-17)
2025-12-17 21:32:44,351 - __main__ - ERROR - Erro durante execução: 'Server' object has no attribute 'software'
Traceback (most recent call last):
  File "/Users/aricardoferraz/Documents/Challenge-2/Challenge2/PLNTDIA/main.py", line 405, in main
    cves = filter_unapplied_cves(cves, servers, tracker)
  File "/Users/aricardoferraz/Documents/Challenge-2/Challenge2/PLNTDIA/src/patch_tracker.py", line 491, in filter_unapplied_cves
    for sw in s.software)
              ^^^^^^^^^^
AttributeError: 'Server' object has no attribute 'software'
2025-12-17 21:33:31,506 - __main__ - INFO - === PLNTDIA - Início da Execução ===
2025-12-17 21:33:31,508 - src.patch_tracker - INFO - Carregados 87 patches do histórico
2025-12-17 21:33:31,508 - __main__ - INFO - Tracker de patches inicializado: 87 patches no histórico
2025-12-17 21:33:31,508 - __main__ - INFO - A carregar dados dos ficheiros CSV...
2025-12-17 21:33:31,509 - src.repository - INFO - Carregados 100 servidores de /Users/aricardoferraz/Documents/Challenge-2/Challenge2/PLNTDIA/csv/servers.csv
2025-12-17 21:33:31,510 - src.repository - INFO - Carregadas janelas de manutenção de /Users/aricardoferraz/Documents/Challenge-2/Challenge2/PLNTDIA/csv/server_windows.csv
2025-12-17 21:33:31,511 - src.repository - INFO - Carregado software de /Users/aricardoferraz/Documents/Challenge-2/Challenge2/PLNTDIA/csv/server_applications.csv
2025-12-17 21:33:31,511 - src.repository - INFO - Carregados 10 técnicos de /Users/aricardoferraz/Documents/Challenge-2/Challenge2/PLNTDIA/csv/team.csv
2025-12-17 21:33:31,511 - __main__ - INFO - Carregados: 100 servidores, 10 técnicos
2025-12-17 21:33:31,512 - __main__ - INFO - A carregar CVEs do dataset: dataset/merged_cve_data.csv
2025-12-17 21:33:31,512 - src.cve_loader - INFO - A filtrar CVEs de 2025-10-18 a 2025-12-17
2025-12-17 21:33:31,512 - src.cve_loader - INFO - Software na infraestrutura: SharePoint, IIS, Exchange, SQL Server, Active Directory
2025-12-17 21:33:36,812 - src.cve_loader - INFO - CVEs carregados: 11 de 6936 no período (206794 total)
2025-12-17 21:33:36,813 - __main__ - INFO - CVEs carregados: 11 (período: 2025-10-18 a 2025-12-17)
2025-12-17 21:33:36,814 - __main__ - INFO - CVEs filtrados: 1 já aplicados, 10 pendentes
2025-12-17 21:33:36,814 - __main__ - INFO - A calcular prioridades e verificar RTO...
2025-12-17 21:33:36,815 - __main__ - INFO - Tarefas válidas: 108, Descartadas (RTO): 0
2025-12-17 21:33:36,815 - __main__ - INFO - A executar agendamento...
2025-12-17 21:33:36,902 - __main__ - INFO - Agendamento concluído: ScheduleMetrics(total=108, scheduled=79, success_rate=73.1%)
2025-12-17 21:51:33,823 - __main__ - INFO - === PLNTDIA - Início da Execução ===
2025-12-17 21:51:33,824 - __main__ - INFO - A carregar dados dos ficheiros CSV...
2025-12-17 21:51:33,825 - src.repository - INFO - Carregados 100 servidores de /Users/aricardoferraz/Documents/Challenge-2/Challenge2/PLNTDIA/csv/servers.csv
2025-12-17 21:51:33,826 - src.repository - INFO - Carregadas janelas de manutenção de /Users/aricardoferraz/Documents/Challenge-2/Challenge2/PLNTDIA/csv/server_windows.csv
2025-12-17 21:51:33,827 - src.repository - INFO - Carregado software de /Users/aricardoferraz/Documents/Challenge-2/Challenge2/PLNTDIA/csv/server_applications.csv
2025-12-17 21:51:33,828 - src.repository - INFO - Carregados 10 técnicos de /Users/aricardoferraz/Documents/Challenge-2/Challenge2/PLNTDIA/csv/team.csv
2025-12-17 21:51:33,828 - __main__ - INFO - Carregados: 100 servidores, 10 técnicos
2025-12-17 21:51:33,828 - __main__ - INFO - Período '2 semanas' convertido para 14 dias
2025-12-17 21:51:33,828 - __main__ - INFO - A carregar CVEs do dataset: dataset/merged_cve_data.csv
2025-12-17 21:51:33,828 - src.cve_loader - INFO - A filtrar CVEs de 2025-12-03 a 2025-12-17
2025-12-17 21:51:33,829 - src.cve_loader - INFO - Software na infraestrutura: IIS, Active Directory, SharePoint, Exchange, SQL Server
2025-12-17 21:51:39,188 - src.cve_loader - INFO - CVEs carregados: 5 de 2030 no período (206794 total)
2025-12-17 21:51:39,189 - __main__ - INFO - CVEs carregados: 5 (período: 2025-12-03 a 2025-12-17)
2025-12-17 21:51:39,189 - __main__ - INFO - A calcular prioridades e verificar RTO...
2025-12-17 21:51:39,189 - __main__ - INFO - Tarefas válidas: 23, Descartadas (RTO): 0
2025-12-17 21:51:39,189 - __main__ - INFO - A executar agendamento...
2025-12-17 21:51:39,192 - __main__ - INFO - Agendamento concluído: ScheduleMetrics(total=23, scheduled=23, success_rate=100.0%)
2025-12-17 21:51:48,555 - __main__ - INFO - === PLNTDIA - Início da Execução ===
2025-12-17 21:51:48,555 - __main__ - INFO - A carregar dados dos ficheiros CSV...
2025-12-17 21:51:48,556 - src.repository - INFO - Carregados 100 servidores de /Users/aricardoferraz/Documents/Challenge-2/Challenge2/PLNTDIA/csv/servers.csv
2025-12-17 21:51:48,557 - src.repository - INFO - Carregadas janelas de manutenção de /Users/aricardoferraz/Documents/Challenge-2/Challenge2/PLNTDIA/csv/server_windows.csv
2025-12-17 21:51:48,558 - src.repository - INFO - Carregado software de /Users/aricardoferraz/Documents/Challenge-2/Challenge2/PLNTDIA/csv/server_applications.csv
2025-12-17 21:51:48,559 - src.repository - INFO - Carregados 10 técnicos de /Users/aricardoferraz/Documents/Challenge-2/Challenge2/PLNTDIA/csv/team.csv
2025-12-17 21:51:48,559 - __main__ - INFO - Carregados: 100 servidores, 10 técnicos
2025-12-17 21:51:48,560 - __main__ - INFO - Período '1 mês' convertido para 30 dias
2025-12-17 21:51:48,560 - __main__ - INFO - A carregar CVEs do dataset: dataset/merged_cve_data.csv
2025-12-17 21:51:48,560 - src.cve_loader - INFO - A filtrar CVEs de 2025-11-17 a 2025-12-17
2025-12-17 21:51:48,560 - src.cve_loader - INFO - Software na infraestrutura: Exchange, Active Directory, IIS, SQL Server, SharePoint
2025-12-17 21:51:53,879 - src.cve_loader - INFO - CVEs carregados: 17 de 3503 no período (206794 total)
2025-12-17 21:51:53,880 - __main__ - INFO - CVEs carregados: 17 (período: 2025-11-17 a 2025-12-17)
2025-12-17 21:51:53,880 - __main__ - INFO - A calcular prioridades e verificar RTO...
2025-12-17 21:51:53,882 - __main__ - INFO - Tarefas válidas: 269, Descartadas (RTO): 0
2025-12-17 21:51:53,882 - __main__ - INFO - A executar agendamento...
2025-12-17 21:51:54,168 - __main__ - INFO - Agendamento concluído: ScheduleMetrics(total=269, scheduled=156, success_rate=58.0%)
2025-12-17 21:52:02,451 - __main__ - INFO - === PLNTDIA - Início da Execução ===
2025-12-17 21:52:02,451 - __main__ - INFO - A carregar dados dos ficheiros CSV...
2025-12-17 21:52:02,452 - src.repository - INFO - Carregados 100 servidores de /Users/aricardoferraz/Documents/Challenge-2/Challenge2/PLNTDIA/csv/servers.csv
2025-12-17 21:52:02,454 - src.repository - INFO - Carregadas janelas de manutenção de /Users/aricardoferraz/Documents/Challenge-2/Challenge2/PLNTDIA/csv/server_windows.csv
2025-12-17 21:52:02,455 - src.repository - INFO - Carregado software de /Users/aricardoferraz/Documents/Challenge-2/Challenge2/PLNTDIA/csv/server_applications.csv
2025-12-17 21:52:02,455 - src.repository - INFO - Carregados 10 técnicos de /Users/aricardoferraz/Documents/Challenge-2/Challenge2/PLNTDIA/csv/team.csv
2025-12-17 21:52:02,455 - __main__ - INFO - Carregados: 100 servidores, 10 técnicos
2025-12-17 21:52:02,456 - __main__ - INFO - Período '3 meses' convertido para 90 dias
2025-12-17 21:52:02,456 - __main__ - INFO - A carregar CVEs do dataset: dataset/merged_cve_data.csv
2025-12-17 21:52:02,456 - src.cve_loader - INFO - A filtrar CVEs de 2025-09-18 a 2025-12-17
2025-12-17 21:52:02,456 - src.cve_loader - INFO - Software na infraestrutura: SQL Server, Active Directory, IIS, SharePoint, Exchange
2025-12-17 21:52:08,075 - src.cve_loader - INFO - CVEs carregados: 43 de 10280 no período (206794 total)
2025-12-17 21:52:08,075 - __main__ - INFO - CVEs carregados: 43 (período: 2025-09-18 a 2025-12-17)
2025-12-17 21:52:08,076 - __main__ - INFO - A calcular prioridades e verificar RTO...
2025-12-17 21:52:08,082 - __main__ - INFO - Tarefas válidas: 812, Descartadas (RTO): 0
2025-12-17 21:52:08,082 - __main__ - INFO - A executar agendamento...
2025-12-17 21:52:09,414 - __main__ - INFO - Agendamento concluído: ScheduleMetrics(total=812, scheduled=99, success_rate=12.2%)
2025-12-18 09:31:42,173 - __main__ - INFO - === PLNTDIA - Início da Execução ===
2025-12-18 09:31:42,174 - __main__ - INFO - Período de planeamento: 2025-12-18 a 2025-12-24 (1 semana)
2025-12-18 09:31:42,179 - src.availability - INFO - Carregadas 8 ausências de csv/team_vacations.csv
2025-12-18 09:31:42,180 - __main__ - INFO - Carregadas 8 ausências de csv/team_vacations.csv
2025-12-18 09:31:42,180 - __main__ - INFO - A carregar dados dos ficheiros CSV...
2025-12-18 09:31:42,181 - src.repository - INFO - Carregados 60 servidores de /Users/aricardoferraz/Documents/Challenge-2/Challenge2/PLNTDIA/csv/servers.csv
2025-12-18 09:31:42,182 - src.repository - INFO - Carregadas janelas de manutenção de /Users/aricardoferraz/Documents/Challenge-2/Challenge2/PLNTDIA/csv/server_windows.csv
2025-12-18 09:31:42,183 - src.repository - INFO - Carregado software de /Users/aricardoferraz/Documents/Challenge-2/Challenge2/PLNTDIA/csv/server_applications.csv
2025-12-18 09:31:42,188 - src.repository - INFO - Carregados 10 técnicos de /Users/aricardoferraz/Documents/Challenge-2/Challenge2/PLNTDIA/csv/team.csv
2025-12-18 09:31:42,189 - __main__ - INFO - Carregados: 60 servidores, 10 técnicos
2025-12-18 09:31:42,189 - __main__ - INFO - A gerar 20 CVEs sintéticos para a infraestrutura...
2025-12-18 09:31:42,189 - src.repository - INFO - Geradas 20 CVEs para a infraestrutura
2025-12-18 09:31:42,189 - __main__ - INFO - Worker Tech_01 tem 3 dias de ausência no período
2025-12-18 09:31:42,190 - __main__ - INFO - Worker Tech_02 tem 5 dias de ausência no período
2025-12-18 09:31:42,190 - __main__ - INFO - Worker Tech_05 tem 2 dias de ausência no período
2025-12-18 09:31:42,190 - __main__ - INFO - Worker Tech_08 tem 3 dias de ausência no período
2025-12-18 09:31:42,190 - __main__ - INFO - Worker Tech_09 tem 8 dias de ausência no período
2025-12-18 09:31:42,190 - __main__ - INFO - Workers com ausências no período: Tech_01, Tech_09, Tech_05, Tech_02, Tech_08
2025-12-18 09:31:42,190 - __main__ - INFO - A calcular prioridades e verificar RTO...
2025-12-18 09:31:42,190 - src.logic - DEBUG - CVE CVE-2025-1000 afeta DEV_Integration_02 via Nginx
2025-12-18 09:31:42,190 - src.logic - DEBUG - CVE CVE-2025-1000 afeta TEST_Integration_02 via Nginx
2025-12-18 09:31:42,190 - src.logic - DEBUG - CVE CVE-2025-1000 afeta PROD_Integration_02 via Nginx
2025-12-18 09:31:42,190 - src.logic - DEBUG - Prioridade CVE-2025-1000: EPSS=0.35*0.5 + Crit=6.00*0.3 + Sev=2.00*0.2 = 2.38
2025-12-18 09:31:42,190 - src.logic - DEBUG - Prioridade CVE-2025-1000: EPSS=0.35*0.5 + Crit=6.00*0.3 + Sev=2.00*0.2 = 2.38
2025-12-18 09:31:42,190 - src.logic - DEBUG - Prioridade CVE-2025-1000: EPSS=0.35*0.5 + Crit=6.00*0.3 + Sev=2.00*0.2 = 2.38
2025-12-18 09:31:42,190 - src.logic - DEBUG - CVE CVE-2025-1001 afeta DEV_ERP_01 via Apache Tomcat
2025-12-18 09:31:42,191 - src.logic - DEBUG - CVE CVE-2025-1001 afeta DEV_ERP_02 via Apache Tomcat
2025-12-18 09:31:42,191 - src.logic - DEBUG - CVE CVE-2025-1001 afeta TEST_ERP_01 via Apache Tomcat
2025-12-18 09:31:42,191 - src.logic - DEBUG - CVE CVE-2025-1001 afeta TEST_ERP_02 via Apache Tomcat
2025-12-18 09:31:42,191 - src.logic - DEBUG - CVE CVE-2025-1001 afeta PROD_ERP_01 via Apache Tomcat
2025-12-18 09:31:42,191 - src.logic - DEBUG - CVE CVE-2025-1001 afeta PROD_ERP_02 via Apache Tomcat
2025-12-18 09:31:42,191 - src.logic - DEBUG - Prioridade CVE-2025-1001: EPSS=1.47*0.5 + Crit=7.00*0.3 + Sev=5.00*0.2 = 3.83
2025-12-18 09:31:42,191 - src.logic - DEBUG - Prioridade CVE-2025-1001: EPSS=1.47*0.5 + Crit=7.00*0.3 + Sev=5.00*0.2 = 3.83
2025-12-18 09:31:42,191 - src.logic - DEBUG - Prioridade CVE-2025-1001: EPSS=1.47*0.5 + Crit=7.00*0.3 + Sev=5.00*0.2 = 3.83
2025-12-18 09:31:42,191 - src.logic - DEBUG - Prioridade CVE-2025-1001: EPSS=1.47*0.5 + Crit=7.00*0.3 + Sev=5.00*0.2 = 3.83
2025-12-18 09:31:42,191 - src.logic - DEBUG - Prioridade CVE-2025-1001: EPSS=1.47*0.5 + Crit=7.00*0.3 + Sev=5.00*0.2 = 3.83
2025-12-18 09:31:42,191 - src.logic - DEBUG - Prioridade CVE-2025-1001: EPSS=1.47*0.5 + Crit=7.00*0.3 + Sev=5.00*0.2 = 3.83
2025-12-18 09:31:42,191 - src.logic - DEBUG - CVE CVE-2025-1002 afeta DEV_Analytics_01 via Python
2025-12-18 09:31:42,192 - src.logic - DEBUG - CVE CVE-2025-1002 afeta DEV_Analytics_02 via Python
2025-12-18 09:31:42,192 - src.logic - DEBUG - CVE CVE-2025-1002 afeta TEST_Analytics_01 via Python
2025-12-18 09:31:42,192 - src.logic - DEBUG - CVE CVE-2025-1002 afeta TEST_Analytics_02 via Python
2025-12-18 09:31:42,192 - src.logic - DEBUG - CVE CVE-2025-1002 afeta PROD_Analytics_01 via Python
2025-12-18 09:31:42,192 - src.logic - DEBUG - CVE CVE-2025-1002 afeta PROD_Analytics_02 via Python
2025-12-18 09:31:42,192 - src.logic - DEBUG - Prioridade CVE-2025-1002: EPSS=5.89*0.5 + Crit=5.00*0.3 + Sev=2.00*0.2 = 4.85
2025-12-18 09:31:42,192 - src.logic - DEBUG - Prioridade CVE-2025-1002: EPSS=5.89*0.5 + Crit=5.00*0.3 + Sev=2.00*0.2 = 4.85
2025-12-18 09:31:42,192 - src.logic - DEBUG - Prioridade CVE-2025-1002: EPSS=5.89*0.5 + Crit=5.00*0.3 + Sev=2.00*0.2 = 4.85
2025-12-18 09:31:42,192 - src.logic - DEBUG - Prioridade CVE-2025-1002: EPSS=5.89*0.5 + Crit=5.00*0.3 + Sev=2.00*0.2 = 4.85
2025-12-18 09:31:42,192 - src.logic - DEBUG - Prioridade CVE-2025-1002: EPSS=5.89*0.5 + Crit=5.00*0.3 + Sev=2.00*0.2 = 4.85
2025-12-18 09:31:42,192 - src.logic - DEBUG - Prioridade CVE-2025-1002: EPSS=5.89*0.5 + Crit=5.00*0.3 + Sev=2.00*0.2 = 4.85
2025-12-18 09:31:42,192 - src.logic - DEBUG - CVE CVE-2025-1003 afeta DEV_Security_01 via CrowdStrike Falcon
2025-12-18 09:31:42,192 - src.logic - DEBUG - CVE CVE-2025-1003 afeta TEST_Security_01 via CrowdStrike Falcon
2025-12-18 09:31:42,192 - src.logic - DEBUG - CVE CVE-2025-1003 afeta PROD_Security_01 via CrowdStrike Falcon
2025-12-18 09:31:42,192 - src.logic - DEBUG - Prioridade CVE-2025-1003: EPSS=2.24*0.5 + Crit=9.00*0.3 + Sev=2.00*0.2 = 4.22
2025-12-18 09:31:42,193 - src.logic - DEBUG - Prioridade CVE-2025-1003: EPSS=2.24*0.5 + Crit=9.00*0.3 + Sev=2.00*0.2 = 4.22
2025-12-18 09:31:42,193 - src.logic - DEBUG - Prioridade CVE-2025-1003: EPSS=2.24*0.5 + Crit=9.00*0.3 + Sev=2.00*0.2 = 4.22
2025-12-18 09:31:42,193 - src.logic - DEBUG - CVE CVE-2025-1004 afeta DEV_Monitoring_01 via Prometheus
2025-12-18 09:31:42,193 - src.logic - DEBUG - CVE CVE-2025-1004 afeta TEST_Monitoring_01 via Prometheus
2025-12-18 09:31:42,193 - src.logic - DEBUG - CVE CVE-2025-1004 afeta PROD_Monitoring_01 via Prometheus
2025-12-18 09:31:42,193 - src.logic - DEBUG - Prioridade CVE-2025-1004: EPSS=7.12*0.5 + Crit=6.00*0.3 + Sev=5.00*0.2 = 6.36
2025-12-18 09:31:42,193 - src.logic - DEBUG - Prioridade CVE-2025-1004: EPSS=7.12*0.5 + Crit=6.00*0.3 + Sev=5.00*0.2 = 6.36
2025-12-18 09:31:42,193 - src.logic - DEBUG - Prioridade CVE-2025-1004: EPSS=7.12*0.5 + Crit=6.00*0.3 + Sev=5.00*0.2 = 6.36
2025-12-18 09:31:42,193 - src.logic - DEBUG - CVE CVE-2025-1005 afeta DEV_ERP_01 via Apache Tomcat
2025-12-18 09:31:42,193 - src.logic - DEBUG - CVE CVE-2025-1005 afeta DEV_ERP_02 via Apache Tomcat
2025-12-18 09:31:42,193 - src.logic - DEBUG - CVE CVE-2025-1005 afeta TEST_ERP_01 via Apache Tomcat
2025-12-18 09:31:42,193 - src.logic - DEBUG - CVE CVE-2025-1005 afeta TEST_ERP_02 via Apache Tomcat
2025-12-18 09:31:42,193 - src.logic - DEBUG - CVE CVE-2025-1005 afeta PROD_ERP_01 via Apache Tomcat
2025-12-18 09:31:42,194 - src.logic - DEBUG - CVE CVE-2025-1005 afeta PROD_ERP_02 via Apache Tomcat
2025-12-18 09:31:42,194 - src.logic - DEBUG - Prioridade CVE-2025-1005: EPSS=5.87*0.5 + Crit=7.00*0.3 + Sev=10.00*0.2 = 7.04
2025-12-18 09:31:42,194 - src.logic - DEBUG - Prioridade CVE-2025-1005: EPSS=5.87*0.5 + Crit=7.00*0.3 + Sev=10.00*0.2 = 7.04
2025-12-18 09:31:42,194 - src.logic - DEBUG - Prioridade CVE-2025-1005: EPSS=5.87*0.5 + Crit=7.00*0.3 + Sev=10.00*0.2 = 7.04
2025-12-18 09:31:42,194 - src.logic - DEBUG - Prioridade CVE-2025-1005: EPSS=5.87*0.5 + Crit=7.00*0.3 + Sev=10.00*0.2 = 7.04
2025-12-18 09:31:42,194 - src.logic - DEBUG - Prioridade CVE-2025-1005: EPSS=5.87*0.5 + Crit=7.00*0.3 + Sev=10.00*0.2 = 7.04
2025-12-18 09:31:42,194 - src.logic - DEBUG - Prioridade CVE-2025-1005: EPSS=5.87*0.5 + Crit=7.00*0.3 + Sev=10.00*0.2 = 7.04
2025-12-18 09:31:42,194 - src.logic - DEBUG - CVE CVE-2025-1006 afeta DEV_FileServices_01 via SharePoint
2025-12-18 09:31:42,194 - src.logic - DEBUG - CVE CVE-2025-1006 afeta DEV_FileServices_02 via SharePoint
2025-12-18 09:31:42,194 - src.logic - DEBUG - CVE CVE-2025-1006 afeta TEST_FileServices_01 via SharePoint
2025-12-18 09:31:42,194 - src.logic - DEBUG - CVE CVE-2025-1006 afeta TEST_FileServices_02 via SharePoint
2025-12-18 09:31:42,194 - src.logic - DEBUG - CVE CVE-2025-1006 afeta PROD_FileServices_01 via SharePoint
2025-12-18 09:31:42,194 - src.logic - DEBUG - CVE CVE-2025-1006 afeta PROD_FileServices_02 via SharePoint
2025-12-18 09:31:42,194 - src.logic - DEBUG - Prioridade CVE-2025-1006: EPSS=6.94*0.5 + Crit=7.00*0.3 + Sev=5.00*0.2 = 6.57
2025-12-18 09:31:42,194 - src.logic - DEBUG - Prioridade CVE-2025-1006: EPSS=6.94*0.5 + Crit=7.00*0.3 + Sev=5.00*0.2 = 6.57
2025-12-18 09:31:42,195 - src.logic - DEBUG - Prioridade CVE-2025-1006: EPSS=6.94*0.5 + Crit=7.00*0.3 + Sev=5.00*0.2 = 6.57
2025-12-18 09:31:42,195 - src.logic - DEBUG - Prioridade CVE-2025-1006: EPSS=6.94*0.5 + Crit=7.00*0.3 + Sev=5.00*0.2 = 6.57
2025-12-18 09:31:42,195 - src.logic - DEBUG - Prioridade CVE-2025-1006: EPSS=6.94*0.5 + Crit=7.00*0.3 + Sev=5.00*0.2 = 6.57
2025-12-18 09:31:42,195 - src.logic - DEBUG - Prioridade CVE-2025-1006: EPSS=6.94*0.5 + Crit=7.00*0.3 + Sev=5.00*0.2 = 6.57
2025-12-18 09:31:42,195 - src.logic - DEBUG - CVE CVE-2025-1007 afeta DEV_WebPortal_01 via ASP.NET Core
2025-12-18 09:31:42,195 - src.logic - DEBUG - CVE CVE-2025-1007 afeta TEST_WebPortal_01 via ASP.NET Core
2025-12-18 09:31:42,195 - src.logic - DEBUG - CVE CVE-2025-1007 afeta PROD_WebPortal_01 via ASP.NET Core
2025-12-18 09:31:42,195 - src.logic - DEBUG - Prioridade CVE-2025-1007: EPSS=2.21*0.5 + Crit=7.00*0.3 + Sev=5.00*0.2 = 4.21
2025-12-18 09:31:42,195 - src.logic - DEBUG - Prioridade CVE-2025-1007: EPSS=2.21*0.5 + Crit=7.00*0.3 + Sev=5.00*0.2 = 4.21
2025-12-18 09:31:42,195 - src.logic - DEBUG - Prioridade CVE-2025-1007: EPSS=2.21*0.5 + Crit=7.00*0.3 + Sev=5.00*0.2 = 4.21
2025-12-18 09:31:42,195 - src.logic - DEBUG - CVE CVE-2025-1008 afeta DEV_Security_01 via Active Directory
2025-12-18 09:31:42,195 - src.logic - DEBUG - CVE CVE-2025-1008 afeta DEV_Security_02 via Active Directory
2025-12-18 09:31:42,195 - src.logic - DEBUG - CVE CVE-2025-1008 afeta TEST_Security_01 via Active Directory
2025-12-18 09:31:42,195 - src.logic - DEBUG - CVE CVE-2025-1008 afeta TEST_Security_02 via Active Directory
2025-12-18 09:31:42,195 - src.logic - DEBUG - CVE CVE-2025-1008 afeta PROD_Security_01 via Active Directory
2025-12-18 09:31:42,196 - src.logic - DEBUG - CVE CVE-2025-1008 afeta PROD_Security_02 via Active Directory
2025-12-18 09:31:42,196 - src.logic - DEBUG - Prioridade CVE-2025-1008: EPSS=3.82*0.5 + Crit=10.00*0.3 + Sev=2.00*0.2 = 5.31
2025-12-18 09:31:42,196 - src.logic - DEBUG - Prioridade CVE-2025-1008: EPSS=3.82*0.5 + Crit=10.00*0.3 + Sev=2.00*0.2 = 5.31
2025-12-18 09:31:42,196 - src.logic - DEBUG - Prioridade CVE-2025-1008: EPSS=3.82*0.5 + Crit=10.00*0.3 + Sev=2.00*0.2 = 5.31
2025-12-18 09:31:42,196 - src.logic - DEBUG - Prioridade CVE-2025-1008: EPSS=3.82*0.5 + Crit=10.00*0.3 + Sev=2.00*0.2 = 5.31
2025-12-18 09:31:42,196 - src.logic - DEBUG - Prioridade CVE-2025-1008: EPSS=3.82*0.5 + Crit=10.00*0.3 + Sev=2.00*0.2 = 5.31
2025-12-18 09:31:42,196 - src.logic - DEBUG - Prioridade CVE-2025-1008: EPSS=3.82*0.5 + Crit=10.00*0.3 + Sev=2.00*0.2 = 5.31
2025-12-18 09:31:42,196 - src.logic - DEBUG - CVE CVE-2025-1009 afeta DEV_ERP_01 via MySQL Server
2025-12-18 09:31:42,196 - src.logic - DEBUG - CVE CVE-2025-1009 afeta DEV_ERP_02 via MySQL Server
2025-12-18 09:31:42,196 - src.logic - DEBUG - CVE CVE-2025-1009 afeta DEV_Database_02 via MySQL Server
2025-12-18 09:31:42,196 - src.logic - DEBUG - CVE CVE-2025-1009 afeta TEST_ERP_01 via MySQL Server
2025-12-18 09:31:42,196 - src.logic - DEBUG - CVE CVE-2025-1009 afeta TEST_ERP_02 via MySQL Server
2025-12-18 09:31:42,196 - src.logic - DEBUG - CVE CVE-2025-1009 afeta TEST_Database_02 via MySQL Server
2025-12-18 09:31:42,196 - src.logic - DEBUG - CVE CVE-2025-1009 afeta PROD_ERP_01 via MySQL Server
2025-12-18 09:31:42,196 - src.logic - DEBUG - CVE CVE-2025-1009 afeta PROD_ERP_02 via MySQL Server
2025-12-18 09:31:42,197 - src.logic - DEBUG - CVE CVE-2025-1009 afeta PROD_Database_02 via MySQL Server
2025-12-18 09:31:42,197 - src.logic - DEBUG - Prioridade CVE-2025-1009: EPSS=8.01*0.5 + Crit=9.00*0.3 + Sev=8.00*0.2 = 8.30
2025-12-18 09:31:42,197 - src.logic - DEBUG - Prioridade CVE-2025-1009: EPSS=8.01*0.5 + Crit=9.00*0.3 + Sev=8.00*0.2 = 8.30
2025-12-18 09:31:42,197 - src.logic - DEBUG - Prioridade CVE-2025-1009: EPSS=8.01*0.5 + Crit=9.00*0.3 + Sev=8.00*0.2 = 8.30
2025-12-18 09:31:42,197 - src.logic - DEBUG - Prioridade CVE-2025-1009: EPSS=8.01*0.5 + Crit=9.00*0.3 + Sev=8.00*0.2 = 8.30
2025-12-18 09:31:42,197 - src.logic - DEBUG - Prioridade CVE-2025-1009: EPSS=8.01*0.5 + Crit=9.00*0.3 + Sev=8.00*0.2 = 8.30
2025-12-18 09:31:42,197 - src.logic - DEBUG - Prioridade CVE-2025-1009: EPSS=8.01*0.5 + Crit=9.00*0.3 + Sev=8.00*0.2 = 8.30
2025-12-18 09:31:42,197 - src.logic - DEBUG - Prioridade CVE-2025-1009: EPSS=8.01*0.5 + Crit=9.00*0.3 + Sev=8.00*0.2 = 8.30
2025-12-18 09:31:42,197 - src.logic - DEBUG - Prioridade CVE-2025-1009: EPSS=8.01*0.5 + Crit=9.00*0.3 + Sev=8.00*0.2 = 8.30
2025-12-18 09:31:42,197 - src.logic - DEBUG - Prioridade CVE-2025-1009: EPSS=8.01*0.5 + Crit=9.00*0.3 + Sev=8.00*0.2 = 8.30
2025-12-18 09:31:42,197 - src.logic - DEBUG - CVE CVE-2025-1010 afeta DEV_Security_01 via Active Directory
2025-12-18 09:31:42,197 - src.logic - DEBUG - CVE CVE-2025-1010 afeta DEV_Security_02 via Active Directory
2025-12-18 09:31:42,197 - src.logic - DEBUG - CVE CVE-2025-1010 afeta TEST_Security_01 via Active Directory
2025-12-18 09:31:42,197 - src.logic - DEBUG - CVE CVE-2025-1010 afeta TEST_Security_02 via Active Directory
2025-12-18 09:31:42,197 - src.logic - DEBUG - CVE CVE-2025-1010 afeta PROD_Security_01 via Active Directory
2025-12-18 09:31:42,198 - src.logic - DEBUG - CVE CVE-2025-1010 afeta PROD_Security_02 via Active Directory
2025-12-18 09:31:42,198 - src.logic - DEBUG - Prioridade CVE-2025-1010: EPSS=0.87*0.5 + Crit=10.00*0.3 + Sev=10.00*0.2 = 5.44
2025-12-18 09:31:42,198 - src.logic - DEBUG - Prioridade CVE-2025-1010: EPSS=0.87*0.5 + Crit=10.00*0.3 + Sev=10.00*0.2 = 5.44
2025-12-18 09:31:42,198 - src.logic - DEBUG - Prioridade CVE-2025-1010: EPSS=0.87*0.5 + Crit=10.00*0.3 + Sev=10.00*0.2 = 5.44
2025-12-18 09:31:42,198 - src.logic - DEBUG - Prioridade CVE-2025-1010: EPSS=0.87*0.5 + Crit=10.00*0.3 + Sev=10.00*0.2 = 5.44
2025-12-18 09:31:42,198 - src.logic - DEBUG - Prioridade CVE-2025-1010: EPSS=0.87*0.5 + Crit=10.00*0.3 + Sev=10.00*0.2 = 5.44
2025-12-18 09:31:42,198 - src.logic - DEBUG - Prioridade CVE-2025-1010: EPSS=0.87*0.5 + Crit=10.00*0.3 + Sev=10.00*0.2 = 5.44
2025-12-18 09:31:42,198 - src.logic - DEBUG - CVE CVE-2025-1011 afeta DEV_Integration_02 via RabbitMQ
2025-12-18 09:31:42,198 - src.logic - DEBUG - CVE CVE-2025-1011 afeta TEST_Integration_02 via RabbitMQ
2025-12-18 09:31:42,198 - src.logic - DEBUG - CVE CVE-2025-1011 afeta PROD_Integration_02 via RabbitMQ
2025-12-18 09:31:42,198 - src.logic - DEBUG - Prioridade CVE-2025-1011: EPSS=5.76*0.5 + Crit=7.00*0.3 + Sev=8.00*0.2 = 6.58
2025-12-18 09:31:42,198 - src.logic - DEBUG - Prioridade CVE-2025-1011: EPSS=5.76*0.5 + Crit=7.00*0.3 + Sev=8.00*0.2 = 6.58
2025-12-18 09:31:42,198 - src.logic - DEBUG - Prioridade CVE-2025-1011: EPSS=5.76*0.5 + Crit=7.00*0.3 + Sev=8.00*0.2 = 6.58
2025-12-18 09:31:42,198 - src.logic - DEBUG - CVE CVE-2025-1012 afeta DEV_Analytics_01 via Python
2025-12-18 09:31:42,199 - src.logic - DEBUG - CVE CVE-2025-1012 afeta DEV_Analytics_02 via Python
2025-12-18 09:31:42,199 - src.logic - DEBUG - CVE CVE-2025-1012 afeta TEST_Analytics_01 via Python
2025-12-18 09:31:42,199 - src.logic - DEBUG - CVE CVE-2025-1012 afeta TEST_Analytics_02 via Python
2025-12-18 09:31:42,199 - src.logic - DEBUG - CVE CVE-2025-1012 afeta PROD_Analytics_01 via Python
2025-12-18 09:31:42,199 - src.logic - DEBUG - CVE CVE-2025-1012 afeta PROD_Analytics_02 via Python
2025-12-18 09:31:42,199 - src.logic - DEBUG - Prioridade CVE-2025-1012: EPSS=7.68*0.5 + Crit=5.00*0.3 + Sev=5.00*0.2 = 6.34
2025-12-18 09:31:42,199 - src.logic - DEBUG - Prioridade CVE-2025-1012: EPSS=7.68*0.5 + Crit=5.00*0.3 + Sev=5.00*0.2 = 6.34
2025-12-18 09:31:42,199 - src.logic - DEBUG - Prioridade CVE-2025-1012: EPSS=7.68*0.5 + Crit=5.00*0.3 + Sev=5.00*0.2 = 6.34
2025-12-18 09:31:42,199 - src.logic - DEBUG - Prioridade CVE-2025-1012: EPSS=7.68*0.5 + Crit=5.00*0.3 + Sev=5.00*0.2 = 6.34
2025-12-18 09:31:42,199 - src.logic - DEBUG - Prioridade CVE-2025-1012: EPSS=7.68*0.5 + Crit=5.00*0.3 + Sev=5.00*0.2 = 6.34
2025-12-18 09:31:42,199 - src.logic - DEBUG - Prioridade CVE-2025-1012: EPSS=7.68*0.5 + Crit=5.00*0.3 + Sev=5.00*0.2 = 6.34
2025-12-18 09:31:42,199 - src.logic - DEBUG - CVE CVE-2025-1013 afeta DEV_ERP_01 via Apache Tomcat
2025-12-18 09:31:42,200 - src.logic - DEBUG - CVE CVE-2025-1013 afeta DEV_ERP_02 via Apache Tomcat
2025-12-18 09:31:42,200 - src.logic - DEBUG - CVE CVE-2025-1013 afeta TEST_ERP_01 via Apache Tomcat
2025-12-18 09:31:42,200 - src.logic - DEBUG - CVE CVE-2025-1013 afeta TEST_ERP_02 via Apache Tomcat
2025-12-18 09:31:42,200 - src.logic - DEBUG - CVE CVE-2025-1013 afeta PROD_ERP_01 via Apache Tomcat
2025-12-18 09:31:42,200 - src.logic - DEBUG - CVE CVE-2025-1013 afeta PROD_ERP_02 via Apache Tomcat
2025-12-18 09:31:42,201 - src.logic - DEBUG - Prioridade CVE-2025-1013: EPSS=3.83*0.5 + Crit=7.00*0.3 + Sev=2.00*0.2 = 4.42
2025-12-18 09:31:42,201 - src.logic - DEBUG - Prioridade CVE-2025-1013: EPSS=3.83*0.5 + Crit=7.00*0.3 + Sev=2.00*0.2 = 4.42
2025-12-18 09:31:42,201 - src.logic - DEBUG - Prioridade CVE-2025-1013: EPSS=3.83*0.5 + Crit=7.00*0.3 + Sev=2.00*0.2 = 4.42
2025-12-18 09:31:42,201 - src.logic - DEBUG - Prioridade CVE-2025-1013: EPSS=3.83*0.5 + Crit=7.00*0.3 + Sev=2.00*0.2 = 4.42
2025-12-18 09:31:42,202 - src.logic - DEBUG - Prioridade CVE-2025-1013: EPSS=3.83*0.5 + Crit=7.00*0.3 + Sev=2.00*0.2 = 4.42
2025-12-18 09:31:42,202 - src.logic - DEBUG - Prioridade CVE-2025-1013: EPSS=3.83*0.5 + Crit=7.00*0.3 + Sev=2.00*0.2 = 4.42
2025-12-18 09:31:42,202 - src.logic - DEBUG - CVE CVE-2025-1014 afeta DEV_Integration_02 via Nginx
2025-12-18 09:31:42,202 - src.logic - DEBUG - CVE CVE-2025-1014 afeta TEST_Integration_02 via Nginx
2025-12-18 09:31:42,202 - src.logic - DEBUG - CVE CVE-2025-1014 afeta PROD_Integration_02 via Nginx
2025-12-18 09:31:42,202 - src.logic - DEBUG - Prioridade CVE-2025-1014: EPSS=1.69*0.5 + Crit=6.00*0.3 + Sev=8.00*0.2 = 4.25
2025-12-18 09:31:42,202 - src.logic - DEBUG - Prioridade CVE-2025-1014: EPSS=1.69*0.5 + Crit=6.00*0.3 + Sev=8.00*0.2 = 4.25
2025-12-18 09:31:42,203 - src.logic - DEBUG - Prioridade CVE-2025-1014: EPSS=1.69*0.5 + Crit=6.00*0.3 + Sev=8.00*0.2 = 4.25
2025-12-18 09:31:42,203 - src.logic - DEBUG - CVE CVE-2025-1015 afeta DEV_Analytics_01 via Python
2025-12-18 09:31:42,203 - src.logic - DEBUG - CVE CVE-2025-1015 afeta DEV_Analytics_02 via Python
2025-12-18 09:31:42,203 - src.logic - DEBUG - CVE CVE-2025-1015 afeta TEST_Analytics_01 via Python
2025-12-18 09:31:42,203 - src.logic - DEBUG - CVE CVE-2025-1015 afeta TEST_Analytics_02 via Python
2025-12-18 09:31:42,203 - src.logic - DEBUG - CVE CVE-2025-1015 afeta PROD_Analytics_01 via Python
2025-12-18 09:31:42,203 - src.logic - DEBUG - CVE CVE-2025-1015 afeta PROD_Analytics_02 via Python
2025-12-18 09:31:42,203 - src.logic - DEBUG - Prioridade CVE-2025-1015: EPSS=6.98*0.5 + Crit=5.00*0.3 + Sev=8.00*0.2 = 6.59
2025-12-18 09:31:42,203 - src.logic - DEBUG - Prioridade CVE-2025-1015: EPSS=6.98*0.5 + Crit=5.00*0.3 + Sev=8.00*0.2 = 6.59
2025-12-18 09:31:42,204 - src.logic - DEBUG - Prioridade CVE-2025-1015: EPSS=6.98*0.5 + Crit=5.00*0.3 + Sev=8.00*0.2 = 6.59
2025-12-18 09:31:42,204 - src.logic - DEBUG - Prioridade CVE-2025-1015: EPSS=6.98*0.5 + Crit=5.00*0.3 + Sev=8.00*0.2 = 6.59
2025-12-18 09:31:42,204 - src.logic - DEBUG - Prioridade CVE-2025-1015: EPSS=6.98*0.5 + Crit=5.00*0.3 + Sev=8.00*0.2 = 6.59
2025-12-18 09:31:42,204 - src.logic - DEBUG - Prioridade CVE-2025-1015: EPSS=6.98*0.5 + Crit=5.00*0.3 + Sev=8.00*0.2 = 6.59
2025-12-18 09:31:42,204 - src.logic - DEBUG - CVE CVE-2025-1016 afeta DEV_Integration_02 via Nginx
2025-12-18 09:31:42,204 - src.logic - DEBUG - CVE CVE-2025-1016 afeta TEST_Integration_02 via Nginx
2025-12-18 09:31:42,204 - src.logic - DEBUG - CVE CVE-2025-1016 afeta PROD_Integration_02 via Nginx
2025-12-18 09:31:42,205 - src.logic - DEBUG - Prioridade CVE-2025-1016: EPSS=5.33*0.5 + Crit=6.00*0.3 + Sev=5.00*0.2 = 5.46
2025-12-18 09:31:42,205 - src.logic - DEBUG - Prioridade CVE-2025-1016: EPSS=5.33*0.5 + Crit=6.00*0.3 + Sev=5.00*0.2 = 5.46
2025-12-18 09:31:42,205 - src.logic - DEBUG - Prioridade CVE-2025-1016: EPSS=5.33*0.5 + Crit=6.00*0.3 + Sev=5.00*0.2 = 5.46
2025-12-18 09:31:42,205 - src.logic - DEBUG - CVE CVE-2025-1017 afeta DEV_Security_02 via Zabbix
2025-12-18 09:31:42,205 - src.logic - DEBUG - CVE CVE-2025-1017 afeta DEV_Monitoring_02 via Zabbix
2025-12-18 09:31:42,205 - src.logic - DEBUG - CVE CVE-2025-1017 afeta TEST_Security_02 via Zabbix
2025-12-18 09:31:42,205 - src.logic - DEBUG - CVE CVE-2025-1017 afeta TEST_Monitoring_02 via Zabbix
2025-12-18 09:31:42,206 - src.logic - DEBUG - CVE CVE-2025-1017 afeta PROD_Security_02 via Zabbix
2025-12-18 09:31:42,206 - src.logic - DEBUG - CVE CVE-2025-1017 afeta PROD_Monitoring_02 via Zabbix
2025-12-18 09:31:42,206 - src.logic - DEBUG - Prioridade CVE-2025-1017: EPSS=3.82*0.5 + Crit=6.00*0.3 + Sev=10.00*0.2 = 5.71
2025-12-18 09:31:42,206 - src.logic - DEBUG - Prioridade CVE-2025-1017: EPSS=3.82*0.5 + Crit=6.00*0.3 + Sev=10.00*0.2 = 5.71
2025-12-18 09:31:42,206 - src.logic - DEBUG - Prioridade CVE-2025-1017: EPSS=3.82*0.5 + Crit=6.00*0.3 + Sev=10.00*0.2 = 5.71
2025-12-18 09:31:42,206 - src.logic - DEBUG - Prioridade CVE-2025-1017: EPSS=3.82*0.5 + Crit=6.00*0.3 + Sev=10.00*0.2 = 5.71
2025-12-18 09:31:42,206 - src.logic - DEBUG - Prioridade CVE-2025-1017: EPSS=3.82*0.5 + Crit=6.00*0.3 + Sev=10.00*0.2 = 5.71
2025-12-18 09:31:42,207 - src.logic - DEBUG - Prioridade CVE-2025-1017: EPSS=3.82*0.5 + Crit=6.00*0.3 + Sev=10.00*0.2 = 5.71
2025-12-18 09:31:42,207 - src.logic - DEBUG - CVE CVE-2025-1018 afeta DEV_Database_02 via PostgreSQL
2025-12-18 09:31:42,207 - src.logic - DEBUG - CVE CVE-2025-1018 afeta DEV_Monitoring_02 via PostgreSQL
2025-12-18 09:31:42,207 - src.logic - DEBUG - CVE CVE-2025-1018 afeta TEST_Database_02 via PostgreSQL
2025-12-18 09:31:42,207 - src.logic - DEBUG - CVE CVE-2025-1018 afeta TEST_Monitoring_02 via PostgreSQL
2025-12-18 09:31:42,207 - src.logic - DEBUG - CVE CVE-2025-1018 afeta PROD_Database_02 via PostgreSQL
2025-12-18 09:31:42,207 - src.logic - DEBUG - CVE CVE-2025-1018 afeta PROD_Monitoring_02 via PostgreSQL
2025-12-18 09:31:42,207 - src.logic - DEBUG - Prioridade CVE-2025-1018: EPSS=6.81*0.5 + Crit=9.00*0.3 + Sev=5.00*0.2 = 7.11
2025-12-18 09:31:42,208 - src.logic - DEBUG - Prioridade CVE-2025-1018: EPSS=6.81*0.5 + Crit=9.00*0.3 + Sev=5.00*0.2 = 7.11
2025-12-18 09:31:42,208 - src.logic - DEBUG - Prioridade CVE-2025-1018: EPSS=6.81*0.5 + Crit=9.00*0.3 + Sev=5.00*0.2 = 7.11
2025-12-18 09:31:42,208 - src.logic - DEBUG - Prioridade CVE-2025-1018: EPSS=6.81*0.5 + Crit=9.00*0.3 + Sev=5.00*0.2 = 7.11
2025-12-18 09:31:42,208 - src.logic - DEBUG - Prioridade CVE-2025-1018: EPSS=6.81*0.5 + Crit=9.00*0.3 + Sev=5.00*0.2 = 7.11
2025-12-18 09:31:42,208 - src.logic - DEBUG - Prioridade CVE-2025-1018: EPSS=6.81*0.5 + Crit=9.00*0.3 + Sev=5.00*0.2 = 7.11
2025-12-18 09:31:42,208 - src.logic - DEBUG - CVE CVE-2025-1019 afeta DEV_ERP_01 via Apache Tomcat
2025-12-18 09:31:42,208 - src.logic - DEBUG - CVE CVE-2025-1019 afeta DEV_ERP_02 via Apache Tomcat
2025-12-18 09:31:42,208 - src.logic - DEBUG - CVE CVE-2025-1019 afeta TEST_ERP_01 via Apache Tomcat
2025-12-18 09:31:42,208 - src.logic - DEBUG - CVE CVE-2025-1019 afeta TEST_ERP_02 via Apache Tomcat
2025-12-18 09:31:42,209 - src.logic - DEBUG - CVE CVE-2025-1019 afeta PROD_ERP_01 via Apache Tomcat
2025-12-18 09:31:42,209 - src.logic - DEBUG - CVE CVE-2025-1019 afeta PROD_ERP_02 via Apache Tomcat
2025-12-18 09:31:42,209 - src.logic - DEBUG - Prioridade CVE-2025-1019: EPSS=7.99*0.5 + Crit=7.00*0.3 + Sev=2.00*0.2 = 6.50
2025-12-18 09:31:42,209 - src.logic - DEBUG - Prioridade CVE-2025-1019: EPSS=7.99*0.5 + Crit=7.00*0.3 + Sev=2.00*0.2 = 6.50
2025-12-18 09:31:42,209 - src.logic - DEBUG - Prioridade CVE-2025-1019: EPSS=7.99*0.5 + Crit=7.00*0.3 + Sev=2.00*0.2 = 6.50
2025-12-18 09:31:42,209 - src.logic - DEBUG - Prioridade CVE-2025-1019: EPSS=7.99*0.5 + Crit=7.00*0.3 + Sev=2.00*0.2 = 6.50
2025-12-18 09:31:42,209 - src.logic - DEBUG - Prioridade CVE-2025-1019: EPSS=7.99*0.5 + Crit=7.00*0.3 + Sev=2.00*0.2 = 6.50
2025-12-18 09:31:42,209 - src.logic - DEBUG - Prioridade CVE-2025-1019: EPSS=7.99*0.5 + Crit=7.00*0.3 + Sev=2.00*0.2 = 6.50
2025-12-18 09:31:42,210 - __main__ - INFO - Tarefas válidas: 102, Descartadas (RTO): 0
2025-12-18 09:31:42,210 - src.dependency_manager - INFO - DependencyManager inicializado com 10 grupos de dependência
2025-12-18 09:31:42,210 - src.dependency_manager - DEBUG -   GRP_WebPortal: DEV=2, TEST=2, PROD=2
2025-12-18 09:31:42,210 - src.dependency_manager - DEBUG -   GRP_ERP: DEV=2, TEST=2, PROD=2
2025-12-18 09:31:42,210 - src.dependency_manager - DEBUG -   GRP_Analytics: DEV=2, TEST=2, PROD=2
2025-12-18 09:31:42,210 - src.dependency_manager - DEBUG -   GRP_Email: DEV=2, TEST=2, PROD=2
2025-12-18 09:31:42,210 - src.dependency_manager - DEBUG -   GRP_FileServices: DEV=2, TEST=2, PROD=2
2025-12-18 09:31:42,210 - src.dependency_manager - DEBUG -   GRP_CRM: DEV=2, TEST=2, PROD=2
2025-12-18 09:31:42,210 - src.dependency_manager - DEBUG -   GRP_Database: DEV=2, TEST=2, PROD=2
2025-12-18 09:31:42,210 - src.dependency_manager - DEBUG -   GRP_Security: DEV=2, TEST=2, PROD=2
2025-12-18 09:31:42,210 - src.dependency_manager - DEBUG -   GRP_Integration: DEV=2, TEST=2, PROD=2
2025-12-18 09:31:42,210 - src.dependency_manager - DEBUG -   GRP_Monitoring: DEV=2, TEST=2, PROD=2
2025-12-18 09:31:42,211 - __main__ - INFO - A executar agendamento...
2025-12-18 09:31:42,211 - __main__ - INFO - Horizonte de planeamento: 7 dias (1 semanas)
2025-12-18 09:31:42,211 - src.planner - INFO - Horizonte de planeamento: 1 semanas (168 horas)
2025-12-18 09:31:42,211 - __main__ - ERROR - Erro durante execução: 'AvailabilityManager' object has no attribute 'is_worker_available_on_day'
Traceback (most recent call last):
  File "/Users/aricardoferraz/Documents/Challenge-2/Challenge2/PLNTDIA/main.py", line 652, in main
    schedule, metrics = create_schedule_with_metrics(
                        ~~~~~~~~~~~~~~~~~~~~~~~~~~~~^
        tasks_to_plan,
        ^^^^^^^^^^^^^^
    ...<2 lines>...
        availability_manager=availability_manager
        ^^^^^^^^^^^^^^^^^^^^^^^^^^^^^^^^^^^^^^^^^
    )
    ^
  File "/Users/aricardoferraz/Documents/Challenge-2/Challenge2/PLNTDIA/src/planner.py", line 330, in create_schedule_with_metrics
    result = _try_schedule_single_task(
        cve, server, software, workers, tracker, max_daily_hours,
        availability_manager=availability_manager,
        planning_weeks=planning_weeks
    )
  File "/Users/aricardoferraz/Documents/Challenge-2/Challenge2/PLNTDIA/src/planner.py", line 230, in _try_schedule_single_task
    if not availability_manager.is_worker_available_on_day(w.id, planning_day):
           ^^^^^^^^^^^^^^^^^^^^^^^^^^^^^^^^^^^^^^^^^^^^^^^
AttributeError: 'AvailabilityManager' object has no attribute 'is_worker_available_on_day'. Did you mean: 'is_worker_available'?
2025-12-18 09:31:51,820 - __main__ - INFO - === PLNTDIA - Início da Execução ===
2025-12-18 09:31:51,821 - __main__ - INFO - Período de planeamento: 2025-12-18 a 2025-12-24 (1 semana)
2025-12-18 09:31:51,825 - src.availability - INFO - Carregadas 8 ausências de csv/team_vacations.csv
2025-12-18 09:31:51,825 - __main__ - INFO - Carregadas 8 ausências de csv/team_vacations.csv
2025-12-18 09:31:51,826 - __main__ - INFO - A carregar dados dos ficheiros CSV...
2025-12-18 09:31:51,826 - src.repository - INFO - Carregados 60 servidores de /Users/aricardoferraz/Documents/Challenge-2/Challenge2/PLNTDIA/csv/servers.csv
2025-12-18 09:31:51,828 - src.repository - INFO - Carregadas janelas de manutenção de /Users/aricardoferraz/Documents/Challenge-2/Challenge2/PLNTDIA/csv/server_windows.csv
2025-12-18 09:31:51,834 - src.repository - INFO - Carregado software de /Users/aricardoferraz/Documents/Challenge-2/Challenge2/PLNTDIA/csv/server_applications.csv
2025-12-18 09:31:51,835 - src.repository - INFO - Carregados 10 técnicos de /Users/aricardoferraz/Documents/Challenge-2/Challenge2/PLNTDIA/csv/team.csv
2025-12-18 09:31:51,835 - __main__ - INFO - Carregados: 60 servidores, 10 técnicos
2025-12-18 09:31:51,835 - __main__ - INFO - A gerar 20 CVEs sintéticos para a infraestrutura...
2025-12-18 09:31:51,835 - src.repository - INFO - Geradas 20 CVEs para a infraestrutura
2025-12-18 09:31:51,835 - __main__ - INFO - Worker Tech_01 tem 3 dias de ausência no período
2025-12-18 09:31:51,835 - __main__ - INFO - Worker Tech_02 tem 5 dias de ausência no período
2025-12-18 09:31:51,835 - __main__ - INFO - Worker Tech_05 tem 2 dias de ausência no período
2025-12-18 09:31:51,835 - __main__ - INFO - Worker Tech_08 tem 3 dias de ausência no período
2025-12-18 09:31:51,835 - __main__ - INFO - Worker Tech_09 tem 8 dias de ausência no período
2025-12-18 09:31:51,836 - __main__ - INFO - Workers com ausências no período: Tech_01, Tech_02, Tech_09, Tech_08, Tech_05
2025-12-18 09:31:51,836 - __main__ - INFO - A calcular prioridades e verificar RTO...
2025-12-18 09:31:51,836 - src.logic - DEBUG - CVE CVE-2025-1000 afeta DEV_CRM_01 via Dynamics 365
2025-12-18 09:31:51,836 - src.logic - DEBUG - CVE CVE-2025-1000 afeta DEV_CRM_02 via Dynamics 365
2025-12-18 09:31:51,836 - src.logic - DEBUG - CVE CVE-2025-1000 afeta TEST_CRM_01 via Dynamics 365
2025-12-18 09:31:51,836 - src.logic - DEBUG - CVE CVE-2025-1000 afeta TEST_CRM_02 via Dynamics 365
2025-12-18 09:31:51,836 - src.logic - DEBUG - CVE CVE-2025-1000 afeta PROD_CRM_01 via Dynamics 365
2025-12-18 09:31:51,836 - src.logic - DEBUG - CVE CVE-2025-1000 afeta PROD_CRM_02 via Dynamics 365
2025-12-18 09:31:51,836 - src.logic - DEBUG - Prioridade CVE-2025-1000: EPSS=0.35*0.5 + Crit=8.00*0.3 + Sev=2.00*0.2 = 2.97
2025-12-18 09:31:51,836 - src.logic - DEBUG - Prioridade CVE-2025-1000: EPSS=0.35*0.5 + Crit=8.00*0.3 + Sev=2.00*0.2 = 2.97
2025-12-18 09:31:51,836 - src.logic - DEBUG - Prioridade CVE-2025-1000: EPSS=0.35*0.5 + Crit=8.00*0.3 + Sev=2.00*0.2 = 2.97
2025-12-18 09:31:51,836 - src.logic - DEBUG - Prioridade CVE-2025-1000: EPSS=0.35*0.5 + Crit=8.00*0.3 + Sev=2.00*0.2 = 2.97
2025-12-18 09:31:51,836 - src.logic - DEBUG - Prioridade CVE-2025-1000: EPSS=0.35*0.5 + Crit=8.00*0.3 + Sev=2.00*0.2 = 2.97
2025-12-18 09:31:51,836 - src.logic - DEBUG - Prioridade CVE-2025-1000: EPSS=0.35*0.5 + Crit=8.00*0.3 + Sev=2.00*0.2 = 2.97
2025-12-18 09:31:51,837 - src.logic - DEBUG - CVE CVE-2025-1001 afeta DEV_Integration_01 via Kong Gateway
2025-12-18 09:31:51,837 - src.logic - DEBUG - CVE CVE-2025-1001 afeta DEV_Integration_02 via Kong Gateway
2025-12-18 09:31:51,837 - src.logic - DEBUG - CVE CVE-2025-1001 afeta TEST_Integration_01 via Kong Gateway
2025-12-18 09:31:51,837 - src.logic - DEBUG - CVE CVE-2025-1001 afeta TEST_Integration_02 via Kong Gateway
2025-12-18 09:31:51,837 - src.logic - DEBUG - CVE CVE-2025-1001 afeta PROD_Integration_01 via Kong Gateway
2025-12-18 09:31:51,837 - src.logic - DEBUG - CVE CVE-2025-1001 afeta PROD_Integration_02 via Kong Gateway
2025-12-18 09:31:51,837 - src.logic - DEBUG - Prioridade CVE-2025-1001: EPSS=1.47*0.5 + Crit=7.00*0.3 + Sev=5.00*0.2 = 3.83
2025-12-18 09:31:51,837 - src.logic - DEBUG - Prioridade CVE-2025-1001: EPSS=1.47*0.5 + Crit=7.00*0.3 + Sev=5.00*0.2 = 3.83
2025-12-18 09:31:51,837 - src.logic - DEBUG - Prioridade CVE-2025-1001: EPSS=1.47*0.5 + Crit=7.00*0.3 + Sev=5.00*0.2 = 3.83
2025-12-18 09:31:51,837 - src.logic - DEBUG - Prioridade CVE-2025-1001: EPSS=1.47*0.5 + Crit=7.00*0.3 + Sev=5.00*0.2 = 3.83
2025-12-18 09:31:51,837 - src.logic - DEBUG - Prioridade CVE-2025-1001: EPSS=1.47*0.5 + Crit=7.00*0.3 + Sev=5.00*0.2 = 3.83
2025-12-18 09:31:51,837 - src.logic - DEBUG - Prioridade CVE-2025-1001: EPSS=1.47*0.5 + Crit=7.00*0.3 + Sev=5.00*0.2 = 3.83
2025-12-18 09:31:51,837 - src.logic - DEBUG - CVE CVE-2025-1002 afeta DEV_Security_01 via CrowdStrike Falcon
2025-12-18 09:31:51,837 - src.logic - DEBUG - CVE CVE-2025-1002 afeta TEST_Security_01 via CrowdStrike Falcon
2025-12-18 09:31:51,837 - src.logic - DEBUG - CVE CVE-2025-1002 afeta PROD_Security_01 via CrowdStrike Falcon
2025-12-18 09:31:51,838 - src.logic - DEBUG - Prioridade CVE-2025-1002: EPSS=5.89*0.5 + Crit=9.00*0.3 + Sev=2.00*0.2 = 6.04
2025-12-18 09:31:51,838 - src.logic - DEBUG - Prioridade CVE-2025-1002: EPSS=5.89*0.5 + Crit=9.00*0.3 + Sev=2.00*0.2 = 6.04
2025-12-18 09:31:51,838 - src.logic - DEBUG - Prioridade CVE-2025-1002: EPSS=5.89*0.5 + Crit=9.00*0.3 + Sev=2.00*0.2 = 6.04
2025-12-18 09:31:51,838 - src.logic - DEBUG - CVE CVE-2025-1003 afeta DEV_WebPortal_01 via IIS
2025-12-18 09:31:51,838 - src.logic - DEBUG - CVE CVE-2025-1003 afeta DEV_WebPortal_02 via IIS
2025-12-18 09:31:51,838 - src.logic - DEBUG - CVE CVE-2025-1003 afeta DEV_Email_01 via IIS
2025-12-18 09:31:51,838 - src.logic - DEBUG - CVE CVE-2025-1003 afeta DEV_FileServices_01 via IIS
2025-12-18 09:31:51,838 - src.logic - DEBUG - CVE CVE-2025-1003 afeta DEV_CRM_02 via IIS
2025-12-18 09:31:51,838 - src.logic - DEBUG - CVE CVE-2025-1003 afeta TEST_WebPortal_01 via IIS
2025-12-18 09:31:51,838 - src.logic - DEBUG - CVE CVE-2025-1003 afeta TEST_WebPortal_02 via IIS
2025-12-18 09:31:51,838 - src.logic - DEBUG - CVE CVE-2025-1003 afeta TEST_Email_01 via IIS
2025-12-18 09:31:51,838 - src.logic - DEBUG - CVE CVE-2025-1003 afeta TEST_FileServices_01 via IIS
2025-12-18 09:31:51,838 - src.logic - DEBUG - CVE CVE-2025-1003 afeta TEST_CRM_02 via IIS
2025-12-18 09:31:51,838 - src.logic - DEBUG - CVE CVE-2025-1003 afeta PROD_WebPortal_01 via IIS
2025-12-18 09:31:51,838 - src.logic - DEBUG - CVE CVE-2025-1003 afeta PROD_WebPortal_02 via IIS
2025-12-18 09:31:51,838 - src.logic - DEBUG - CVE CVE-2025-1003 afeta PROD_Email_01 via IIS
2025-12-18 09:31:51,838 - src.logic - DEBUG - CVE CVE-2025-1003 afeta PROD_FileServices_01 via IIS
2025-12-18 09:31:51,839 - src.logic - DEBUG - CVE CVE-2025-1003 afeta PROD_CRM_02 via IIS
2025-12-18 09:31:51,839 - src.logic - DEBUG - Prioridade CVE-2025-1003: EPSS=2.24*0.5 + Crit=8.00*0.3 + Sev=2.00*0.2 = 3.92
2025-12-18 09:31:51,839 - src.logic - DEBUG - Prioridade CVE-2025-1003: EPSS=2.24*0.5 + Crit=8.00*0.3 + Sev=2.00*0.2 = 3.92
2025-12-18 09:31:51,839 - src.logic - DEBUG - Prioridade CVE-2025-1003: EPSS=2.24*0.5 + Crit=8.00*0.3 + Sev=2.00*0.2 = 3.92
2025-12-18 09:31:51,839 - src.logic - DEBUG - Prioridade CVE-2025-1003: EPSS=2.24*0.5 + Crit=8.00*0.3 + Sev=2.00*0.2 = 3.92
2025-12-18 09:31:51,839 - src.logic - DEBUG - Prioridade CVE-2025-1003: EPSS=2.24*0.5 + Crit=8.00*0.3 + Sev=2.00*0.2 = 3.92
2025-12-18 09:31:51,839 - src.logic - DEBUG - Prioridade CVE-2025-1003: EPSS=2.24*0.5 + Crit=8.00*0.3 + Sev=2.00*0.2 = 3.92
2025-12-18 09:31:51,839 - src.logic - DEBUG - Prioridade CVE-2025-1003: EPSS=2.24*0.5 + Crit=8.00*0.3 + Sev=2.00*0.2 = 3.92
2025-12-18 09:31:51,839 - src.logic - DEBUG - Prioridade CVE-2025-1003: EPSS=2.24*0.5 + Crit=8.00*0.3 + Sev=2.00*0.2 = 3.92
2025-12-18 09:31:51,839 - src.logic - DEBUG - Prioridade CVE-2025-1003: EPSS=2.24*0.5 + Crit=8.00*0.3 + Sev=2.00*0.2 = 3.92
2025-12-18 09:31:51,839 - src.logic - DEBUG - Prioridade CVE-2025-1003: EPSS=2.24*0.5 + Crit=8.00*0.3 + Sev=2.00*0.2 = 3.92
2025-12-18 09:31:51,839 - src.logic - DEBUG - Prioridade CVE-2025-1003: EPSS=2.24*0.5 + Crit=8.00*0.3 + Sev=2.00*0.2 = 3.92
2025-12-18 09:31:51,839 - src.logic - DEBUG - Prioridade CVE-2025-1003: EPSS=2.24*0.5 + Crit=8.00*0.3 + Sev=2.00*0.2 = 3.92
2025-12-18 09:31:51,839 - src.logic - DEBUG - Prioridade CVE-2025-1003: EPSS=2.24*0.5 + Crit=8.00*0.3 + Sev=2.00*0.2 = 3.92
2025-12-18 09:31:51,839 - src.logic - DEBUG - Prioridade CVE-2025-1003: EPSS=2.24*0.5 + Crit=8.00*0.3 + Sev=2.00*0.2 = 3.92
2025-12-18 09:31:51,840 - src.logic - DEBUG - Prioridade CVE-2025-1003: EPSS=2.24*0.5 + Crit=8.00*0.3 + Sev=2.00*0.2 = 3.92
2025-12-18 09:31:51,840 - src.logic - DEBUG - CVE CVE-2025-1004 afeta DEV_FileServices_01 via SharePoint
2025-12-18 09:31:51,840 - src.logic - DEBUG - CVE CVE-2025-1004 afeta DEV_FileServices_02 via SharePoint
2025-12-18 09:31:51,840 - src.logic - DEBUG - CVE CVE-2025-1004 afeta TEST_FileServices_01 via SharePoint
2025-12-18 09:31:51,840 - src.logic - DEBUG - CVE CVE-2025-1004 afeta TEST_FileServices_02 via SharePoint
2025-12-18 09:31:51,840 - src.logic - DEBUG - CVE CVE-2025-1004 afeta PROD_FileServices_01 via SharePoint
2025-12-18 09:31:51,840 - src.logic - DEBUG - CVE CVE-2025-1004 afeta PROD_FileServices_02 via SharePoint
2025-12-18 09:31:51,840 - src.logic - DEBUG - Prioridade CVE-2025-1004: EPSS=7.12*0.5 + Crit=7.00*0.3 + Sev=5.00*0.2 = 6.66
2025-12-18 09:31:51,840 - src.logic - DEBUG - Prioridade CVE-2025-1004: EPSS=7.12*0.5 + Crit=7.00*0.3 + Sev=5.00*0.2 = 6.66
2025-12-18 09:31:51,840 - src.logic - DEBUG - Prioridade CVE-2025-1004: EPSS=7.12*0.5 + Crit=7.00*0.3 + Sev=5.00*0.2 = 6.66
2025-12-18 09:31:51,840 - src.logic - DEBUG - Prioridade CVE-2025-1004: EPSS=7.12*0.5 + Crit=7.00*0.3 + Sev=5.00*0.2 = 6.66
2025-12-18 09:31:51,840 - src.logic - DEBUG - Prioridade CVE-2025-1004: EPSS=7.12*0.5 + Crit=7.00*0.3 + Sev=5.00*0.2 = 6.66
2025-12-18 09:31:51,840 - src.logic - DEBUG - Prioridade CVE-2025-1004: EPSS=7.12*0.5 + Crit=7.00*0.3 + Sev=5.00*0.2 = 6.66
2025-12-18 09:31:51,840 - src.logic - DEBUG - CVE CVE-2025-1005 afeta DEV_Integration_01 via Kong Gateway
2025-12-18 09:31:51,840 - src.logic - DEBUG - CVE CVE-2025-1005 afeta DEV_Integration_02 via Kong Gateway
2025-12-18 09:31:51,840 - src.logic - DEBUG - CVE CVE-2025-1005 afeta TEST_Integration_01 via Kong Gateway
2025-12-18 09:31:51,840 - src.logic - DEBUG - CVE CVE-2025-1005 afeta TEST_Integration_02 via Kong Gateway
2025-12-18 09:31:51,840 - src.logic - DEBUG - CVE CVE-2025-1005 afeta PROD_Integration_01 via Kong Gateway
2025-12-18 09:31:51,841 - src.logic - DEBUG - CVE CVE-2025-1005 afeta PROD_Integration_02 via Kong Gateway
2025-12-18 09:31:51,841 - src.logic - DEBUG - Prioridade CVE-2025-1005: EPSS=5.87*0.5 + Crit=7.00*0.3 + Sev=10.00*0.2 = 7.04
2025-12-18 09:31:51,841 - src.logic - DEBUG - Prioridade CVE-2025-1005: EPSS=5.87*0.5 + Crit=7.00*0.3 + Sev=10.00*0.2 = 7.04
2025-12-18 09:31:51,841 - src.logic - DEBUG - Prioridade CVE-2025-1005: EPSS=5.87*0.5 + Crit=7.00*0.3 + Sev=10.00*0.2 = 7.04
2025-12-18 09:31:51,841 - src.logic - DEBUG - Prioridade CVE-2025-1005: EPSS=5.87*0.5 + Crit=7.00*0.3 + Sev=10.00*0.2 = 7.04
2025-12-18 09:31:51,841 - src.logic - DEBUG - Prioridade CVE-2025-1005: EPSS=5.87*0.5 + Crit=7.00*0.3 + Sev=10.00*0.2 = 7.04
2025-12-18 09:31:51,841 - src.logic - DEBUG - Prioridade CVE-2025-1005: EPSS=5.87*0.5 + Crit=7.00*0.3 + Sev=10.00*0.2 = 7.04
2025-12-18 09:31:51,841 - src.logic - DEBUG - CVE CVE-2025-1006 afeta DEV_Security_01 via Active Directory
2025-12-18 09:31:51,841 - src.logic - DEBUG - CVE CVE-2025-1006 afeta DEV_Security_02 via Active Directory
2025-12-18 09:31:51,841 - src.logic - DEBUG - CVE CVE-2025-1006 afeta TEST_Security_01 via Active Directory
2025-12-18 09:31:51,841 - src.logic - DEBUG - CVE CVE-2025-1006 afeta TEST_Security_02 via Active Directory
2025-12-18 09:31:51,841 - src.logic - DEBUG - CVE CVE-2025-1006 afeta PROD_Security_01 via Active Directory
2025-12-18 09:31:51,841 - src.logic - DEBUG - CVE CVE-2025-1006 afeta PROD_Security_02 via Active Directory
2025-12-18 09:31:51,841 - src.logic - DEBUG - Prioridade CVE-2025-1006: EPSS=6.94*0.5 + Crit=10.00*0.3 + Sev=5.00*0.2 = 7.47
2025-12-18 09:31:51,841 - src.logic - DEBUG - Prioridade CVE-2025-1006: EPSS=6.94*0.5 + Crit=10.00*0.3 + Sev=5.00*0.2 = 7.47
2025-12-18 09:31:51,841 - src.logic - DEBUG - Prioridade CVE-2025-1006: EPSS=6.94*0.5 + Crit=10.00*0.3 + Sev=5.00*0.2 = 7.47
2025-12-18 09:31:51,841 - src.logic - DEBUG - Prioridade CVE-2025-1006: EPSS=6.94*0.5 + Crit=10.00*0.3 + Sev=5.00*0.2 = 7.47
2025-12-18 09:31:51,842 - src.logic - DEBUG - Prioridade CVE-2025-1006: EPSS=6.94*0.5 + Crit=10.00*0.3 + Sev=5.00*0.2 = 7.47
2025-12-18 09:31:51,842 - src.logic - DEBUG - Prioridade CVE-2025-1006: EPSS=6.94*0.5 + Crit=10.00*0.3 + Sev=5.00*0.2 = 7.47
2025-12-18 09:31:51,842 - src.logic - DEBUG - CVE CVE-2025-1007 afeta DEV_Analytics_01 via Elasticsearch
2025-12-18 09:31:51,842 - src.logic - DEBUG - CVE CVE-2025-1007 afeta DEV_Analytics_02 via Elasticsearch
2025-12-18 09:31:51,842 - src.logic - DEBUG - CVE CVE-2025-1007 afeta DEV_Monitoring_02 via Elasticsearch
2025-12-18 09:31:51,842 - src.logic - DEBUG - CVE CVE-2025-1007 afeta TEST_Analytics_01 via Elasticsearch
2025-12-18 09:31:51,842 - src.logic - DEBUG - CVE CVE-2025-1007 afeta TEST_Analytics_02 via Elasticsearch
2025-12-18 09:31:51,842 - src.logic - DEBUG - CVE CVE-2025-1007 afeta TEST_Monitoring_02 via Elasticsearch
2025-12-18 09:31:51,842 - src.logic - DEBUG - CVE CVE-2025-1007 afeta PROD_Analytics_01 via Elasticsearch
2025-12-18 09:31:51,842 - src.logic - DEBUG - CVE CVE-2025-1007 afeta PROD_Analytics_02 via Elasticsearch
2025-12-18 09:31:51,842 - src.logic - DEBUG - CVE CVE-2025-1007 afeta PROD_Monitoring_02 via Elasticsearch
2025-12-18 09:31:51,842 - src.logic - DEBUG - Prioridade CVE-2025-1007: EPSS=2.21*0.5 + Crit=7.00*0.3 + Sev=5.00*0.2 = 4.21
2025-12-18 09:31:51,842 - src.logic - DEBUG - Prioridade CVE-2025-1007: EPSS=2.21*0.5 + Crit=7.00*0.3 + Sev=5.00*0.2 = 4.21
2025-12-18 09:31:51,842 - src.logic - DEBUG - Prioridade CVE-2025-1007: EPSS=2.21*0.5 + Crit=7.00*0.3 + Sev=5.00*0.2 = 4.21
2025-12-18 09:31:51,842 - src.logic - DEBUG - Prioridade CVE-2025-1007: EPSS=2.21*0.5 + Crit=7.00*0.3 + Sev=5.00*0.2 = 4.21
2025-12-18 09:31:51,842 - src.logic - DEBUG - Prioridade CVE-2025-1007: EPSS=2.21*0.5 + Crit=7.00*0.3 + Sev=5.00*0.2 = 4.21
2025-12-18 09:31:51,842 - src.logic - DEBUG - Prioridade CVE-2025-1007: EPSS=2.21*0.5 + Crit=7.00*0.3 + Sev=5.00*0.2 = 4.21
2025-12-18 09:31:51,842 - src.logic - DEBUG - Prioridade CVE-2025-1007: EPSS=2.21*0.5 + Crit=7.00*0.3 + Sev=5.00*0.2 = 4.21
2025-12-18 09:31:51,843 - src.logic - DEBUG - Prioridade CVE-2025-1007: EPSS=2.21*0.5 + Crit=7.00*0.3 + Sev=5.00*0.2 = 4.21
2025-12-18 09:31:51,843 - src.logic - DEBUG - Prioridade CVE-2025-1007: EPSS=2.21*0.5 + Crit=7.00*0.3 + Sev=5.00*0.2 = 4.21
2025-12-18 09:31:51,843 - src.logic - DEBUG - CVE CVE-2025-1008 afeta DEV_Monitoring_01 via Prometheus
2025-12-18 09:31:51,843 - src.logic - DEBUG - CVE CVE-2025-1008 afeta TEST_Monitoring_01 via Prometheus
2025-12-18 09:31:51,843 - src.logic - DEBUG - CVE CVE-2025-1008 afeta PROD_Monitoring_01 via Prometheus
2025-12-18 09:31:51,843 - src.logic - DEBUG - Prioridade CVE-2025-1008: EPSS=3.82*0.5 + Crit=6.00*0.3 + Sev=2.00*0.2 = 4.11
2025-12-18 09:31:51,843 - src.logic - DEBUG - Prioridade CVE-2025-1008: EPSS=3.82*0.5 + Crit=6.00*0.3 + Sev=2.00*0.2 = 4.11
2025-12-18 09:31:51,843 - src.logic - DEBUG - Prioridade CVE-2025-1008: EPSS=3.82*0.5 + Crit=6.00*0.3 + Sev=2.00*0.2 = 4.11
2025-12-18 09:31:51,843 - src.logic - DEBUG - CVE CVE-2025-1009 afeta DEV_ERP_01 via MySQL Server
2025-12-18 09:31:51,843 - src.logic - DEBUG - CVE CVE-2025-1009 afeta DEV_ERP_02 via MySQL Server
2025-12-18 09:31:51,843 - src.logic - DEBUG - CVE CVE-2025-1009 afeta DEV_Database_02 via MySQL Server
2025-12-18 09:31:51,843 - src.logic - DEBUG - CVE CVE-2025-1009 afeta TEST_ERP_01 via MySQL Server
2025-12-18 09:31:51,843 - src.logic - DEBUG - CVE CVE-2025-1009 afeta TEST_ERP_02 via MySQL Server
2025-12-18 09:31:51,843 - src.logic - DEBUG - CVE CVE-2025-1009 afeta TEST_Database_02 via MySQL Server
2025-12-18 09:31:51,843 - src.logic - DEBUG - CVE CVE-2025-1009 afeta PROD_ERP_01 via MySQL Server
2025-12-18 09:31:51,843 - src.logic - DEBUG - CVE CVE-2025-1009 afeta PROD_ERP_02 via MySQL Server
2025-12-18 09:31:51,843 - src.logic - DEBUG - CVE CVE-2025-1009 afeta PROD_Database_02 via MySQL Server
2025-12-18 09:31:51,844 - src.logic - DEBUG - Prioridade CVE-2025-1009: EPSS=8.01*0.5 + Crit=9.00*0.3 + Sev=8.00*0.2 = 8.30
2025-12-18 09:31:51,844 - src.logic - DEBUG - Prioridade CVE-2025-1009: EPSS=8.01*0.5 + Crit=9.00*0.3 + Sev=8.00*0.2 = 8.30
2025-12-18 09:31:51,844 - src.logic - DEBUG - Prioridade CVE-2025-1009: EPSS=8.01*0.5 + Crit=9.00*0.3 + Sev=8.00*0.2 = 8.30
2025-12-18 09:31:51,844 - src.logic - DEBUG - Prioridade CVE-2025-1009: EPSS=8.01*0.5 + Crit=9.00*0.3 + Sev=8.00*0.2 = 8.30
2025-12-18 09:31:51,844 - src.logic - DEBUG - Prioridade CVE-2025-1009: EPSS=8.01*0.5 + Crit=9.00*0.3 + Sev=8.00*0.2 = 8.30
2025-12-18 09:31:51,844 - src.logic - DEBUG - Prioridade CVE-2025-1009: EPSS=8.01*0.5 + Crit=9.00*0.3 + Sev=8.00*0.2 = 8.30
2025-12-18 09:31:51,844 - src.logic - DEBUG - Prioridade CVE-2025-1009: EPSS=8.01*0.5 + Crit=9.00*0.3 + Sev=8.00*0.2 = 8.30
2025-12-18 09:31:51,844 - src.logic - DEBUG - Prioridade CVE-2025-1009: EPSS=8.01*0.5 + Crit=9.00*0.3 + Sev=8.00*0.2 = 8.30
2025-12-18 09:31:51,844 - src.logic - DEBUG - Prioridade CVE-2025-1009: EPSS=8.01*0.5 + Crit=9.00*0.3 + Sev=8.00*0.2 = 8.30
2025-12-18 09:31:51,844 - src.logic - DEBUG - CVE CVE-2025-1010 afeta DEV_Monitoring_01 via Prometheus
2025-12-18 09:31:51,844 - src.logic - DEBUG - CVE CVE-2025-1010 afeta TEST_Monitoring_01 via Prometheus
2025-12-18 09:31:51,844 - src.logic - DEBUG - CVE CVE-2025-1010 afeta PROD_Monitoring_01 via Prometheus
2025-12-18 09:31:51,844 - src.logic - DEBUG - Prioridade CVE-2025-1010: EPSS=0.87*0.5 + Crit=6.00*0.3 + Sev=10.00*0.2 = 4.23
2025-12-18 09:31:51,844 - src.logic - DEBUG - Prioridade CVE-2025-1010: EPSS=0.87*0.5 + Crit=6.00*0.3 + Sev=10.00*0.2 = 4.23
2025-12-18 09:31:51,844 - src.logic - DEBUG - Prioridade CVE-2025-1010: EPSS=0.87*0.5 + Crit=6.00*0.3 + Sev=10.00*0.2 = 4.23
2025-12-18 09:31:51,845 - src.logic - DEBUG - CVE CVE-2025-1011 afeta DEV_Integration_02 via RabbitMQ
2025-12-18 09:31:51,845 - src.logic - DEBUG - CVE CVE-2025-1011 afeta TEST_Integration_02 via RabbitMQ
2025-12-18 09:31:51,845 - src.logic - DEBUG - CVE CVE-2025-1011 afeta PROD_Integration_02 via RabbitMQ
2025-12-18 09:31:51,845 - src.logic - DEBUG - Prioridade CVE-2025-1011: EPSS=5.76*0.5 + Crit=7.00*0.3 + Sev=8.00*0.2 = 6.58
2025-12-18 09:31:51,845 - src.logic - DEBUG - Prioridade CVE-2025-1011: EPSS=5.76*0.5 + Crit=7.00*0.3 + Sev=8.00*0.2 = 6.58
2025-12-18 09:31:51,845 - src.logic - DEBUG - Prioridade CVE-2025-1011: EPSS=5.76*0.5 + Crit=7.00*0.3 + Sev=8.00*0.2 = 6.58
2025-12-18 09:31:51,845 - src.logic - DEBUG - CVE CVE-2025-1012 afeta DEV_Security_01 via CrowdStrike Falcon
2025-12-18 09:31:51,845 - src.logic - DEBUG - CVE CVE-2025-1012 afeta TEST_Security_01 via CrowdStrike Falcon
2025-12-18 09:31:51,845 - src.logic - DEBUG - CVE CVE-2025-1012 afeta PROD_Security_01 via CrowdStrike Falcon
2025-12-18 09:31:51,845 - src.logic - DEBUG - Prioridade CVE-2025-1012: EPSS=7.68*0.5 + Crit=9.00*0.3 + Sev=5.00*0.2 = 7.54
2025-12-18 09:31:51,845 - src.logic - DEBUG - Prioridade CVE-2025-1012: EPSS=7.68*0.5 + Crit=9.00*0.3 + Sev=5.00*0.2 = 7.54
2025-12-18 09:31:51,846 - src.logic - DEBUG - Prioridade CVE-2025-1012: EPSS=7.68*0.5 + Crit=9.00*0.3 + Sev=5.00*0.2 = 7.54
2025-12-18 09:31:51,846 - src.logic - DEBUG - CVE CVE-2025-1013 afeta DEV_Integration_01 via Kong Gateway
2025-12-18 09:31:51,846 - src.logic - DEBUG - CVE CVE-2025-1013 afeta DEV_Integration_02 via Kong Gateway
2025-12-18 09:31:51,846 - src.logic - DEBUG - CVE CVE-2025-1013 afeta TEST_Integration_01 via Kong Gateway
2025-12-18 09:31:51,846 - src.logic - DEBUG - CVE CVE-2025-1013 afeta TEST_Integration_02 via Kong Gateway
2025-12-18 09:31:51,846 - src.logic - DEBUG - CVE CVE-2025-1013 afeta PROD_Integration_01 via Kong Gateway
2025-12-18 09:31:51,846 - src.logic - DEBUG - CVE CVE-2025-1013 afeta PROD_Integration_02 via Kong Gateway
2025-12-18 09:31:51,846 - src.logic - DEBUG - Prioridade CVE-2025-1013: EPSS=3.83*0.5 + Crit=7.00*0.3 + Sev=2.00*0.2 = 4.42
2025-12-18 09:31:51,846 - src.logic - DEBUG - Prioridade CVE-2025-1013: EPSS=3.83*0.5 + Crit=7.00*0.3 + Sev=2.00*0.2 = 4.42
2025-12-18 09:31:51,846 - src.logic - DEBUG - Prioridade CVE-2025-1013: EPSS=3.83*0.5 + Crit=7.00*0.3 + Sev=2.00*0.2 = 4.42
2025-12-18 09:31:51,846 - src.logic - DEBUG - Prioridade CVE-2025-1013: EPSS=3.83*0.5 + Crit=7.00*0.3 + Sev=2.00*0.2 = 4.42
2025-12-18 09:31:51,846 - src.logic - DEBUG - Prioridade CVE-2025-1013: EPSS=3.83*0.5 + Crit=7.00*0.3 + Sev=2.00*0.2 = 4.42
2025-12-18 09:31:51,846 - src.logic - DEBUG - Prioridade CVE-2025-1013: EPSS=3.83*0.5 + Crit=7.00*0.3 + Sev=2.00*0.2 = 4.42
2025-12-18 09:31:51,847 - src.logic - DEBUG - CVE CVE-2025-1014 afeta DEV_CRM_01 via Dynamics 365
2025-12-18 09:31:51,847 - src.logic - DEBUG - CVE CVE-2025-1014 afeta DEV_CRM_02 via Dynamics 365
2025-12-18 09:31:51,847 - src.logic - DEBUG - CVE CVE-2025-1014 afeta TEST_CRM_01 via Dynamics 365
2025-12-18 09:31:51,847 - src.logic - DEBUG - CVE CVE-2025-1014 afeta TEST_CRM_02 via Dynamics 365
2025-12-18 09:31:51,847 - src.logic - DEBUG - CVE CVE-2025-1014 afeta PROD_CRM_01 via Dynamics 365
2025-12-18 09:31:51,847 - src.logic - DEBUG - CVE CVE-2025-1014 afeta PROD_CRM_02 via Dynamics 365
2025-12-18 09:31:51,847 - src.logic - DEBUG - Prioridade CVE-2025-1014: EPSS=1.69*0.5 + Crit=8.00*0.3 + Sev=8.00*0.2 = 4.85
2025-12-18 09:31:51,847 - src.logic - DEBUG - Prioridade CVE-2025-1014: EPSS=1.69*0.5 + Crit=8.00*0.3 + Sev=8.00*0.2 = 4.85
2025-12-18 09:31:51,847 - src.logic - DEBUG - Prioridade CVE-2025-1014: EPSS=1.69*0.5 + Crit=8.00*0.3 + Sev=8.00*0.2 = 4.85
2025-12-18 09:31:51,847 - src.logic - DEBUG - Prioridade CVE-2025-1014: EPSS=1.69*0.5 + Crit=8.00*0.3 + Sev=8.00*0.2 = 4.85
2025-12-18 09:31:51,847 - src.logic - DEBUG - Prioridade CVE-2025-1014: EPSS=1.69*0.5 + Crit=8.00*0.3 + Sev=8.00*0.2 = 4.85
2025-12-18 09:31:51,848 - src.logic - DEBUG - Prioridade CVE-2025-1014: EPSS=1.69*0.5 + Crit=8.00*0.3 + Sev=8.00*0.2 = 4.85
2025-12-18 09:31:51,848 - src.logic - DEBUG - CVE CVE-2025-1015 afeta DEV_Security_01 via CrowdStrike Falcon
2025-12-18 09:31:51,848 - src.logic - DEBUG - CVE CVE-2025-1015 afeta TEST_Security_01 via CrowdStrike Falcon
2025-12-18 09:31:51,848 - src.logic - DEBUG - CVE CVE-2025-1015 afeta PROD_Security_01 via CrowdStrike Falcon
2025-12-18 09:31:51,848 - src.logic - DEBUG - Prioridade CVE-2025-1015: EPSS=6.98*0.5 + Crit=9.00*0.3 + Sev=8.00*0.2 = 7.79
2025-12-18 09:31:51,848 - src.logic - DEBUG - Prioridade CVE-2025-1015: EPSS=6.98*0.5 + Crit=9.00*0.3 + Sev=8.00*0.2 = 7.79
2025-12-18 09:31:51,848 - src.logic - DEBUG - Prioridade CVE-2025-1015: EPSS=6.98*0.5 + Crit=9.00*0.3 + Sev=8.00*0.2 = 7.79
2025-12-18 09:31:51,848 - src.logic - DEBUG - CVE CVE-2025-1016 afeta DEV_CRM_01 via Dynamics 365
2025-12-18 09:31:51,848 - src.logic - DEBUG - CVE CVE-2025-1016 afeta DEV_CRM_02 via Dynamics 365
2025-12-18 09:31:51,848 - src.logic - DEBUG - CVE CVE-2025-1016 afeta TEST_CRM_01 via Dynamics 365
2025-12-18 09:31:51,848 - src.logic - DEBUG - CVE CVE-2025-1016 afeta TEST_CRM_02 via Dynamics 365
2025-12-18 09:31:51,848 - src.logic - DEBUG - CVE CVE-2025-1016 afeta PROD_CRM_01 via Dynamics 365
2025-12-18 09:31:51,848 - src.logic - DEBUG - CVE CVE-2025-1016 afeta PROD_CRM_02 via Dynamics 365
2025-12-18 09:31:51,848 - src.logic - DEBUG - Prioridade CVE-2025-1016: EPSS=5.33*0.5 + Crit=8.00*0.3 + Sev=5.00*0.2 = 6.06
2025-12-18 09:31:51,848 - src.logic - DEBUG - Prioridade CVE-2025-1016: EPSS=5.33*0.5 + Crit=8.00*0.3 + Sev=5.00*0.2 = 6.06
2025-12-18 09:31:51,848 - src.logic - DEBUG - Prioridade CVE-2025-1016: EPSS=5.33*0.5 + Crit=8.00*0.3 + Sev=5.00*0.2 = 6.06
2025-12-18 09:31:51,848 - src.logic - DEBUG - Prioridade CVE-2025-1016: EPSS=5.33*0.5 + Crit=8.00*0.3 + Sev=5.00*0.2 = 6.06
2025-12-18 09:31:51,849 - src.logic - DEBUG - Prioridade CVE-2025-1016: EPSS=5.33*0.5 + Crit=8.00*0.3 + Sev=5.00*0.2 = 6.06
2025-12-18 09:31:51,849 - src.logic - DEBUG - Prioridade CVE-2025-1016: EPSS=5.33*0.5 + Crit=8.00*0.3 + Sev=5.00*0.2 = 6.06
2025-12-18 09:31:51,849 - src.logic - DEBUG - CVE CVE-2025-1017 afeta DEV_Email_01 via Exchange
2025-12-18 09:31:51,849 - src.logic - DEBUG - CVE CVE-2025-1017 afeta DEV_Email_02 via Exchange
2025-12-18 09:31:51,849 - src.logic - DEBUG - CVE CVE-2025-1017 afeta TEST_Email_01 via Exchange
2025-12-18 09:31:51,849 - src.logic - DEBUG - CVE CVE-2025-1017 afeta TEST_Email_02 via Exchange
2025-12-18 09:31:51,849 - src.logic - DEBUG - CVE CVE-2025-1017 afeta PROD_Email_01 via Exchange
2025-12-18 09:31:51,849 - src.logic - DEBUG - CVE CVE-2025-1017 afeta PROD_Email_02 via Exchange
2025-12-18 09:31:51,849 - src.logic - DEBUG - Prioridade CVE-2025-1017: EPSS=3.82*0.5 + Crit=9.00*0.3 + Sev=10.00*0.2 = 6.61
2025-12-18 09:31:51,849 - src.logic - DEBUG - Prioridade CVE-2025-1017: EPSS=3.82*0.5 + Crit=9.00*0.3 + Sev=10.00*0.2 = 6.61
2025-12-18 09:31:51,849 - src.logic - DEBUG - Prioridade CVE-2025-1017: EPSS=3.82*0.5 + Crit=9.00*0.3 + Sev=10.00*0.2 = 6.61
2025-12-18 09:31:51,849 - src.logic - DEBUG - Prioridade CVE-2025-1017: EPSS=3.82*0.5 + Crit=9.00*0.3 + Sev=10.00*0.2 = 6.61
2025-12-18 09:31:51,849 - src.logic - DEBUG - Prioridade CVE-2025-1017: EPSS=3.82*0.5 + Crit=9.00*0.3 + Sev=10.00*0.2 = 6.61
2025-12-18 09:31:51,849 - src.logic - DEBUG - Prioridade CVE-2025-1017: EPSS=3.82*0.5 + Crit=9.00*0.3 + Sev=10.00*0.2 = 6.61
2025-12-18 09:31:51,849 - src.logic - DEBUG - CVE CVE-2025-1018 afeta DEV_Analytics_01 via Python
2025-12-18 09:31:51,850 - src.logic - DEBUG - CVE CVE-2025-1018 afeta DEV_Analytics_02 via Python
2025-12-18 09:31:51,850 - src.logic - DEBUG - CVE CVE-2025-1018 afeta TEST_Analytics_01 via Python
2025-12-18 09:31:51,850 - src.logic - DEBUG - CVE CVE-2025-1018 afeta TEST_Analytics_02 via Python
2025-12-18 09:31:51,850 - src.logic - DEBUG - CVE CVE-2025-1018 afeta PROD_Analytics_01 via Python
2025-12-18 09:31:51,850 - src.logic - DEBUG - CVE CVE-2025-1018 afeta PROD_Analytics_02 via Python
2025-12-18 09:31:51,850 - src.logic - DEBUG - Prioridade CVE-2025-1018: EPSS=6.81*0.5 + Crit=5.00*0.3 + Sev=5.00*0.2 = 5.91
2025-12-18 09:31:51,850 - src.logic - DEBUG - Prioridade CVE-2025-1018: EPSS=6.81*0.5 + Crit=5.00*0.3 + Sev=5.00*0.2 = 5.91
2025-12-18 09:31:51,850 - src.logic - DEBUG - Prioridade CVE-2025-1018: EPSS=6.81*0.5 + Crit=5.00*0.3 + Sev=5.00*0.2 = 5.91
2025-12-18 09:31:51,850 - src.logic - DEBUG - Prioridade CVE-2025-1018: EPSS=6.81*0.5 + Crit=5.00*0.3 + Sev=5.00*0.2 = 5.91
2025-12-18 09:31:51,851 - src.logic - DEBUG - Prioridade CVE-2025-1018: EPSS=6.81*0.5 + Crit=5.00*0.3 + Sev=5.00*0.2 = 5.91
2025-12-18 09:31:51,851 - src.logic - DEBUG - Prioridade CVE-2025-1018: EPSS=6.81*0.5 + Crit=5.00*0.3 + Sev=5.00*0.2 = 5.91
2025-12-18 09:31:51,851 - src.logic - DEBUG - CVE CVE-2025-1019 afeta DEV_Integration_01 via Kong Gateway
2025-12-18 09:31:51,851 - src.logic - DEBUG - CVE CVE-2025-1019 afeta DEV_Integration_02 via Kong Gateway
2025-12-18 09:31:51,851 - src.logic - DEBUG - CVE CVE-2025-1019 afeta TEST_Integration_01 via Kong Gateway
2025-12-18 09:31:51,851 - src.logic - DEBUG - CVE CVE-2025-1019 afeta TEST_Integration_02 via Kong Gateway
2025-12-18 09:31:51,851 - src.logic - DEBUG - CVE CVE-2025-1019 afeta PROD_Integration_01 via Kong Gateway
2025-12-18 09:31:51,851 - src.logic - DEBUG - CVE CVE-2025-1019 afeta PROD_Integration_02 via Kong Gateway
2025-12-18 09:31:51,851 - src.logic - DEBUG - Prioridade CVE-2025-1019: EPSS=7.99*0.5 + Crit=7.00*0.3 + Sev=2.00*0.2 = 6.50
2025-12-18 09:31:51,851 - src.logic - DEBUG - Prioridade CVE-2025-1019: EPSS=7.99*0.5 + Crit=7.00*0.3 + Sev=2.00*0.2 = 6.50
2025-12-18 09:31:51,852 - src.logic - DEBUG - Prioridade CVE-2025-1019: EPSS=7.99*0.5 + Crit=7.00*0.3 + Sev=2.00*0.2 = 6.50
2025-12-18 09:31:51,852 - src.logic - DEBUG - Prioridade CVE-2025-1019: EPSS=7.99*0.5 + Crit=7.00*0.3 + Sev=2.00*0.2 = 6.50
2025-12-18 09:31:51,852 - src.logic - DEBUG - Prioridade CVE-2025-1019: EPSS=7.99*0.5 + Crit=7.00*0.3 + Sev=2.00*0.2 = 6.50
2025-12-18 09:31:51,852 - src.logic - DEBUG - Prioridade CVE-2025-1019: EPSS=7.99*0.5 + Crit=7.00*0.3 + Sev=2.00*0.2 = 6.50
2025-12-18 09:31:51,852 - __main__ - INFO - Tarefas válidas: 117, Descartadas (RTO): 0
2025-12-18 09:31:51,852 - src.dependency_manager - INFO - DependencyManager inicializado com 10 grupos de dependência
2025-12-18 09:31:51,852 - src.dependency_manager - DEBUG -   GRP_WebPortal: DEV=2, TEST=2, PROD=2
2025-12-18 09:31:51,852 - src.dependency_manager - DEBUG -   GRP_ERP: DEV=2, TEST=2, PROD=2
2025-12-18 09:31:51,852 - src.dependency_manager - DEBUG -   GRP_Analytics: DEV=2, TEST=2, PROD=2
2025-12-18 09:31:51,852 - src.dependency_manager - DEBUG -   GRP_Email: DEV=2, TEST=2, PROD=2
2025-12-18 09:31:51,852 - src.dependency_manager - DEBUG -   GRP_FileServices: DEV=2, TEST=2, PROD=2
2025-12-18 09:31:51,852 - src.dependency_manager - DEBUG -   GRP_CRM: DEV=2, TEST=2, PROD=2
2025-12-18 09:31:51,853 - src.dependency_manager - DEBUG -   GRP_Database: DEV=2, TEST=2, PROD=2
2025-12-18 09:31:51,853 - src.dependency_manager - DEBUG -   GRP_Security: DEV=2, TEST=2, PROD=2
2025-12-18 09:31:51,853 - src.dependency_manager - DEBUG -   GRP_Integration: DEV=2, TEST=2, PROD=2
2025-12-18 09:31:51,853 - src.dependency_manager - DEBUG -   GRP_Monitoring: DEV=2, TEST=2, PROD=2
2025-12-18 09:31:51,853 - __main__ - WARNING - Bloqueado: CVE-2025-1000 para PROD_CRM_01 - Patch CVE-2025-1000 ainda não foi testado em TEST para grupo GRP_CRM
2025-12-18 09:31:51,853 - __main__ - WARNING - Bloqueado: CVE-2025-1000 para PROD_CRM_02 - Patch CVE-2025-1000 ainda não foi testado em TEST para grupo GRP_CRM
2025-12-18 09:31:51,853 - __main__ - WARNING - Bloqueado: CVE-2025-1001 para PROD_Integration_01 - Patch CVE-2025-1001 ainda não foi testado em TEST para grupo GRP_Integration
2025-12-18 09:31:51,853 - __main__ - WARNING - Bloqueado: CVE-2025-1001 para PROD_Integration_02 - Patch CVE-2025-1001 ainda não foi testado em TEST para grupo GRP_Integration
2025-12-18 09:31:51,853 - __main__ - WARNING - Bloqueado: CVE-2025-1002 para PROD_Security_01 - Patch CVE-2025-1002 ainda não foi testado em TEST para grupo GRP_Security
2025-12-18 09:31:51,853 - __main__ - WARNING - Bloqueado: CVE-2025-1003 para PROD_WebPortal_01 - Patch CVE-2025-1003 ainda não foi testado em TEST para grupo GRP_WebPortal
2025-12-18 09:31:51,853 - __main__ - WARNING - Bloqueado: CVE-2025-1003 para PROD_WebPortal_02 - Patch CVE-2025-1003 ainda não foi testado em TEST para grupo GRP_WebPortal
2025-12-18 09:31:51,854 - __main__ - WARNING - Bloqueado: CVE-2025-1003 para PROD_Email_01 - Patch CVE-2025-1003 ainda não foi testado em TEST para grupo GRP_Email
2025-12-18 09:31:51,854 - __main__ - WARNING - Bloqueado: CVE-2025-1003 para PROD_FileServices_01 - Patch CVE-2025-1003 ainda não foi testado em TEST para grupo GRP_FileServices
2025-12-18 09:31:51,854 - __main__ - WARNING - Bloqueado: CVE-2025-1003 para PROD_CRM_02 - Patch CVE-2025-1003 ainda não foi testado em TEST para grupo GRP_CRM
2025-12-18 09:31:51,854 - __main__ - WARNING - Bloqueado: CVE-2025-1004 para PROD_FileServices_01 - Patch CVE-2025-1004 ainda não foi testado em TEST para grupo GRP_FileServices
2025-12-18 09:31:51,854 - __main__ - WARNING - Bloqueado: CVE-2025-1004 para PROD_FileServices_02 - Patch CVE-2025-1004 ainda não foi testado em TEST para grupo GRP_FileServices
2025-12-18 09:31:51,854 - __main__ - WARNING - Bloqueado: CVE-2025-1005 para PROD_Integration_01 - Patch CVE-2025-1005 ainda não foi testado em TEST para grupo GRP_Integration
2025-12-18 09:31:51,854 - __main__ - WARNING - Bloqueado: CVE-2025-1005 para PROD_Integration_02 - Patch CVE-2025-1005 ainda não foi testado em TEST para grupo GRP_Integration
2025-12-18 09:31:51,854 - __main__ - WARNING - Bloqueado: CVE-2025-1006 para PROD_Security_01 - Patch CVE-2025-1006 ainda não foi testado em TEST para grupo GRP_Security
2025-12-18 09:31:51,854 - __main__ - WARNING - Bloqueado: CVE-2025-1006 para PROD_Security_02 - Patch CVE-2025-1006 ainda não foi testado em TEST para grupo GRP_Security
2025-12-18 09:31:51,854 - __main__ - WARNING - Bloqueado: CVE-2025-1007 para PROD_Analytics_01 - Patch CVE-2025-1007 ainda não foi testado em TEST para grupo GRP_Analytics
2025-12-18 09:31:51,854 - __main__ - WARNING - Bloqueado: CVE-2025-1007 para PROD_Analytics_02 - Patch CVE-2025-1007 ainda não foi testado em TEST para grupo GRP_Analytics
2025-12-18 09:31:51,854 - __main__ - WARNING - Bloqueado: CVE-2025-1007 para PROD_Monitoring_02 - Patch CVE-2025-1007 ainda não foi testado em TEST para grupo GRP_Monitoring
2025-12-18 09:31:51,855 - __main__ - WARNING - Bloqueado: CVE-2025-1008 para PROD_Monitoring_01 - Patch CVE-2025-1008 ainda não foi testado em TEST para grupo GRP_Monitoring
2025-12-18 09:31:51,855 - __main__ - WARNING - Bloqueado: CVE-2025-1009 para PROD_ERP_01 - Patch CVE-2025-1009 ainda não foi testado em TEST para grupo GRP_ERP
2025-12-18 09:31:51,855 - __main__ - WARNING - Bloqueado: CVE-2025-1009 para PROD_ERP_02 - Patch CVE-2025-1009 ainda não foi testado em TEST para grupo GRP_ERP
2025-12-18 09:31:51,855 - __main__ - WARNING - Bloqueado: CVE-2025-1009 para PROD_Database_02 - Patch CVE-2025-1009 ainda não foi testado em TEST para grupo GRP_Database
2025-12-18 09:31:51,855 - __main__ - WARNING - Bloqueado: CVE-2025-1010 para PROD_Monitoring_01 - Patch CVE-2025-1010 ainda não foi testado em TEST para grupo GRP_Monitoring
2025-12-18 09:31:51,855 - __main__ - WARNING - Bloqueado: CVE-2025-1011 para PROD_Integration_02 - Patch CVE-2025-1011 ainda não foi testado em TEST para grupo GRP_Integration
2025-12-18 09:31:51,855 - __main__ - WARNING - Bloqueado: CVE-2025-1012 para PROD_Security_01 - Patch CVE-2025-1012 ainda não foi testado em TEST para grupo GRP_Security
2025-12-18 09:31:51,855 - __main__ - WARNING - Bloqueado: CVE-2025-1013 para PROD_Integration_01 - Patch CVE-2025-1013 ainda não foi testado em TEST para grupo GRP_Integration
2025-12-18 09:31:51,855 - __main__ - WARNING - Bloqueado: CVE-2025-1013 para PROD_Integration_02 - Patch CVE-2025-1013 ainda não foi testado em TEST para grupo GRP_Integration
2025-12-18 09:31:51,855 - __main__ - WARNING - Bloqueado: CVE-2025-1014 para PROD_CRM_01 - Patch CVE-2025-1014 ainda não foi testado em TEST para grupo GRP_CRM
2025-12-18 09:31:51,855 - __main__ - WARNING - Bloqueado: CVE-2025-1014 para PROD_CRM_02 - Patch CVE-2025-1014 ainda não foi testado em TEST para grupo GRP_CRM
2025-12-18 09:31:51,855 - __main__ - WARNING - Bloqueado: CVE-2025-1015 para PROD_Security_01 - Patch CVE-2025-1015 ainda não foi testado em TEST para grupo GRP_Security
2025-12-18 09:31:51,855 - __main__ - WARNING - Bloqueado: CVE-2025-1016 para PROD_CRM_01 - Patch CVE-2025-1016 ainda não foi testado em TEST para grupo GRP_CRM
2025-12-18 09:31:51,856 - __main__ - WARNING - Bloqueado: CVE-2025-1016 para PROD_CRM_02 - Patch CVE-2025-1016 ainda não foi testado em TEST para grupo GRP_CRM
2025-12-18 09:31:51,856 - __main__ - WARNING - Bloqueado: CVE-2025-1017 para PROD_Email_01 - Patch CVE-2025-1017 ainda não foi testado em TEST para grupo GRP_Email
2025-12-18 09:31:51,856 - __main__ - WARNING - Bloqueado: CVE-2025-1017 para PROD_Email_02 - Patch CVE-2025-1017 ainda não foi testado em TEST para grupo GRP_Email
2025-12-18 09:31:51,856 - __main__ - WARNING - Bloqueado: CVE-2025-1018 para PROD_Analytics_01 - Patch CVE-2025-1018 ainda não foi testado em TEST para grupo GRP_Analytics
2025-12-18 09:31:51,856 - __main__ - WARNING - Bloqueado: CVE-2025-1018 para PROD_Analytics_02 - Patch CVE-2025-1018 ainda não foi testado em TEST para grupo GRP_Analytics
2025-12-18 09:31:51,856 - __main__ - WARNING - Bloqueado: CVE-2025-1019 para PROD_Integration_01 - Patch CVE-2025-1019 ainda não foi testado em TEST para grupo GRP_Integration
2025-12-18 09:31:51,856 - __main__ - WARNING - Bloqueado: CVE-2025-1019 para PROD_Integration_02 - Patch CVE-2025-1019 ainda não foi testado em TEST para grupo GRP_Integration
2025-12-18 09:31:51,856 - __main__ - INFO - Dependências aplicadas: 39 DEV, 39 TEST, 0 PROD permitidos, 39 PROD bloqueados
2025-12-18 09:31:51,856 - __main__ - INFO - A executar agendamento...
2025-12-18 09:31:51,856 - __main__ - INFO - Horizonte de planeamento: 7 dias (1 semanas)
2025-12-18 09:31:51,856 - src.planner - INFO - Horizonte de planeamento: 1 semanas (168 horas)
2025-12-18 09:31:51,856 - __main__ - ERROR - Erro durante execução: 'AvailabilityManager' object has no attribute 'is_worker_available_on_day'
Traceback (most recent call last):
  File "/Users/aricardoferraz/Documents/Challenge-2/Challenge2/PLNTDIA/main.py", line 652, in main
    schedule, metrics = create_schedule_with_metrics(
                        ~~~~~~~~~~~~~~~~~~~~~~~~~~~~^
        tasks_to_plan,
        ^^^^^^^^^^^^^^
    ...<2 lines>...
        availability_manager=availability_manager
        ^^^^^^^^^^^^^^^^^^^^^^^^^^^^^^^^^^^^^^^^^
    )
    ^
  File "/Users/aricardoferraz/Documents/Challenge-2/Challenge2/PLNTDIA/src/planner.py", line 330, in create_schedule_with_metrics
    result = _try_schedule_single_task(
        cve, server, software, workers, tracker, max_daily_hours,
        availability_manager=availability_manager,
        planning_weeks=planning_weeks
    )
  File "/Users/aricardoferraz/Documents/Challenge-2/Challenge2/PLNTDIA/src/planner.py", line 230, in _try_schedule_single_task
    if not availability_manager.is_worker_available_on_day(w.id, planning_day):
           ^^^^^^^^^^^^^^^^^^^^^^^^^^^^^^^^^^^^^^^^^^^^^^^
AttributeError: 'AvailabilityManager' object has no attribute 'is_worker_available_on_day'. Did you mean: 'is_worker_available'?
2025-12-18 09:34:40,578 - __main__ - INFO - === PLNTDIA - Início da Execução ===
2025-12-18 09:34:40,578 - __main__ - INFO - Período de planeamento: 2025-12-18 a 2025-12-24 (1 semana)
2025-12-18 09:34:40,583 - src.availability - INFO - Carregadas 8 ausências de csv/team_vacations.csv
2025-12-18 09:34:40,583 - __main__ - INFO - Carregadas 8 ausências de csv/team_vacations.csv
2025-12-18 09:34:40,583 - __main__ - INFO - A carregar dados dos ficheiros CSV...
2025-12-18 09:34:40,584 - src.repository - INFO - Carregados 60 servidores de /Users/aricardoferraz/Documents/Challenge-2/Challenge2/PLNTDIA/csv/servers.csv
2025-12-18 09:34:40,585 - src.repository - INFO - Carregadas janelas de manutenção de /Users/aricardoferraz/Documents/Challenge-2/Challenge2/PLNTDIA/csv/server_windows.csv
2025-12-18 09:34:40,591 - src.repository - INFO - Carregado software de /Users/aricardoferraz/Documents/Challenge-2/Challenge2/PLNTDIA/csv/server_applications.csv
2025-12-18 09:34:40,591 - src.repository - INFO - Carregados 10 técnicos de /Users/aricardoferraz/Documents/Challenge-2/Challenge2/PLNTDIA/csv/team.csv
2025-12-18 09:34:40,591 - __main__ - INFO - Carregados: 60 servidores, 10 técnicos
2025-12-18 09:34:40,591 - __main__ - INFO - A gerar 20 CVEs sintéticos para a infraestrutura...
2025-12-18 09:34:40,592 - src.repository - INFO - Geradas 20 CVEs para a infraestrutura
2025-12-18 09:34:40,592 - __main__ - INFO - Worker Tech_01 tem 3 dias de ausência no período
2025-12-18 09:34:40,592 - __main__ - INFO - Worker Tech_02 tem 5 dias de ausência no período
2025-12-18 09:34:40,592 - __main__ - INFO - Worker Tech_05 tem 2 dias de ausência no período
2025-12-18 09:34:40,592 - __main__ - INFO - Worker Tech_08 tem 3 dias de ausência no período
2025-12-18 09:34:40,592 - __main__ - INFO - Worker Tech_09 tem 8 dias de ausência no período
2025-12-18 09:34:40,593 - __main__ - INFO - Workers com ausências no período: Tech_01, Tech_08, Tech_05, Tech_02, Tech_09
2025-12-18 09:34:40,593 - __main__ - INFO - A calcular prioridades e verificar RTO...
2025-12-18 09:34:40,593 - src.logic - DEBUG - CVE CVE-2025-1000 afeta DEV_WebPortal_01 via ASP.NET Core
2025-12-18 09:34:40,593 - src.logic - DEBUG - CVE CVE-2025-1000 afeta TEST_WebPortal_01 via ASP.NET Core
2025-12-18 09:34:40,593 - src.logic - DEBUG - CVE CVE-2025-1000 afeta PROD_WebPortal_01 via ASP.NET Core
2025-12-18 09:34:40,594 - src.logic - DEBUG - Prioridade CVE-2025-1000: EPSS=0.35*0.5 + Crit=7.00*0.3 + Sev=2.00*0.2 = 2.67
2025-12-18 09:34:40,594 - src.logic - DEBUG - Prioridade CVE-2025-1000: EPSS=0.35*0.5 + Crit=7.00*0.3 + Sev=2.00*0.2 = 2.67
2025-12-18 09:34:40,594 - src.logic - DEBUG - Prioridade CVE-2025-1000: EPSS=0.35*0.5 + Crit=7.00*0.3 + Sev=2.00*0.2 = 2.67
2025-12-18 09:34:40,594 - src.logic - DEBUG - CVE CVE-2025-1001 afeta DEV_Database_02 via PostgreSQL
2025-12-18 09:34:40,594 - src.logic - DEBUG - CVE CVE-2025-1001 afeta DEV_Monitoring_02 via PostgreSQL
2025-12-18 09:34:40,594 - src.logic - DEBUG - CVE CVE-2025-1001 afeta TEST_Database_02 via PostgreSQL
2025-12-18 09:34:40,594 - src.logic - DEBUG - CVE CVE-2025-1001 afeta TEST_Monitoring_02 via PostgreSQL
2025-12-18 09:34:40,594 - src.logic - DEBUG - CVE CVE-2025-1001 afeta PROD_Database_02 via PostgreSQL
2025-12-18 09:34:40,594 - src.logic - DEBUG - CVE CVE-2025-1001 afeta PROD_Monitoring_02 via PostgreSQL
2025-12-18 09:34:40,595 - src.logic - DEBUG - Prioridade CVE-2025-1001: EPSS=1.47*0.5 + Crit=9.00*0.3 + Sev=5.00*0.2 = 4.43
2025-12-18 09:34:40,595 - src.logic - DEBUG - Prioridade CVE-2025-1001: EPSS=1.47*0.5 + Crit=9.00*0.3 + Sev=5.00*0.2 = 4.43
2025-12-18 09:34:40,595 - src.logic - DEBUG - Prioridade CVE-2025-1001: EPSS=1.47*0.5 + Crit=9.00*0.3 + Sev=5.00*0.2 = 4.43
2025-12-18 09:34:40,595 - src.logic - DEBUG - Prioridade CVE-2025-1001: EPSS=1.47*0.5 + Crit=9.00*0.3 + Sev=5.00*0.2 = 4.43
2025-12-18 09:34:40,595 - src.logic - DEBUG - Prioridade CVE-2025-1001: EPSS=1.47*0.5 + Crit=9.00*0.3 + Sev=5.00*0.2 = 4.43
2025-12-18 09:34:40,595 - src.logic - DEBUG - Prioridade CVE-2025-1001: EPSS=1.47*0.5 + Crit=9.00*0.3 + Sev=5.00*0.2 = 4.43
2025-12-18 09:34:40,595 - src.logic - DEBUG - CVE CVE-2025-1002 afeta DEV_Integration_02 via RabbitMQ
2025-12-18 09:34:40,595 - src.logic - DEBUG - CVE CVE-2025-1002 afeta TEST_Integration_02 via RabbitMQ
2025-12-18 09:34:40,596 - src.logic - DEBUG - CVE CVE-2025-1002 afeta PROD_Integration_02 via RabbitMQ
2025-12-18 09:34:40,596 - src.logic - DEBUG - Prioridade CVE-2025-1002: EPSS=5.89*0.5 + Crit=7.00*0.3 + Sev=2.00*0.2 = 5.45
2025-12-18 09:34:40,596 - src.logic - DEBUG - Prioridade CVE-2025-1002: EPSS=5.89*0.5 + Crit=7.00*0.3 + Sev=2.00*0.2 = 5.45
2025-12-18 09:34:40,596 - src.logic - DEBUG - Prioridade CVE-2025-1002: EPSS=5.89*0.5 + Crit=7.00*0.3 + Sev=2.00*0.2 = 5.45
2025-12-18 09:34:40,596 - src.logic - DEBUG - CVE CVE-2025-1003 afeta DEV_Analytics_02 via Grafana
2025-12-18 09:34:40,596 - src.logic - DEBUG - CVE CVE-2025-1003 afeta DEV_Monitoring_01 via Grafana
2025-12-18 09:34:40,596 - src.logic - DEBUG - CVE CVE-2025-1003 afeta TEST_Analytics_02 via Grafana
2025-12-18 09:34:40,596 - src.logic - DEBUG - CVE CVE-2025-1003 afeta TEST_Monitoring_01 via Grafana
2025-12-18 09:34:40,596 - src.logic - DEBUG - CVE CVE-2025-1003 afeta PROD_Analytics_02 via Grafana
2025-12-18 09:34:40,596 - src.logic - DEBUG - CVE CVE-2025-1003 afeta PROD_Monitoring_01 via Grafana
2025-12-18 09:34:40,597 - src.logic - DEBUG - Prioridade CVE-2025-1003: EPSS=2.24*0.5 + Crit=6.00*0.3 + Sev=2.00*0.2 = 3.32
2025-12-18 09:34:40,597 - src.logic - DEBUG - Prioridade CVE-2025-1003: EPSS=2.24*0.5 + Crit=6.00*0.3 + Sev=2.00*0.2 = 3.32
2025-12-18 09:34:40,597 - src.logic - DEBUG - Prioridade CVE-2025-1003: EPSS=2.24*0.5 + Crit=6.00*0.3 + Sev=2.00*0.2 = 3.32
2025-12-18 09:34:40,597 - src.logic - DEBUG - Prioridade CVE-2025-1003: EPSS=2.24*0.5 + Crit=6.00*0.3 + Sev=2.00*0.2 = 3.32
2025-12-18 09:34:40,597 - src.logic - DEBUG - Prioridade CVE-2025-1003: EPSS=2.24*0.5 + Crit=6.00*0.3 + Sev=2.00*0.2 = 3.32
2025-12-18 09:34:40,597 - src.logic - DEBUG - Prioridade CVE-2025-1003: EPSS=2.24*0.5 + Crit=6.00*0.3 + Sev=2.00*0.2 = 3.32
2025-12-18 09:34:40,597 - src.logic - DEBUG - CVE CVE-2025-1004 afeta DEV_WebPortal_02 via Redis
2025-12-18 09:34:40,597 - src.logic - DEBUG - CVE CVE-2025-1004 afeta DEV_Analytics_01 via Redis
2025-12-18 09:34:40,597 - src.logic - DEBUG - CVE CVE-2025-1004 afeta DEV_Database_02 via Redis
2025-12-18 09:34:40,597 - src.logic - DEBUG - CVE CVE-2025-1004 afeta DEV_Integration_01 via Redis
2025-12-18 09:34:40,597 - src.logic - DEBUG - CVE CVE-2025-1004 afeta TEST_WebPortal_02 via Redis
2025-12-18 09:34:40,597 - src.logic - DEBUG - CVE CVE-2025-1004 afeta TEST_Analytics_01 via Redis
2025-12-18 09:34:40,597 - src.logic - DEBUG - CVE CVE-2025-1004 afeta TEST_Database_02 via Redis
2025-12-18 09:34:40,597 - src.logic - DEBUG - CVE CVE-2025-1004 afeta TEST_Integration_01 via Redis
2025-12-18 09:34:40,598 - src.logic - DEBUG - CVE CVE-2025-1004 afeta PROD_WebPortal_02 via Redis
2025-12-18 09:34:40,598 - src.logic - DEBUG - CVE CVE-2025-1004 afeta PROD_Analytics_01 via Redis
2025-12-18 09:34:40,598 - src.logic - DEBUG - CVE CVE-2025-1004 afeta PROD_Database_02 via Redis
2025-12-18 09:34:40,598 - src.logic - DEBUG - CVE CVE-2025-1004 afeta PROD_Integration_01 via Redis
2025-12-18 09:34:40,598 - src.logic - DEBUG - Prioridade CVE-2025-1004: EPSS=7.12*0.5 + Crit=5.00*0.3 + Sev=5.00*0.2 = 6.06
2025-12-18 09:34:40,598 - src.logic - DEBUG - Prioridade CVE-2025-1004: EPSS=7.12*0.5 + Crit=5.00*0.3 + Sev=5.00*0.2 = 6.06
2025-12-18 09:34:40,598 - src.logic - DEBUG - Prioridade CVE-2025-1004: EPSS=7.12*0.5 + Crit=5.00*0.3 + Sev=5.00*0.2 = 6.06
2025-12-18 09:34:40,598 - src.logic - DEBUG - Prioridade CVE-2025-1004: EPSS=7.12*0.5 + Crit=5.00*0.3 + Sev=5.00*0.2 = 6.06
2025-12-18 09:34:40,598 - src.logic - DEBUG - Prioridade CVE-2025-1004: EPSS=7.12*0.5 + Crit=5.00*0.3 + Sev=5.00*0.2 = 6.06
2025-12-18 09:34:40,598 - src.logic - DEBUG - Prioridade CVE-2025-1004: EPSS=7.12*0.5 + Crit=5.00*0.3 + Sev=5.00*0.2 = 6.06
2025-12-18 09:34:40,598 - src.logic - DEBUG - Prioridade CVE-2025-1004: EPSS=7.12*0.5 + Crit=5.00*0.3 + Sev=5.00*0.2 = 6.06
2025-12-18 09:34:40,598 - src.logic - DEBUG - Prioridade CVE-2025-1004: EPSS=7.12*0.5 + Crit=5.00*0.3 + Sev=5.00*0.2 = 6.06
2025-12-18 09:34:40,598 - src.logic - DEBUG - Prioridade CVE-2025-1004: EPSS=7.12*0.5 + Crit=5.00*0.3 + Sev=5.00*0.2 = 6.06
2025-12-18 09:34:40,598 - src.logic - DEBUG - Prioridade CVE-2025-1004: EPSS=7.12*0.5 + Crit=5.00*0.3 + Sev=5.00*0.2 = 6.06
2025-12-18 09:34:40,599 - src.logic - DEBUG - Prioridade CVE-2025-1004: EPSS=7.12*0.5 + Crit=5.00*0.3 + Sev=5.00*0.2 = 6.06
2025-12-18 09:34:40,599 - src.logic - DEBUG - Prioridade CVE-2025-1004: EPSS=7.12*0.5 + Crit=5.00*0.3 + Sev=5.00*0.2 = 6.06
2025-12-18 09:34:40,599 - src.logic - DEBUG - CVE CVE-2025-1005 afeta DEV_Database_02 via PostgreSQL
2025-12-18 09:34:40,599 - src.logic - DEBUG - CVE CVE-2025-1005 afeta DEV_Monitoring_02 via PostgreSQL
2025-12-18 09:34:40,599 - src.logic - DEBUG - CVE CVE-2025-1005 afeta TEST_Database_02 via PostgreSQL
2025-12-18 09:34:40,599 - src.logic - DEBUG - CVE CVE-2025-1005 afeta TEST_Monitoring_02 via PostgreSQL
2025-12-18 09:34:40,599 - src.logic - DEBUG - CVE CVE-2025-1005 afeta PROD_Database_02 via PostgreSQL
2025-12-18 09:34:40,599 - src.logic - DEBUG - CVE CVE-2025-1005 afeta PROD_Monitoring_02 via PostgreSQL
2025-12-18 09:34:40,599 - src.logic - DEBUG - Prioridade CVE-2025-1005: EPSS=5.87*0.5 + Crit=9.00*0.3 + Sev=10.00*0.2 = 7.63
2025-12-18 09:34:40,599 - src.logic - DEBUG - Prioridade CVE-2025-1005: EPSS=5.87*0.5 + Crit=9.00*0.3 + Sev=10.00*0.2 = 7.63
2025-12-18 09:34:40,599 - src.logic - DEBUG - Prioridade CVE-2025-1005: EPSS=5.87*0.5 + Crit=9.00*0.3 + Sev=10.00*0.2 = 7.63
2025-12-18 09:34:40,599 - src.logic - DEBUG - Prioridade CVE-2025-1005: EPSS=5.87*0.5 + Crit=9.00*0.3 + Sev=10.00*0.2 = 7.63
2025-12-18 09:34:40,600 - src.logic - DEBUG - Prioridade CVE-2025-1005: EPSS=5.87*0.5 + Crit=9.00*0.3 + Sev=10.00*0.2 = 7.63
2025-12-18 09:34:40,600 - src.logic - DEBUG - Prioridade CVE-2025-1005: EPSS=5.87*0.5 + Crit=9.00*0.3 + Sev=10.00*0.2 = 7.63
2025-12-18 09:34:40,600 - src.logic - DEBUG - CVE CVE-2025-1006 afeta DEV_Email_01 via Exchange
2025-12-18 09:34:40,600 - src.logic - DEBUG - CVE CVE-2025-1006 afeta DEV_Email_02 via Exchange
2025-12-18 09:34:40,600 - src.logic - DEBUG - CVE CVE-2025-1006 afeta TEST_Email_01 via Exchange
2025-12-18 09:34:40,600 - src.logic - DEBUG - CVE CVE-2025-1006 afeta TEST_Email_02 via Exchange
2025-12-18 09:34:40,600 - src.logic - DEBUG - CVE CVE-2025-1006 afeta PROD_Email_01 via Exchange
2025-12-18 09:34:40,600 - src.logic - DEBUG - CVE CVE-2025-1006 afeta PROD_Email_02 via Exchange
2025-12-18 09:34:40,600 - src.logic - DEBUG - Prioridade CVE-2025-1006: EPSS=6.94*0.5 + Crit=9.00*0.3 + Sev=5.00*0.2 = 7.17
2025-12-18 09:34:40,600 - src.logic - DEBUG - Prioridade CVE-2025-1006: EPSS=6.94*0.5 + Crit=9.00*0.3 + Sev=5.00*0.2 = 7.17
2025-12-18 09:34:40,600 - src.logic - DEBUG - Prioridade CVE-2025-1006: EPSS=6.94*0.5 + Crit=9.00*0.3 + Sev=5.00*0.2 = 7.17
2025-12-18 09:34:40,600 - src.logic - DEBUG - Prioridade CVE-2025-1006: EPSS=6.94*0.5 + Crit=9.00*0.3 + Sev=5.00*0.2 = 7.17
2025-12-18 09:34:40,600 - src.logic - DEBUG - Prioridade CVE-2025-1006: EPSS=6.94*0.5 + Crit=9.00*0.3 + Sev=5.00*0.2 = 7.17
2025-12-18 09:34:40,601 - src.logic - DEBUG - Prioridade CVE-2025-1006: EPSS=6.94*0.5 + Crit=9.00*0.3 + Sev=5.00*0.2 = 7.17
2025-12-18 09:34:40,601 - src.logic - DEBUG - CVE CVE-2025-1007 afeta DEV_ERP_01 via MySQL Server
2025-12-18 09:34:40,601 - src.logic - DEBUG - CVE CVE-2025-1007 afeta DEV_ERP_02 via MySQL Server
2025-12-18 09:34:40,601 - src.logic - DEBUG - CVE CVE-2025-1007 afeta DEV_Database_02 via MySQL Server
2025-12-18 09:34:40,601 - src.logic - DEBUG - CVE CVE-2025-1007 afeta TEST_ERP_01 via MySQL Server
2025-12-18 09:34:40,601 - src.logic - DEBUG - CVE CVE-2025-1007 afeta TEST_ERP_02 via MySQL Server
2025-12-18 09:34:40,602 - src.logic - DEBUG - CVE CVE-2025-1007 afeta TEST_Database_02 via MySQL Server
2025-12-18 09:34:40,602 - src.logic - DEBUG - CVE CVE-2025-1007 afeta PROD_ERP_01 via MySQL Server
2025-12-18 09:34:40,602 - src.logic - DEBUG - CVE CVE-2025-1007 afeta PROD_ERP_02 via MySQL Server
2025-12-18 09:34:40,602 - src.logic - DEBUG - CVE CVE-2025-1007 afeta PROD_Database_02 via MySQL Server
2025-12-18 09:34:40,602 - src.logic - DEBUG - Prioridade CVE-2025-1007: EPSS=2.21*0.5 + Crit=9.00*0.3 + Sev=5.00*0.2 = 4.80
2025-12-18 09:34:40,602 - src.logic - DEBUG - Prioridade CVE-2025-1007: EPSS=2.21*0.5 + Crit=9.00*0.3 + Sev=5.00*0.2 = 4.80
2025-12-18 09:34:40,602 - src.logic - DEBUG - Prioridade CVE-2025-1007: EPSS=2.21*0.5 + Crit=9.00*0.3 + Sev=5.00*0.2 = 4.80
2025-12-18 09:34:40,603 - src.logic - DEBUG - Prioridade CVE-2025-1007: EPSS=2.21*0.5 + Crit=9.00*0.3 + Sev=5.00*0.2 = 4.80
2025-12-18 09:34:40,603 - src.logic - DEBUG - Prioridade CVE-2025-1007: EPSS=2.21*0.5 + Crit=9.00*0.3 + Sev=5.00*0.2 = 4.80
2025-12-18 09:34:40,603 - src.logic - DEBUG - Prioridade CVE-2025-1007: EPSS=2.21*0.5 + Crit=9.00*0.3 + Sev=5.00*0.2 = 4.80
2025-12-18 09:34:40,603 - src.logic - DEBUG - Prioridade CVE-2025-1007: EPSS=2.21*0.5 + Crit=9.00*0.3 + Sev=5.00*0.2 = 4.80
2025-12-18 09:34:40,604 - src.logic - DEBUG - Prioridade CVE-2025-1007: EPSS=2.21*0.5 + Crit=9.00*0.3 + Sev=5.00*0.2 = 4.80
2025-12-18 09:34:40,604 - src.logic - DEBUG - Prioridade CVE-2025-1007: EPSS=2.21*0.5 + Crit=9.00*0.3 + Sev=5.00*0.2 = 4.80
2025-12-18 09:34:40,604 - src.logic - DEBUG - CVE CVE-2025-1008 afeta DEV_Email_01 via Active Directory
2025-12-18 09:34:40,604 - src.logic - DEBUG - CVE CVE-2025-1008 afeta DEV_Email_02 via Active Directory
2025-12-18 09:34:40,604 - src.logic - DEBUG - CVE CVE-2025-1008 afeta TEST_Email_01 via Active Directory
2025-12-18 09:34:40,604 - src.logic - DEBUG - CVE CVE-2025-1008 afeta TEST_Email_02 via Active Directory
2025-12-18 09:34:40,605 - src.logic - DEBUG - CVE CVE-2025-1008 afeta PROD_Email_01 via Active Directory
2025-12-18 09:34:40,605 - src.logic - DEBUG - CVE CVE-2025-1008 afeta PROD_Email_02 via Active Directory
2025-12-18 09:34:40,605 - src.logic - DEBUG - Prioridade CVE-2025-1008: EPSS=3.82*0.5 + Crit=10.00*0.3 + Sev=2.00*0.2 = 5.31
2025-12-18 09:34:40,605 - src.logic - DEBUG - Prioridade CVE-2025-1008: EPSS=3.82*0.5 + Crit=10.00*0.3 + Sev=2.00*0.2 = 5.31
2025-12-18 09:34:40,605 - src.logic - DEBUG - Prioridade CVE-2025-1008: EPSS=3.82*0.5 + Crit=10.00*0.3 + Sev=2.00*0.2 = 5.31
2025-12-18 09:34:40,605 - src.logic - DEBUG - Prioridade CVE-2025-1008: EPSS=3.82*0.5 + Crit=10.00*0.3 + Sev=2.00*0.2 = 5.31
2025-12-18 09:34:40,605 - src.logic - DEBUG - Prioridade CVE-2025-1008: EPSS=3.82*0.5 + Crit=10.00*0.3 + Sev=2.00*0.2 = 5.31
2025-12-18 09:34:40,606 - src.logic - DEBUG - Prioridade CVE-2025-1008: EPSS=3.82*0.5 + Crit=10.00*0.3 + Sev=2.00*0.2 = 5.31
2025-12-18 09:34:40,606 - src.logic - DEBUG - CVE CVE-2025-1009 afeta DEV_ERP_01 via Java
2025-12-18 09:34:40,606 - src.logic - DEBUG - CVE CVE-2025-1009 afeta DEV_ERP_02 via Java
2025-12-18 09:34:40,606 - src.logic - DEBUG - CVE CVE-2025-1009 afeta DEV_Database_01 via Java
2025-12-18 09:34:40,606 - src.logic - DEBUG - CVE CVE-2025-1009 afeta TEST_ERP_01 via Java
2025-12-18 09:34:40,606 - src.logic - DEBUG - CVE CVE-2025-1009 afeta TEST_ERP_02 via Java
2025-12-18 09:34:40,607 - src.logic - DEBUG - CVE CVE-2025-1009 afeta TEST_Database_01 via Java
2025-12-18 09:34:40,607 - src.logic - DEBUG - CVE CVE-2025-1009 afeta PROD_ERP_01 via Java
2025-12-18 09:34:40,607 - src.logic - DEBUG - CVE CVE-2025-1009 afeta PROD_ERP_02 via Java
2025-12-18 09:34:40,607 - src.logic - DEBUG - CVE CVE-2025-1009 afeta PROD_Database_01 via Java
2025-12-18 09:34:40,607 - src.logic - DEBUG - Prioridade CVE-2025-1009: EPSS=8.01*0.5 + Crit=8.00*0.3 + Sev=8.00*0.2 = 8.00
2025-12-18 09:34:40,607 - src.logic - DEBUG - Prioridade CVE-2025-1009: EPSS=8.01*0.5 + Crit=8.00*0.3 + Sev=8.00*0.2 = 8.00
2025-12-18 09:34:40,608 - src.logic - DEBUG - Prioridade CVE-2025-1009: EPSS=8.01*0.5 + Crit=8.00*0.3 + Sev=8.00*0.2 = 8.00
2025-12-18 09:34:40,608 - src.logic - DEBUG - Prioridade CVE-2025-1009: EPSS=8.01*0.5 + Crit=8.00*0.3 + Sev=8.00*0.2 = 8.00
2025-12-18 09:34:40,608 - src.logic - DEBUG - Prioridade CVE-2025-1009: EPSS=8.01*0.5 + Crit=8.00*0.3 + Sev=8.00*0.2 = 8.00
2025-12-18 09:34:40,608 - src.logic - DEBUG - Prioridade CVE-2025-1009: EPSS=8.01*0.5 + Crit=8.00*0.3 + Sev=8.00*0.2 = 8.00
2025-12-18 09:34:40,608 - src.logic - DEBUG - Prioridade CVE-2025-1009: EPSS=8.01*0.5 + Crit=8.00*0.3 + Sev=8.00*0.2 = 8.00
2025-12-18 09:34:40,608 - src.logic - DEBUG - Prioridade CVE-2025-1009: EPSS=8.01*0.5 + Crit=8.00*0.3 + Sev=8.00*0.2 = 8.00
2025-12-18 09:34:40,609 - src.logic - DEBUG - Prioridade CVE-2025-1009: EPSS=8.01*0.5 + Crit=8.00*0.3 + Sev=8.00*0.2 = 8.00
2025-12-18 09:34:40,609 - src.logic - DEBUG - CVE CVE-2025-1010 afeta DEV_Email_01 via Active Directory
2025-12-18 09:34:40,609 - src.logic - DEBUG - CVE CVE-2025-1010 afeta DEV_Email_02 via Active Directory
2025-12-18 09:34:40,609 - src.logic - DEBUG - CVE CVE-2025-1010 afeta TEST_Email_01 via Active Directory
2025-12-18 09:34:40,609 - src.logic - DEBUG - CVE CVE-2025-1010 afeta TEST_Email_02 via Active Directory
2025-12-18 09:34:40,610 - src.logic - DEBUG - CVE CVE-2025-1010 afeta PROD_Email_01 via Active Directory
2025-12-18 09:34:40,610 - src.logic - DEBUG - CVE CVE-2025-1010 afeta PROD_Email_02 via Active Directory
2025-12-18 09:34:40,610 - src.logic - DEBUG - Prioridade CVE-2025-1010: EPSS=0.87*0.5 + Crit=10.00*0.3 + Sev=10.00*0.2 = 5.44
2025-12-18 09:34:40,610 - src.logic - DEBUG - Prioridade CVE-2025-1010: EPSS=0.87*0.5 + Crit=10.00*0.3 + Sev=10.00*0.2 = 5.44
2025-12-18 09:34:40,610 - src.logic - DEBUG - Prioridade CVE-2025-1010: EPSS=0.87*0.5 + Crit=10.00*0.3 + Sev=10.00*0.2 = 5.44
2025-12-18 09:34:40,610 - src.logic - DEBUG - Prioridade CVE-2025-1010: EPSS=0.87*0.5 + Crit=10.00*0.3 + Sev=10.00*0.2 = 5.44
2025-12-18 09:34:40,610 - src.logic - DEBUG - Prioridade CVE-2025-1010: EPSS=0.87*0.5 + Crit=10.00*0.3 + Sev=10.00*0.2 = 5.44
2025-12-18 09:34:40,611 - src.logic - DEBUG - Prioridade CVE-2025-1010: EPSS=0.87*0.5 + Crit=10.00*0.3 + Sev=10.00*0.2 = 5.44
2025-12-18 09:34:40,611 - src.logic - DEBUG - CVE CVE-2025-1011 afeta DEV_WebPortal_01 via .NET Framework
2025-12-18 09:34:40,611 - src.logic - DEBUG - CVE CVE-2025-1011 afeta DEV_WebPortal_02 via .NET Framework
2025-12-18 09:34:40,611 - src.logic - DEBUG - CVE CVE-2025-1011 afeta DEV_FileServices_02 via .NET Framework
2025-12-18 09:34:40,611 - src.logic - DEBUG - CVE CVE-2025-1011 afeta DEV_CRM_01 via .NET Framework
2025-12-18 09:34:40,612 - src.logic - DEBUG - CVE CVE-2025-1011 afeta TEST_WebPortal_01 via .NET Framework
2025-12-18 09:34:40,612 - src.logic - DEBUG - CVE CVE-2025-1011 afeta TEST_WebPortal_02 via .NET Framework
2025-12-18 09:34:40,612 - src.logic - DEBUG - CVE CVE-2025-1011 afeta TEST_FileServices_02 via .NET Framework
2025-12-18 09:34:40,612 - src.logic - DEBUG - CVE CVE-2025-1011 afeta TEST_CRM_01 via .NET Framework
2025-12-18 09:34:40,612 - src.logic - DEBUG - CVE CVE-2025-1011 afeta PROD_WebPortal_01 via .NET Framework
2025-12-18 09:34:40,612 - src.logic - DEBUG - CVE CVE-2025-1011 afeta PROD_WebPortal_02 via .NET Framework
2025-12-18 09:34:40,612 - src.logic - DEBUG - CVE CVE-2025-1011 afeta PROD_FileServices_02 via .NET Framework
2025-12-18 09:34:40,612 - src.logic - DEBUG - CVE CVE-2025-1011 afeta PROD_CRM_01 via .NET Framework
2025-12-18 09:34:40,613 - src.logic - DEBUG - Prioridade CVE-2025-1011: EPSS=5.76*0.5 + Crit=7.00*0.3 + Sev=8.00*0.2 = 6.58
2025-12-18 09:34:40,613 - src.logic - DEBUG - Prioridade CVE-2025-1011: EPSS=5.76*0.5 + Crit=7.00*0.3 + Sev=8.00*0.2 = 6.58
2025-12-18 09:34:40,613 - src.logic - DEBUG - Prioridade CVE-2025-1011: EPSS=5.76*0.5 + Crit=7.00*0.3 + Sev=8.00*0.2 = 6.58
2025-12-18 09:34:40,613 - src.logic - DEBUG - Prioridade CVE-2025-1011: EPSS=5.76*0.5 + Crit=7.00*0.3 + Sev=8.00*0.2 = 6.58
2025-12-18 09:34:40,613 - src.logic - DEBUG - Prioridade CVE-2025-1011: EPSS=5.76*0.5 + Crit=7.00*0.3 + Sev=8.00*0.2 = 6.58
2025-12-18 09:34:40,613 - src.logic - DEBUG - Prioridade CVE-2025-1011: EPSS=5.76*0.5 + Crit=7.00*0.3 + Sev=8.00*0.2 = 6.58
2025-12-18 09:34:40,613 - src.logic - DEBUG - Prioridade CVE-2025-1011: EPSS=5.76*0.5 + Crit=7.00*0.3 + Sev=8.00*0.2 = 6.58
2025-12-18 09:34:40,613 - src.logic - DEBUG - Prioridade CVE-2025-1011: EPSS=5.76*0.5 + Crit=7.00*0.3 + Sev=8.00*0.2 = 6.58
2025-12-18 09:34:40,613 - src.logic - DEBUG - Prioridade CVE-2025-1011: EPSS=5.76*0.5 + Crit=7.00*0.3 + Sev=8.00*0.2 = 6.58
2025-12-18 09:34:40,613 - src.logic - DEBUG - Prioridade CVE-2025-1011: EPSS=5.76*0.5 + Crit=7.00*0.3 + Sev=8.00*0.2 = 6.58
2025-12-18 09:34:40,614 - src.logic - DEBUG - Prioridade CVE-2025-1011: EPSS=5.76*0.5 + Crit=7.00*0.3 + Sev=8.00*0.2 = 6.58
2025-12-18 09:34:40,614 - src.logic - DEBUG - Prioridade CVE-2025-1011: EPSS=5.76*0.5 + Crit=7.00*0.3 + Sev=8.00*0.2 = 6.58
2025-12-18 09:34:40,614 - src.logic - DEBUG - CVE CVE-2025-1012 afeta DEV_Integration_02 via RabbitMQ
2025-12-18 09:34:40,614 - src.logic - DEBUG - CVE CVE-2025-1012 afeta TEST_Integration_02 via RabbitMQ
2025-12-18 09:34:40,614 - src.logic - DEBUG - CVE CVE-2025-1012 afeta PROD_Integration_02 via RabbitMQ
2025-12-18 09:34:40,614 - src.logic - DEBUG - Prioridade CVE-2025-1012: EPSS=7.68*0.5 + Crit=7.00*0.3 + Sev=5.00*0.2 = 6.94
2025-12-18 09:34:40,614 - src.logic - DEBUG - Prioridade CVE-2025-1012: EPSS=7.68*0.5 + Crit=7.00*0.3 + Sev=5.00*0.2 = 6.94
2025-12-18 09:34:40,614 - src.logic - DEBUG - Prioridade CVE-2025-1012: EPSS=7.68*0.5 + Crit=7.00*0.3 + Sev=5.00*0.2 = 6.94
2025-12-18 09:34:40,614 - src.logic - DEBUG - CVE CVE-2025-1013 afeta DEV_Database_02 via PostgreSQL
2025-12-18 09:34:40,614 - src.logic - DEBUG - CVE CVE-2025-1013 afeta DEV_Monitoring_02 via PostgreSQL
2025-12-18 09:34:40,614 - src.logic - DEBUG - CVE CVE-2025-1013 afeta TEST_Database_02 via PostgreSQL
2025-12-18 09:34:40,614 - src.logic - DEBUG - CVE CVE-2025-1013 afeta TEST_Monitoring_02 via PostgreSQL
2025-12-18 09:34:40,614 - src.logic - DEBUG - CVE CVE-2025-1013 afeta PROD_Database_02 via PostgreSQL
2025-12-18 09:34:40,615 - src.logic - DEBUG - CVE CVE-2025-1013 afeta PROD_Monitoring_02 via PostgreSQL
2025-12-18 09:34:40,615 - src.logic - DEBUG - Prioridade CVE-2025-1013: EPSS=3.83*0.5 + Crit=9.00*0.3 + Sev=2.00*0.2 = 5.02
2025-12-18 09:34:40,615 - src.logic - DEBUG - Prioridade CVE-2025-1013: EPSS=3.83*0.5 + Crit=9.00*0.3 + Sev=2.00*0.2 = 5.02
2025-12-18 09:34:40,615 - src.logic - DEBUG - Prioridade CVE-2025-1013: EPSS=3.83*0.5 + Crit=9.00*0.3 + Sev=2.00*0.2 = 5.02
2025-12-18 09:34:40,615 - src.logic - DEBUG - Prioridade CVE-2025-1013: EPSS=3.83*0.5 + Crit=9.00*0.3 + Sev=2.00*0.2 = 5.02
2025-12-18 09:34:40,615 - src.logic - DEBUG - Prioridade CVE-2025-1013: EPSS=3.83*0.5 + Crit=9.00*0.3 + Sev=2.00*0.2 = 5.02
2025-12-18 09:34:40,615 - src.logic - DEBUG - Prioridade CVE-2025-1013: EPSS=3.83*0.5 + Crit=9.00*0.3 + Sev=2.00*0.2 = 5.02
2025-12-18 09:34:40,615 - src.logic - DEBUG - CVE CVE-2025-1014 afeta DEV_WebPortal_01 via ASP.NET Core
2025-12-18 09:34:40,616 - src.logic - DEBUG - CVE CVE-2025-1014 afeta TEST_WebPortal_01 via ASP.NET Core
2025-12-18 09:34:40,616 - src.logic - DEBUG - CVE CVE-2025-1014 afeta PROD_WebPortal_01 via ASP.NET Core
2025-12-18 09:34:40,616 - src.logic - DEBUG - Prioridade CVE-2025-1014: EPSS=1.69*0.5 + Crit=7.00*0.3 + Sev=8.00*0.2 = 4.54
2025-12-18 09:34:40,616 - src.logic - DEBUG - Prioridade CVE-2025-1014: EPSS=1.69*0.5 + Crit=7.00*0.3 + Sev=8.00*0.2 = 4.54
2025-12-18 09:34:40,616 - src.logic - DEBUG - Prioridade CVE-2025-1014: EPSS=1.69*0.5 + Crit=7.00*0.3 + Sev=8.00*0.2 = 4.54
2025-12-18 09:34:40,616 - src.logic - DEBUG - CVE CVE-2025-1015 afeta DEV_Integration_02 via RabbitMQ
2025-12-18 09:34:40,617 - src.logic - DEBUG - CVE CVE-2025-1015 afeta TEST_Integration_02 via RabbitMQ
2025-12-18 09:34:40,617 - src.logic - DEBUG - CVE CVE-2025-1015 afeta PROD_Integration_02 via RabbitMQ
2025-12-18 09:34:40,617 - src.logic - DEBUG - Prioridade CVE-2025-1015: EPSS=6.98*0.5 + Crit=7.00*0.3 + Sev=8.00*0.2 = 7.19
2025-12-18 09:34:40,618 - src.logic - DEBUG - Prioridade CVE-2025-1015: EPSS=6.98*0.5 + Crit=7.00*0.3 + Sev=8.00*0.2 = 7.19
2025-12-18 09:34:40,618 - src.logic - DEBUG - Prioridade CVE-2025-1015: EPSS=6.98*0.5 + Crit=7.00*0.3 + Sev=8.00*0.2 = 7.19
2025-12-18 09:34:40,618 - src.logic - DEBUG - CVE CVE-2025-1016 afeta DEV_WebPortal_01 via ASP.NET Core
2025-12-18 09:34:40,618 - src.logic - DEBUG - CVE CVE-2025-1016 afeta TEST_WebPortal_01 via ASP.NET Core
2025-12-18 09:34:40,618 - src.logic - DEBUG - CVE CVE-2025-1016 afeta PROD_WebPortal_01 via ASP.NET Core
2025-12-18 09:34:40,618 - src.logic - DEBUG - Prioridade CVE-2025-1016: EPSS=5.33*0.5 + Crit=7.00*0.3 + Sev=5.00*0.2 = 5.77
2025-12-18 09:34:40,618 - src.logic - DEBUG - Prioridade CVE-2025-1016: EPSS=5.33*0.5 + Crit=7.00*0.3 + Sev=5.00*0.2 = 5.77
2025-12-18 09:34:40,619 - src.logic - DEBUG - Prioridade CVE-2025-1016: EPSS=5.33*0.5 + Crit=7.00*0.3 + Sev=5.00*0.2 = 5.77
2025-12-18 09:34:40,619 - src.logic - DEBUG - CVE CVE-2025-1017 afeta DEV_Security_01 via CrowdStrike Falcon
2025-12-18 09:34:40,619 - src.logic - DEBUG - CVE CVE-2025-1017 afeta TEST_Security_01 via CrowdStrike Falcon
2025-12-18 09:34:40,619 - src.logic - DEBUG - CVE CVE-2025-1017 afeta PROD_Security_01 via CrowdStrike Falcon
2025-12-18 09:34:40,619 - src.logic - DEBUG - Prioridade CVE-2025-1017: EPSS=3.82*0.5 + Crit=9.00*0.3 + Sev=10.00*0.2 = 6.61
2025-12-18 09:34:40,619 - src.logic - DEBUG - Prioridade CVE-2025-1017: EPSS=3.82*0.5 + Crit=9.00*0.3 + Sev=10.00*0.2 = 6.61
2025-12-18 09:34:40,620 - src.logic - DEBUG - Prioridade CVE-2025-1017: EPSS=3.82*0.5 + Crit=9.00*0.3 + Sev=10.00*0.2 = 6.61
2025-12-18 09:34:40,620 - src.logic - DEBUG - CVE CVE-2025-1018 afeta DEV_Integration_02 via Nginx
2025-12-18 09:34:40,620 - src.logic - DEBUG - CVE CVE-2025-1018 afeta TEST_Integration_02 via Nginx
2025-12-18 09:34:40,620 - src.logic - DEBUG - CVE CVE-2025-1018 afeta PROD_Integration_02 via Nginx
2025-12-18 09:34:40,620 - src.logic - DEBUG - Prioridade CVE-2025-1018: EPSS=6.81*0.5 + Crit=6.00*0.3 + Sev=5.00*0.2 = 6.21
2025-12-18 09:34:40,620 - src.logic - DEBUG - Prioridade CVE-2025-1018: EPSS=6.81*0.5 + Crit=6.00*0.3 + Sev=5.00*0.2 = 6.21
2025-12-18 09:34:40,620 - src.logic - DEBUG - Prioridade CVE-2025-1018: EPSS=6.81*0.5 + Crit=6.00*0.3 + Sev=5.00*0.2 = 6.21
2025-12-18 09:34:40,620 - src.logic - DEBUG - CVE CVE-2025-1019 afeta DEV_Database_02 via PostgreSQL
2025-12-18 09:34:40,621 - src.logic - DEBUG - CVE CVE-2025-1019 afeta DEV_Monitoring_02 via PostgreSQL
2025-12-18 09:34:40,621 - src.logic - DEBUG - CVE CVE-2025-1019 afeta TEST_Database_02 via PostgreSQL
2025-12-18 09:34:40,621 - src.logic - DEBUG - CVE CVE-2025-1019 afeta TEST_Monitoring_02 via PostgreSQL
2025-12-18 09:34:40,621 - src.logic - DEBUG - CVE CVE-2025-1019 afeta PROD_Database_02 via PostgreSQL
2025-12-18 09:34:40,621 - src.logic - DEBUG - CVE CVE-2025-1019 afeta PROD_Monitoring_02 via PostgreSQL
2025-12-18 09:34:40,621 - src.logic - DEBUG - Prioridade CVE-2025-1019: EPSS=7.99*0.5 + Crit=9.00*0.3 + Sev=2.00*0.2 = 7.10
2025-12-18 09:34:40,622 - src.logic - DEBUG - Prioridade CVE-2025-1019: EPSS=7.99*0.5 + Crit=9.00*0.3 + Sev=2.00*0.2 = 7.10
2025-12-18 09:34:40,622 - src.logic - DEBUG - Prioridade CVE-2025-1019: EPSS=7.99*0.5 + Crit=9.00*0.3 + Sev=2.00*0.2 = 7.10
2025-12-18 09:34:40,622 - src.logic - DEBUG - Prioridade CVE-2025-1019: EPSS=7.99*0.5 + Crit=9.00*0.3 + Sev=2.00*0.2 = 7.10
2025-12-18 09:34:40,622 - src.logic - DEBUG - Prioridade CVE-2025-1019: EPSS=7.99*0.5 + Crit=9.00*0.3 + Sev=2.00*0.2 = 7.10
2025-12-18 09:34:40,622 - src.logic - DEBUG - Prioridade CVE-2025-1019: EPSS=7.99*0.5 + Crit=9.00*0.3 + Sev=2.00*0.2 = 7.10
2025-12-18 09:34:40,622 - __main__ - INFO - Tarefas válidas: 114, Descartadas (RTO): 0
2025-12-18 09:34:40,622 - src.dependency_manager - INFO - DependencyManager inicializado com 10 grupos de dependência
2025-12-18 09:34:40,622 - src.dependency_manager - DEBUG -   GRP_WebPortal: DEV=2, TEST=2, PROD=2
2025-12-18 09:34:40,622 - src.dependency_manager - DEBUG -   GRP_ERP: DEV=2, TEST=2, PROD=2
2025-12-18 09:34:40,623 - src.dependency_manager - DEBUG -   GRP_Analytics: DEV=2, TEST=2, PROD=2
2025-12-18 09:34:40,623 - src.dependency_manager - DEBUG -   GRP_Email: DEV=2, TEST=2, PROD=2
2025-12-18 09:34:40,623 - src.dependency_manager - DEBUG -   GRP_FileServices: DEV=2, TEST=2, PROD=2
2025-12-18 09:34:40,623 - src.dependency_manager - DEBUG -   GRP_CRM: DEV=2, TEST=2, PROD=2
2025-12-18 09:34:40,623 - src.dependency_manager - DEBUG -   GRP_Database: DEV=2, TEST=2, PROD=2
2025-12-18 09:34:40,623 - src.dependency_manager - DEBUG -   GRP_Security: DEV=2, TEST=2, PROD=2
2025-12-18 09:34:40,623 - src.dependency_manager - DEBUG -   GRP_Integration: DEV=2, TEST=2, PROD=2
2025-12-18 09:34:40,623 - src.dependency_manager - DEBUG -   GRP_Monitoring: DEV=2, TEST=2, PROD=2
2025-12-18 09:34:40,624 - __main__ - WARNING - Bloqueado: CVE-2025-1000 para PROD_WebPortal_01 - Patch CVE-2025-1000 ainda não foi testado em TEST para grupo GRP_WebPortal
2025-12-18 09:34:40,624 - __main__ - WARNING - Bloqueado: CVE-2025-1001 para PROD_Database_02 - Patch CVE-2025-1001 ainda não foi testado em TEST para grupo GRP_Database
2025-12-18 09:34:40,624 - __main__ - WARNING - Bloqueado: CVE-2025-1001 para PROD_Monitoring_02 - Patch CVE-2025-1001 ainda não foi testado em TEST para grupo GRP_Monitoring
2025-12-18 09:34:40,624 - __main__ - WARNING - Bloqueado: CVE-2025-1002 para PROD_Integration_02 - Patch CVE-2025-1002 ainda não foi testado em TEST para grupo GRP_Integration
2025-12-18 09:34:40,624 - __main__ - WARNING - Bloqueado: CVE-2025-1003 para PROD_Analytics_02 - Patch CVE-2025-1003 ainda não foi testado em TEST para grupo GRP_Analytics
2025-12-18 09:34:40,624 - __main__ - WARNING - Bloqueado: CVE-2025-1003 para PROD_Monitoring_01 - Patch CVE-2025-1003 ainda não foi testado em TEST para grupo GRP_Monitoring
2025-12-18 09:34:40,625 - __main__ - WARNING - Bloqueado: CVE-2025-1004 para PROD_WebPortal_02 - Patch CVE-2025-1004 ainda não foi testado em TEST para grupo GRP_WebPortal
2025-12-18 09:34:40,625 - __main__ - WARNING - Bloqueado: CVE-2025-1004 para PROD_Analytics_01 - Patch CVE-2025-1004 ainda não foi testado em TEST para grupo GRP_Analytics
2025-12-18 09:34:40,625 - __main__ - WARNING - Bloqueado: CVE-2025-1004 para PROD_Database_02 - Patch CVE-2025-1004 ainda não foi testado em TEST para grupo GRP_Database
2025-12-18 09:34:40,625 - __main__ - WARNING - Bloqueado: CVE-2025-1004 para PROD_Integration_01 - Patch CVE-2025-1004 ainda não foi testado em TEST para grupo GRP_Integration
2025-12-18 09:34:40,625 - __main__ - WARNING - Bloqueado: CVE-2025-1005 para PROD_Database_02 - Patch CVE-2025-1005 ainda não foi testado em TEST para grupo GRP_Database
2025-12-18 09:34:40,625 - __main__ - WARNING - Bloqueado: CVE-2025-1005 para PROD_Monitoring_02 - Patch CVE-2025-1005 ainda não foi testado em TEST para grupo GRP_Monitoring
2025-12-18 09:34:40,625 - __main__ - WARNING - Bloqueado: CVE-2025-1006 para PROD_Email_01 - Patch CVE-2025-1006 ainda não foi testado em TEST para grupo GRP_Email
2025-12-18 09:34:40,625 - __main__ - WARNING - Bloqueado: CVE-2025-1006 para PROD_Email_02 - Patch CVE-2025-1006 ainda não foi testado em TEST para grupo GRP_Email
2025-12-18 09:34:40,626 - __main__ - WARNING - Bloqueado: CVE-2025-1007 para PROD_ERP_01 - Patch CVE-2025-1007 ainda não foi testado em TEST para grupo GRP_ERP
2025-12-18 09:34:40,629 - __main__ - WARNING - Bloqueado: CVE-2025-1007 para PROD_ERP_02 - Patch CVE-2025-1007 ainda não foi testado em TEST para grupo GRP_ERP
2025-12-18 09:34:40,630 - __main__ - WARNING - Bloqueado: CVE-2025-1007 para PROD_Database_02 - Patch CVE-2025-1007 ainda não foi testado em TEST para grupo GRP_Database
2025-12-18 09:34:40,631 - __main__ - WARNING - Bloqueado: CVE-2025-1008 para PROD_Email_01 - Patch CVE-2025-1008 ainda não foi testado em TEST para grupo GRP_Email
2025-12-18 09:34:40,631 - __main__ - WARNING - Bloqueado: CVE-2025-1008 para PROD_Email_02 - Patch CVE-2025-1008 ainda não foi testado em TEST para grupo GRP_Email
2025-12-18 09:34:40,631 - __main__ - WARNING - Bloqueado: CVE-2025-1009 para PROD_ERP_01 - Patch CVE-2025-1009 ainda não foi testado em TEST para grupo GRP_ERP
2025-12-18 09:34:40,631 - __main__ - WARNING - Bloqueado: CVE-2025-1009 para PROD_ERP_02 - Patch CVE-2025-1009 ainda não foi testado em TEST para grupo GRP_ERP
2025-12-18 09:34:40,631 - __main__ - WARNING - Bloqueado: CVE-2025-1009 para PROD_Database_01 - Patch CVE-2025-1009 ainda não foi testado em TEST para grupo GRP_Database
2025-12-18 09:34:40,631 - __main__ - WARNING - Bloqueado: CVE-2025-1010 para PROD_Email_01 - Patch CVE-2025-1010 ainda não foi testado em TEST para grupo GRP_Email
2025-12-18 09:34:40,632 - __main__ - WARNING - Bloqueado: CVE-2025-1010 para PROD_Email_02 - Patch CVE-2025-1010 ainda não foi testado em TEST para grupo GRP_Email
2025-12-18 09:34:40,632 - __main__ - WARNING - Bloqueado: CVE-2025-1011 para PROD_WebPortal_01 - Patch CVE-2025-1011 ainda não foi testado em TEST para grupo GRP_WebPortal
2025-12-18 09:34:40,632 - __main__ - WARNING - Bloqueado: CVE-2025-1011 para PROD_WebPortal_02 - Patch CVE-2025-1011 ainda não foi testado em TEST para grupo GRP_WebPortal
2025-12-18 09:34:40,632 - __main__ - WARNING - Bloqueado: CVE-2025-1011 para PROD_FileServices_02 - Patch CVE-2025-1011 ainda não foi testado em TEST para grupo GRP_FileServices
2025-12-18 09:34:40,632 - __main__ - WARNING - Bloqueado: CVE-2025-1011 para PROD_CRM_01 - Patch CVE-2025-1011 ainda não foi testado em TEST para grupo GRP_CRM
2025-12-18 09:34:40,632 - __main__ - WARNING - Bloqueado: CVE-2025-1012 para PROD_Integration_02 - Patch CVE-2025-1012 ainda não foi testado em TEST para grupo GRP_Integration
2025-12-18 09:34:40,632 - __main__ - WARNING - Bloqueado: CVE-2025-1013 para PROD_Database_02 - Patch CVE-2025-1013 ainda não foi testado em TEST para grupo GRP_Database
2025-12-18 09:34:40,633 - __main__ - WARNING - Bloqueado: CVE-2025-1013 para PROD_Monitoring_02 - Patch CVE-2025-1013 ainda não foi testado em TEST para grupo GRP_Monitoring
2025-12-18 09:34:40,633 - __main__ - WARNING - Bloqueado: CVE-2025-1014 para PROD_WebPortal_01 - Patch CVE-2025-1014 ainda não foi testado em TEST para grupo GRP_WebPortal
2025-12-18 09:34:40,633 - __main__ - WARNING - Bloqueado: CVE-2025-1015 para PROD_Integration_02 - Patch CVE-2025-1015 ainda não foi testado em TEST para grupo GRP_Integration
2025-12-18 09:34:40,633 - __main__ - WARNING - Bloqueado: CVE-2025-1016 para PROD_WebPortal_01 - Patch CVE-2025-1016 ainda não foi testado em TEST para grupo GRP_WebPortal
2025-12-18 09:34:40,633 - __main__ - WARNING - Bloqueado: CVE-2025-1017 para PROD_Security_01 - Patch CVE-2025-1017 ainda não foi testado em TEST para grupo GRP_Security
2025-12-18 09:34:40,633 - __main__ - WARNING - Bloqueado: CVE-2025-1018 para PROD_Integration_02 - Patch CVE-2025-1018 ainda não foi testado em TEST para grupo GRP_Integration
2025-12-18 09:34:40,634 - __main__ - WARNING - Bloqueado: CVE-2025-1019 para PROD_Database_02 - Patch CVE-2025-1019 ainda não foi testado em TEST para grupo GRP_Database
2025-12-18 09:34:40,634 - __main__ - WARNING - Bloqueado: CVE-2025-1019 para PROD_Monitoring_02 - Patch CVE-2025-1019 ainda não foi testado em TEST para grupo GRP_Monitoring
2025-12-18 09:34:40,634 - __main__ - INFO - Dependências aplicadas: 38 DEV, 38 TEST, 0 PROD permitidos, 38 PROD bloqueados
2025-12-18 09:34:40,635 - __main__ - INFO - A executar agendamento...
2025-12-18 09:34:40,635 - __main__ - INFO - Horizonte de planeamento: 7 dias (1 semanas)
2025-12-18 09:34:40,635 - src.planner - INFO - Horizonte de planeamento: 1 semanas (168 horas)
2025-12-18 09:34:40,638 - src.planner - DEBUG - Server DEV_ERP_01 reservado: 128h-131h (dia 5)
2025-12-18 09:34:40,638 - src.planner - DEBUG - Worker Tech_01 reservado: 128h-131h (dia 5)
2025-12-18 09:34:40,638 - src.planner - DEBUG - Worker Tech_04 reservado: 128h-131h (dia 5)
2025-12-18 09:34:40,639 - src.logic - DEBUG - Worker Tech_01 ocupado em 128-131
2025-12-18 09:34:40,640 - src.logic - DEBUG - Worker Tech_04 ocupado em 128-131
2025-12-18 09:34:40,640 - src.planner - DEBUG - Server DEV_ERP_02 reservado: 128h-131h (dia 5)
2025-12-18 09:34:40,640 - src.planner - DEBUG - Worker Tech_05 reservado: 128h-131h (dia 5)
2025-12-18 09:34:40,641 - src.planner - DEBUG - Worker Tech_06 reservado: 128h-131h (dia 5)
2025-12-18 09:34:40,644 - src.logic - DEBUG - Worker Tech_01 ocupado em 128-131
2025-12-18 09:34:40,644 - src.logic - DEBUG - Worker Tech_04 ocupado em 128-131
2025-12-18 09:34:40,644 - src.logic - DEBUG - Worker Tech_05 ocupado em 128-131
2025-12-18 09:34:40,644 - src.logic - DEBUG - Worker Tech_06 ocupado em 128-131
2025-12-18 09:34:40,644 - src.planner - DEBUG - Server DEV_Database_01 reservado: 128h-131h (dia 5)
2025-12-18 09:34:40,645 - src.planner - DEBUG - Worker Tech_07 reservado: 128h-131h (dia 5)
2025-12-18 09:34:40,645 - src.planner - DEBUG - Worker Tech_08 reservado: 128h-131h (dia 5)
2025-12-18 09:34:40,645 - src.logic - DEBUG - Worker Tech_01 ocupado em 128-131
2025-12-18 09:34:40,645 - src.logic - DEBUG - Worker Tech_05 ocupado em 128-131
2025-12-18 09:34:40,646 - src.logic - DEBUG - Worker Tech_06 ocupado em 128-131
2025-12-18 09:34:40,646 - src.logic - DEBUG - Worker Tech_07 ocupado em 128-131
2025-12-18 09:34:40,646 - src.logic - DEBUG - Worker Tech_08 ocupado em 128-131
2025-12-18 09:34:40,646 - src.planner - DEBUG - Server TEST_ERP_01 reservado: 128h-131h (dia 5)
2025-12-18 09:34:40,646 - src.planner - DEBUG - Worker Tech_09 reservado: 128h-131h (dia 5)
2025-12-18 09:34:40,646 - src.planner - DEBUG - Worker Tech_10 reservado: 128h-131h (dia 5)
2025-12-18 09:34:40,647 - src.logic - DEBUG - Worker Tech_01 ocupado em 128-131
2025-12-18 09:34:40,647 - src.logic - DEBUG - Worker Tech_05 ocupado em 128-131
2025-12-18 09:34:40,647 - src.logic - DEBUG - Worker Tech_06 ocupado em 128-131
2025-12-18 09:34:40,647 - src.logic - DEBUG - Worker Tech_07 ocupado em 128-131
2025-12-18 09:34:40,647 - src.logic - DEBUG - Worker Tech_08 ocupado em 128-131
2025-12-18 09:34:40,647 - src.logic - DEBUG - Worker Tech_09 ocupado em 128-131
2025-12-18 09:34:40,648 - src.logic - DEBUG - Worker Tech_10 ocupado em 128-131
2025-12-18 09:34:40,648 - src.logic - DEBUG - Worker Tech_01 ocupado em 128-131
2025-12-18 09:34:40,648 - src.logic - DEBUG - Worker Tech_05 ocupado em 128-131
2025-12-18 09:34:40,648 - src.logic - DEBUG - Worker Tech_06 ocupado em 128-131
2025-12-18 09:34:40,648 - src.logic - DEBUG - Worker Tech_07 ocupado em 128-131
2025-12-18 09:34:40,648 - src.logic - DEBUG - Worker Tech_08 ocupado em 128-131
2025-12-18 09:34:40,648 - src.logic - DEBUG - Worker Tech_09 ocupado em 128-131
2025-12-18 09:34:40,648 - src.logic - DEBUG - Worker Tech_10 ocupado em 128-131
2025-12-18 09:34:40,649 - src.logic - DEBUG - Worker Tech_01 ocupado em 128-131
2025-12-18 09:34:40,649 - src.logic - DEBUG - Worker Tech_05 ocupado em 128-131
2025-12-18 09:34:40,649 - src.logic - DEBUG - Worker Tech_06 ocupado em 128-131
2025-12-18 09:34:40,649 - src.logic - DEBUG - Worker Tech_07 ocupado em 128-131
2025-12-18 09:34:40,649 - src.logic - DEBUG - Worker Tech_08 ocupado em 128-131
2025-12-18 09:34:40,649 - src.logic - DEBUG - Worker Tech_09 ocupado em 128-131
2025-12-18 09:34:40,649 - src.logic - DEBUG - Worker Tech_10 ocupado em 128-131
2025-12-18 09:34:40,649 - src.planner - DEBUG - Server TEST_ERP_02 reservado: 131h-134h (dia 5)
2025-12-18 09:34:40,650 - src.planner - DEBUG - Worker Tech_01 reservado: 131h-134h (dia 5)
2025-12-18 09:34:40,650 - src.planner - DEBUG - Worker Tech_05 reservado: 131h-134h (dia 5)
2025-12-18 09:34:40,650 - src.logic - DEBUG - Worker Tech_01 ocupado em 128-131
2025-12-18 09:34:40,650 - src.logic - DEBUG - Worker Tech_05 ocupado em 128-131
2025-12-18 09:34:40,651 - src.logic - DEBUG - Worker Tech_06 ocupado em 128-131
2025-12-18 09:34:40,651 - src.logic - DEBUG - Worker Tech_07 ocupado em 128-131
2025-12-18 09:34:40,651 - src.logic - DEBUG - Worker Tech_08 ocupado em 128-131
2025-12-18 09:34:40,651 - src.logic - DEBUG - Worker Tech_09 ocupado em 128-131
2025-12-18 09:34:40,652 - src.logic - DEBUG - Worker Tech_10 ocupado em 128-131
2025-12-18 09:34:40,652 - src.logic - DEBUG - Worker Tech_01 ocupado em 128-131
2025-12-18 09:34:40,652 - src.logic - DEBUG - Worker Tech_05 ocupado em 128-131
2025-12-18 09:34:40,652 - src.logic - DEBUG - Worker Tech_06 ocupado em 128-131
2025-12-18 09:34:40,652 - src.logic - DEBUG - Worker Tech_07 ocupado em 128-131
2025-12-18 09:34:40,652 - src.logic - DEBUG - Worker Tech_08 ocupado em 128-131
2025-12-18 09:34:40,652 - src.logic - DEBUG - Worker Tech_09 ocupado em 128-131
2025-12-18 09:34:40,652 - src.logic - DEBUG - Worker Tech_10 ocupado em 128-131
2025-12-18 09:34:40,652 - src.logic - DEBUG - Worker Tech_01 ocupado em 128-131
2025-12-18 09:34:40,653 - src.logic - DEBUG - Worker Tech_05 ocupado em 128-131
2025-12-18 09:34:40,653 - src.logic - DEBUG - Worker Tech_06 ocupado em 128-131
2025-12-18 09:34:40,653 - src.logic - DEBUG - Worker Tech_07 ocupado em 128-131
2025-12-18 09:34:40,653 - src.logic - DEBUG - Worker Tech_08 ocupado em 128-131
2025-12-18 09:34:40,653 - src.logic - DEBUG - Worker Tech_09 ocupado em 128-131
2025-12-18 09:34:40,653 - src.logic - DEBUG - Worker Tech_10 ocupado em 128-131
2025-12-18 09:34:40,653 - src.logic - DEBUG - Worker Tech_01 ocupado em 131-134
2025-12-18 09:34:40,653 - src.logic - DEBUG - Worker Tech_05 ocupado em 131-134
2025-12-18 09:34:40,654 - src.planner - DEBUG - Server TEST_Database_01 reservado: 131h-134h (dia 5)
2025-12-18 09:34:40,654 - src.planner - DEBUG - Worker Tech_06 reservado: 131h-134h (dia 5)
2025-12-18 09:34:40,654 - src.planner - DEBUG - Worker Tech_07 reservado: 131h-134h (dia 5)
2025-12-18 09:34:40,654 - src.planner - DEBUG - Server DEV_Database_02 reservado: 18h-20h (dia 0)
2025-12-18 09:34:40,654 - src.planner - DEBUG - Worker Tech_05 reservado: 18h-20h (dia 0)
2025-12-18 09:34:40,654 - src.planner - DEBUG - Worker Tech_07 reservado: 18h-20h (dia 0)
2025-12-18 09:34:40,655 - src.logic - DEBUG - Worker Tech_05 ocupado em 18-20
2025-12-18 09:34:40,655 - src.logic - DEBUG - Worker Tech_07 ocupado em 18-20
2025-12-18 09:34:40,655 - src.planner - DEBUG - Server DEV_Monitoring_02 reservado: 42h-44h (dia 1)
2025-12-18 09:34:40,656 - src.planner - DEBUG - Worker Tech_05 reservado: 42h-44h (dia 1)
2025-12-18 09:34:40,656 - src.planner - DEBUG - Worker Tech_07 reservado: 42h-44h (dia 1)
2025-12-18 09:34:40,656 - src.planner - DEBUG - Server TEST_Database_02 reservado: 126h-128h (dia 5)
2025-12-18 09:34:40,657 - src.planner - DEBUG - Worker Tech_01 reservado: 126h-128h (dia 5)
2025-12-18 09:34:40,657 - src.planner - DEBUG - Worker Tech_05 reservado: 126h-128h (dia 5)
2025-12-18 09:34:40,657 - src.logic - DEBUG - Worker Tech_01 ocupado em 126-128
2025-12-18 09:34:40,658 - src.logic - DEBUG - Worker Tech_05 ocupado em 126-128
2025-12-18 09:34:40,658 - src.planner - DEBUG - Server TEST_Monitoring_02 reservado: 126h-128h (dia 5)
2025-12-18 09:34:40,658 - src.planner - DEBUG - Worker Tech_06 reservado: 126h-128h (dia 5)
2025-12-18 09:34:40,658 - src.planner - DEBUG - Worker Tech_07 reservado: 126h-128h (dia 5)
2025-12-18 09:34:40,660 - src.logic - DEBUG - Worker Tech_01 ocupado em 128-131
2025-12-18 09:34:40,660 - src.logic - DEBUG - Worker Tech_04 ocupado em 128-131
2025-12-18 09:34:40,660 - src.logic - DEBUG - Worker Tech_05 ocupado em 128-131
2025-12-18 09:34:40,660 - src.logic - DEBUG - Worker Tech_06 ocupado em 128-131
2025-12-18 09:34:40,660 - src.logic - DEBUG - Worker Tech_07 ocupado em 128-131
2025-12-18 09:34:40,661 - src.logic - DEBUG - Worker Tech_08 ocupado em 128-131
2025-12-18 09:34:40,661 - src.logic - DEBUG - Worker Tech_09 ocupado em 128-131
2025-12-18 09:34:40,662 - src.logic - DEBUG - Worker Tech_10 ocupado em 128-131
2025-12-18 09:34:40,663 - src.logic - DEBUG - Worker Tech_01 ocupado em 128-131
2025-12-18 09:34:40,663 - src.logic - DEBUG - Worker Tech_04 ocupado em 128-131
2025-12-18 09:34:40,663 - src.logic - DEBUG - Worker Tech_05 ocupado em 128-131
2025-12-18 09:34:40,663 - src.logic - DEBUG - Worker Tech_06 ocupado em 128-131
2025-12-18 09:34:40,663 - src.logic - DEBUG - Worker Tech_07 ocupado em 128-131
2025-12-18 09:34:40,663 - src.logic - DEBUG - Worker Tech_08 ocupado em 128-131
2025-12-18 09:34:40,663 - src.logic - DEBUG - Worker Tech_09 ocupado em 128-131
2025-12-18 09:34:40,664 - src.logic - DEBUG - Worker Tech_10 ocupado em 128-131
2025-12-18 09:34:40,664 - src.logic - DEBUG - Worker Tech_01 ocupado em 128-131
2025-12-18 09:34:40,664 - src.logic - DEBUG - Worker Tech_04 ocupado em 128-131
2025-12-18 09:34:40,664 - src.logic - DEBUG - Worker Tech_05 ocupado em 128-131
2025-12-18 09:34:40,664 - src.logic - DEBUG - Worker Tech_06 ocupado em 128-131
2025-12-18 09:34:40,664 - src.logic - DEBUG - Worker Tech_07 ocupado em 128-131
2025-12-18 09:34:40,664 - src.logic - DEBUG - Worker Tech_08 ocupado em 128-131
2025-12-18 09:34:40,664 - src.logic - DEBUG - Worker Tech_09 ocupado em 128-131
2025-12-18 09:34:40,665 - src.logic - DEBUG - Worker Tech_10 ocupado em 128-131
2025-12-18 09:34:40,665 - src.planner - DEBUG - Server DEV_Integration_02 reservado: 130h-133h (dia 5)
2025-12-18 09:34:40,665 - src.planner - DEBUG - Worker Tech_03 reservado: 130h-133h (dia 5)
2025-12-18 09:34:40,665 - src.logic - DEBUG - Worker Tech_01 ocupado em 128-131
2025-12-18 09:34:40,665 - src.logic - DEBUG - Worker Tech_05 ocupado em 128-131
2025-12-18 09:34:40,665 - src.logic - DEBUG - Worker Tech_06 ocupado em 128-131
2025-12-18 09:34:40,666 - src.logic - DEBUG - Worker Tech_07 ocupado em 128-131
2025-12-18 09:34:40,666 - src.logic - DEBUG - Worker Tech_08 ocupado em 128-131
2025-12-18 09:34:40,666 - src.logic - DEBUG - Worker Tech_09 ocupado em 128-131
2025-12-18 09:34:40,666 - src.logic - DEBUG - Worker Tech_10 ocupado em 128-131
2025-12-18 09:34:40,666 - src.logic - DEBUG - Worker Tech_01 ocupado em 128-131
2025-12-18 09:34:40,666 - src.logic - DEBUG - Worker Tech_05 ocupado em 128-131
2025-12-18 09:34:40,667 - src.logic - DEBUG - Worker Tech_06 ocupado em 128-131
2025-12-18 09:34:40,667 - src.logic - DEBUG - Worker Tech_07 ocupado em 128-131
2025-12-18 09:34:40,667 - src.logic - DEBUG - Worker Tech_08 ocupado em 128-131
2025-12-18 09:34:40,667 - src.logic - DEBUG - Worker Tech_09 ocupado em 128-131
2025-12-18 09:34:40,667 - src.logic - DEBUG - Worker Tech_10 ocupado em 128-131
2025-12-18 09:34:40,667 - src.logic - DEBUG - Worker Tech_01 ocupado em 128-131
2025-12-18 09:34:40,668 - src.logic - DEBUG - Worker Tech_05 ocupado em 128-131
2025-12-18 09:34:40,668 - src.logic - DEBUG - Worker Tech_06 ocupado em 128-131
2025-12-18 09:34:40,668 - src.logic - DEBUG - Worker Tech_07 ocupado em 128-131
2025-12-18 09:34:40,669 - src.logic - DEBUG - Worker Tech_08 ocupado em 128-131
2025-12-18 09:34:40,669 - src.logic - DEBUG - Worker Tech_09 ocupado em 128-131
2025-12-18 09:34:40,669 - src.logic - DEBUG - Worker Tech_10 ocupado em 128-131
2025-12-18 09:34:40,670 - src.logic - DEBUG - Worker Tech_01 ocupado em 131-134
2025-12-18 09:34:40,670 - src.logic - DEBUG - Worker Tech_05 ocupado em 131-134
2025-12-18 09:34:40,670 - src.logic - DEBUG - Worker Tech_06 ocupado em 131-134
2025-12-18 09:34:40,670 - src.logic - DEBUG - Worker Tech_07 ocupado em 131-134
2025-12-18 09:34:40,670 - src.planner - DEBUG - Server TEST_Integration_02 reservado: 131h-134h (dia 5)
2025-12-18 09:34:40,671 - src.planner - DEBUG - Worker Tech_08 reservado: 131h-134h (dia 5)
2025-12-18 09:34:40,671 - src.logic - DEBUG - Worker Tech_05 ocupado em 18-20
2025-12-18 09:34:40,671 - src.logic - DEBUG - Worker Tech_07 ocupado em 18-20
2025-12-18 09:34:40,671 - src.logic - DEBUG - Worker Tech_05 ocupado em 42-44
2025-12-18 09:34:40,672 - src.logic - DEBUG - Worker Tech_07 ocupado em 42-44
2025-12-18 09:34:40,672 - src.planner - DEBUG - Server DEV_Email_01 reservado: 66h-68h (dia 2)
2025-12-18 09:34:40,672 - src.planner - DEBUG - Worker Tech_05 reservado: 66h-68h (dia 2)
2025-12-18 09:34:40,673 - src.logic - DEBUG - Worker Tech_05 ocupado em 18-20
2025-12-18 09:34:40,673 - src.logic - DEBUG - Worker Tech_07 ocupado em 18-20
2025-12-18 09:34:40,674 - src.logic - DEBUG - Worker Tech_05 ocupado em 42-44
2025-12-18 09:34:40,674 - src.logic - DEBUG - Worker Tech_07 ocupado em 42-44
2025-12-18 09:34:40,674 - src.logic - DEBUG - Worker Tech_05 ocupado em 66-68
2025-12-18 09:34:40,675 - src.planner - DEBUG - Server DEV_Email_02 reservado: 66h-68h (dia 2)
2025-12-18 09:34:40,675 - src.planner - DEBUG - Worker Tech_07 reservado: 66h-68h (dia 2)
2025-12-18 09:34:40,675 - src.logic - DEBUG - Worker Tech_01 ocupado em 126-128
2025-12-18 09:34:40,676 - src.logic - DEBUG - Worker Tech_05 ocupado em 126-128
2025-12-18 09:34:40,676 - src.logic - DEBUG - Worker Tech_06 ocupado em 126-128
2025-12-18 09:34:40,676 - src.logic - DEBUG - Worker Tech_07 ocupado em 126-128
2025-12-18 09:34:40,677 - src.planner - DEBUG - Server TEST_Email_01 reservado: 126h-128h (dia 5)
2025-12-18 09:34:40,677 - src.planner - DEBUG - Worker Tech_08 reservado: 126h-128h (dia 5)
2025-12-18 09:34:40,678 - src.logic - DEBUG - Worker Tech_01 ocupado em 126-128
2025-12-18 09:34:40,678 - src.logic - DEBUG - Worker Tech_05 ocupado em 126-128
2025-12-18 09:34:40,678 - src.logic - DEBUG - Worker Tech_06 ocupado em 126-128
2025-12-18 09:34:40,678 - src.logic - DEBUG - Worker Tech_07 ocupado em 126-128
2025-12-18 09:34:40,678 - src.logic - DEBUG - Worker Tech_08 ocupado em 126-128
2025-12-18 09:34:40,678 - src.planner - DEBUG - Server TEST_Email_02 reservado: 126h-128h (dia 5)
2025-12-18 09:34:40,678 - src.planner - DEBUG - Worker Tech_09 reservado: 126h-128h (dia 5)
2025-12-18 09:34:40,678 - src.logic - DEBUG - Server DEV_Database_02 ocupado em 18-20
2025-12-18 09:34:40,679 - src.logic - DEBUG - Server DEV_Database_02 ocupado em 18-20
2025-12-18 09:34:40,679 - src.logic - DEBUG - Worker Tech_05 ocupado em 42-44
2025-12-18 09:34:40,679 - src.logic - DEBUG - Worker Tech_07 ocupado em 42-44
2025-12-18 09:34:40,681 - src.logic - DEBUG - Worker Tech_05 ocupado em 66-68
2025-12-18 09:34:40,681 - src.logic - DEBUG - Worker Tech_07 ocupado em 66-68
2025-12-18 09:34:40,682 - src.planner - DEBUG - Server DEV_Database_02 reservado: 90h-92h (dia 3)
2025-12-18 09:34:40,682 - src.planner - DEBUG - Worker Tech_05 reservado: 90h-92h (dia 3)
2025-12-18 09:34:40,682 - src.logic - DEBUG - Worker Tech_05 ocupado em 18-20
2025-12-18 09:34:40,683 - src.logic - DEBUG - Worker Tech_07 ocupado em 18-20
2025-12-18 09:34:40,683 - src.logic - DEBUG - Server DEV_Monitoring_02 ocupado em 42-44
2025-12-18 09:34:40,683 - src.logic - DEBUG - Server DEV_Monitoring_02 ocupado em 42-44
2025-12-18 09:34:40,683 - src.logic - DEBUG - Worker Tech_05 ocupado em 66-68
2025-12-18 09:34:40,684 - src.logic - DEBUG - Worker Tech_07 ocupado em 66-68
2025-12-18 09:34:40,684 - src.logic - DEBUG - Worker Tech_05 ocupado em 90-92
2025-12-18 09:34:40,684 - src.planner - DEBUG - Server DEV_Monitoring_02 reservado: 90h-92h (dia 3)
2025-12-18 09:34:40,684 - src.planner - DEBUG - Worker Tech_07 reservado: 90h-92h (dia 3)
2025-12-18 09:34:40,684 - src.logic - DEBUG - Server TEST_Database_02 ocupado em 126-128
2025-12-18 09:34:40,684 - src.logic - DEBUG - Server TEST_Database_02 ocupado em 126-128
2025-12-18 09:34:40,685 - src.logic - DEBUG - Worker Tech_01 ocupado em 128-131
2025-12-18 09:34:40,685 - src.logic - DEBUG - Worker Tech_05 ocupado em 128-131
2025-12-18 09:34:40,685 - src.logic - DEBUG - Worker Tech_06 ocupado em 128-131
2025-12-18 09:34:40,685 - src.logic - DEBUG - Worker Tech_07 ocupado em 128-131
2025-12-18 09:34:40,685 - src.logic - DEBUG - Worker Tech_08 ocupado em 128-131
2025-12-18 09:34:40,685 - src.logic - DEBUG - Worker Tech_09 ocupado em 128-131
2025-12-18 09:34:40,685 - src.logic - DEBUG - Worker Tech_10 ocupado em 128-131
2025-12-18 09:34:40,686 - src.logic - DEBUG - Worker Tech_01 ocupado em 128-131
2025-12-18 09:34:40,686 - src.logic - DEBUG - Worker Tech_05 ocupado em 128-131
2025-12-18 09:34:40,686 - src.logic - DEBUG - Worker Tech_06 ocupado em 128-131
2025-12-18 09:34:40,686 - src.logic - DEBUG - Worker Tech_07 ocupado em 128-131
2025-12-18 09:34:40,686 - src.logic - DEBUG - Worker Tech_08 ocupado em 128-131
2025-12-18 09:34:40,687 - src.logic - DEBUG - Worker Tech_09 ocupado em 128-131
2025-12-18 09:34:40,687 - src.logic - DEBUG - Worker Tech_10 ocupado em 128-131
2025-12-18 09:34:40,687 - src.logic - DEBUG - Worker Tech_01 ocupado em 128-131
2025-12-18 09:34:40,687 - src.logic - DEBUG - Worker Tech_05 ocupado em 128-131
2025-12-18 09:34:40,687 - src.logic - DEBUG - Worker Tech_06 ocupado em 128-131
2025-12-18 09:34:40,687 - src.logic - DEBUG - Worker Tech_07 ocupado em 128-131
2025-12-18 09:34:40,687 - src.logic - DEBUG - Worker Tech_08 ocupado em 128-131
2025-12-18 09:34:40,687 - src.logic - DEBUG - Worker Tech_09 ocupado em 128-131
2025-12-18 09:34:40,687 - src.logic - DEBUG - Worker Tech_10 ocupado em 128-131
2025-12-18 09:34:40,688 - src.logic - DEBUG - Worker Tech_01 ocupado em 131-134
2025-12-18 09:34:40,688 - src.logic - DEBUG - Worker Tech_05 ocupado em 131-134
2025-12-18 09:34:40,688 - src.logic - DEBUG - Worker Tech_06 ocupado em 131-134
2025-12-18 09:34:40,688 - src.logic - DEBUG - Worker Tech_07 ocupado em 131-134
2025-12-18 09:34:40,688 - src.logic - DEBUG - Worker Tech_08 ocupado em 131-134
2025-12-18 09:34:40,688 - src.planner - DEBUG - Server TEST_Database_02 reservado: 131h-133h (dia 5)
2025-12-18 09:34:40,688 - src.planner - DEBUG - Worker Tech_09 reservado: 131h-133h (dia 5)
2025-12-18 09:34:40,689 - src.logic - DEBUG - Server TEST_Monitoring_02 ocupado em 126-128
2025-12-18 09:34:40,689 - src.logic - DEBUG - Server TEST_Monitoring_02 ocupado em 126-128
2025-12-18 09:34:40,689 - src.logic - DEBUG - Worker Tech_01 ocupado em 128-131
2025-12-18 09:34:40,689 - src.logic - DEBUG - Worker Tech_05 ocupado em 128-131
2025-12-18 09:34:40,689 - src.logic - DEBUG - Worker Tech_06 ocupado em 128-131
2025-12-18 09:34:40,689 - src.logic - DEBUG - Worker Tech_07 ocupado em 128-131
2025-12-18 09:34:40,689 - src.logic - DEBUG - Worker Tech_08 ocupado em 128-131
2025-12-18 09:34:40,690 - src.logic - DEBUG - Worker Tech_09 ocupado em 128-131
2025-12-18 09:34:40,690 - src.logic - DEBUG - Worker Tech_10 ocupado em 128-131
2025-12-18 09:34:40,690 - src.logic - DEBUG - Worker Tech_01 ocupado em 128-131
2025-12-18 09:34:40,690 - src.logic - DEBUG - Worker Tech_05 ocupado em 128-131
2025-12-18 09:34:40,690 - src.logic - DEBUG - Worker Tech_06 ocupado em 128-131
2025-12-18 09:34:40,690 - src.logic - DEBUG - Worker Tech_07 ocupado em 128-131
2025-12-18 09:34:40,690 - src.logic - DEBUG - Worker Tech_08 ocupado em 128-131
2025-12-18 09:34:40,690 - src.logic - DEBUG - Worker Tech_09 ocupado em 128-131
2025-12-18 09:34:40,690 - src.logic - DEBUG - Worker Tech_10 ocupado em 128-131
2025-12-18 09:34:40,690 - src.logic - DEBUG - Worker Tech_01 ocupado em 128-131
2025-12-18 09:34:40,691 - src.logic - DEBUG - Worker Tech_05 ocupado em 128-131
2025-12-18 09:34:40,691 - src.logic - DEBUG - Worker Tech_06 ocupado em 128-131
2025-12-18 09:34:40,691 - src.logic - DEBUG - Worker Tech_07 ocupado em 128-131
2025-12-18 09:34:40,691 - src.logic - DEBUG - Worker Tech_08 ocupado em 128-131
2025-12-18 09:34:40,691 - src.logic - DEBUG - Worker Tech_09 ocupado em 128-131
2025-12-18 09:34:40,691 - src.logic - DEBUG - Worker Tech_10 ocupado em 128-131
2025-12-18 09:34:40,691 - src.logic - DEBUG - Worker Tech_01 ocupado em 131-134
2025-12-18 09:34:40,691 - src.logic - DEBUG - Worker Tech_05 ocupado em 131-134
2025-12-18 09:34:40,692 - src.logic - DEBUG - Worker Tech_06 ocupado em 131-134
2025-12-18 09:34:40,692 - src.logic - DEBUG - Worker Tech_07 ocupado em 131-134
2025-12-18 09:34:40,692 - src.logic - DEBUG - Worker Tech_08 ocupado em 131-134
2025-12-18 09:34:40,692 - src.logic - DEBUG - Worker Tech_09 ocupado em 131-133
2025-12-18 09:34:40,692 - src.planner - DEBUG - Server TEST_Monitoring_02 reservado: 131h-133h (dia 5)
2025-12-18 09:34:40,692 - src.planner - DEBUG - Worker Tech_10 reservado: 131h-133h (dia 5)
2025-12-18 09:34:40,693 - src.logic - DEBUG - Worker Tech_05 ocupado em 18-20
2025-12-18 09:34:40,693 - src.logic - DEBUG - Worker Tech_07 ocupado em 18-20
2025-12-18 09:34:40,694 - src.planner - DEBUG - Server DEV_Integration_02 reservado: 18h-19h (dia 0)
2025-12-18 09:34:40,694 - src.planner - DEBUG - Worker Tech_02 reservado: 18h-19h (dia 0)
2025-12-18 09:34:40,695 - src.logic - DEBUG - Worker Tech_01 ocupado em 126-128
2025-12-18 09:34:40,695 - src.logic - DEBUG - Worker Tech_05 ocupado em 126-128
2025-12-18 09:34:40,695 - src.logic - DEBUG - Worker Tech_06 ocupado em 126-128
2025-12-18 09:34:40,695 - src.logic - DEBUG - Worker Tech_07 ocupado em 126-128
2025-12-18 09:34:40,695 - src.logic - DEBUG - Worker Tech_08 ocupado em 126-128
2025-12-18 09:34:40,696 - src.logic - DEBUG - Worker Tech_09 ocupado em 126-128
2025-12-18 09:34:40,696 - src.planner - DEBUG - Server TEST_Integration_02 reservado: 126h-127h (dia 5)
2025-12-18 09:34:40,696 - src.planner - DEBUG - Worker Tech_10 reservado: 126h-127h (dia 5)
2025-12-18 09:34:40,697 - src.logic - DEBUG - Worker Tech_01 ocupado em 128-131
2025-12-18 09:34:40,697 - src.logic - DEBUG - Worker Tech_04 ocupado em 128-131
2025-12-18 09:34:40,697 - src.logic - DEBUG - Worker Tech_05 ocupado em 128-131
2025-12-18 09:34:40,697 - src.logic - DEBUG - Worker Tech_06 ocupado em 128-131
2025-12-18 09:34:40,698 - src.logic - DEBUG - Worker Tech_07 ocupado em 128-131
2025-12-18 09:34:40,698 - src.logic - DEBUG - Worker Tech_08 ocupado em 128-131
2025-12-18 09:34:40,698 - src.logic - DEBUG - Worker Tech_09 ocupado em 128-131
2025-12-18 09:34:40,698 - src.logic - DEBUG - Worker Tech_10 ocupado em 128-131
2025-12-18 09:34:40,698 - src.logic - DEBUG - Worker Tech_01 ocupado em 128-131
2025-12-18 09:34:40,698 - src.logic - DEBUG - Worker Tech_04 ocupado em 128-131
2025-12-18 09:34:40,698 - src.logic - DEBUG - Worker Tech_05 ocupado em 128-131
2025-12-18 09:34:40,698 - src.logic - DEBUG - Worker Tech_06 ocupado em 128-131
2025-12-18 09:34:40,698 - src.logic - DEBUG - Worker Tech_07 ocupado em 128-131
2025-12-18 09:34:40,699 - src.logic - DEBUG - Worker Tech_08 ocupado em 128-131
2025-12-18 09:34:40,699 - src.logic - DEBUG - Worker Tech_09 ocupado em 128-131
2025-12-18 09:34:40,699 - src.logic - DEBUG - Worker Tech_10 ocupado em 128-131
2025-12-18 09:34:40,699 - src.logic - DEBUG - Worker Tech_01 ocupado em 128-131
2025-12-18 09:34:40,699 - src.logic - DEBUG - Worker Tech_03 ocupado em 130-133
2025-12-18 09:34:40,699 - src.logic - DEBUG - Worker Tech_04 ocupado em 128-131
2025-12-18 09:34:40,699 - src.logic - DEBUG - Worker Tech_05 ocupado em 128-131
2025-12-18 09:34:40,700 - src.logic - DEBUG - Worker Tech_06 ocupado em 128-131
2025-12-18 09:34:40,700 - src.logic - DEBUG - Worker Tech_07 ocupado em 128-131
2025-12-18 09:34:40,700 - src.logic - DEBUG - Worker Tech_08 ocupado em 128-131
2025-12-18 09:34:40,700 - src.logic - DEBUG - Worker Tech_09 ocupado em 128-131
2025-12-18 09:34:40,700 - src.logic - DEBUG - Worker Tech_10 ocupado em 128-131
2025-12-18 09:34:40,700 - src.logic - DEBUG - Worker Tech_01 ocupado em 131-134
2025-12-18 09:34:40,700 - src.logic - DEBUG - Worker Tech_05 ocupado em 131-134
2025-12-18 09:34:40,700 - src.logic - DEBUG - Worker Tech_06 ocupado em 131-134
2025-12-18 09:34:40,701 - src.logic - DEBUG - Worker Tech_07 ocupado em 131-134
2025-12-18 09:34:40,701 - src.logic - DEBUG - Worker Tech_08 ocupado em 131-134
2025-12-18 09:34:40,701 - src.logic - DEBUG - Worker Tech_09 ocupado em 131-133
2025-12-18 09:34:40,701 - src.logic - DEBUG - Worker Tech_10 ocupado em 131-133
2025-12-18 09:34:40,702 - src.logic - DEBUG - Worker Tech_01 ocupado em 131-134
2025-12-18 09:34:40,702 - src.logic - DEBUG - Worker Tech_05 ocupado em 131-134
2025-12-18 09:34:40,702 - src.logic - DEBUG - Worker Tech_06 ocupado em 131-134
2025-12-18 09:34:40,702 - src.logic - DEBUG - Worker Tech_07 ocupado em 131-134
2025-12-18 09:34:40,702 - src.logic - DEBUG - Worker Tech_08 ocupado em 131-134
2025-12-18 09:34:40,703 - src.logic - DEBUG - Worker Tech_09 ocupado em 131-133
2025-12-18 09:34:40,703 - src.logic - DEBUG - Worker Tech_10 ocupado em 131-133
2025-12-18 09:34:40,703 - src.logic - DEBUG - Worker Tech_01 ocupado em 131-134
2025-12-18 09:34:40,703 - src.logic - DEBUG - Worker Tech_05 ocupado em 131-134
2025-12-18 09:34:40,703 - src.logic - DEBUG - Worker Tech_06 ocupado em 131-134
2025-12-18 09:34:40,703 - src.logic - DEBUG - Worker Tech_07 ocupado em 131-134
2025-12-18 09:34:40,704 - src.logic - DEBUG - Worker Tech_08 ocupado em 131-134
2025-12-18 09:34:40,704 - src.logic - DEBUG - Worker Tech_09 excederia limite diário: 7+4 > 8
2025-12-18 09:34:40,704 - src.logic - DEBUG - Worker Tech_10 excederia limite diário: 6+4 > 8
2025-12-18 09:34:40,704 - src.logic - DEBUG - Worker Tech_01 excederia limite diário: 8+4 > 8
2025-12-18 09:34:40,704 - src.logic - DEBUG - Worker Tech_05 excederia limite diário: 8+4 > 8
2025-12-18 09:34:40,704 - src.logic - DEBUG - Worker Tech_06 excederia limite diário: 8+4 > 8
2025-12-18 09:34:40,705 - src.logic - DEBUG - Worker Tech_07 excederia limite diário: 8+4 > 8
2025-12-18 09:34:40,705 - src.logic - DEBUG - Worker Tech_08 excederia limite diário: 8+4 > 8
2025-12-18 09:34:40,705 - src.logic - DEBUG - Worker Tech_09 excederia limite diário: 7+4 > 8
2025-12-18 09:34:40,705 - src.logic - DEBUG - Worker Tech_10 excederia limite diário: 6+4 > 8
2025-12-18 09:34:40,705 - src.logic - DEBUG - Worker Tech_01 excederia limite diário: 8+4 > 8
2025-12-18 09:34:40,705 - src.logic - DEBUG - Worker Tech_05 excederia limite diário: 8+4 > 8
2025-12-18 09:34:40,706 - src.logic - DEBUG - Worker Tech_06 excederia limite diário: 8+4 > 8
2025-12-18 09:34:40,706 - src.logic - DEBUG - Worker Tech_07 excederia limite diário: 8+4 > 8
2025-12-18 09:34:40,706 - src.logic - DEBUG - Worker Tech_08 excederia limite diário: 8+4 > 8
2025-12-18 09:34:40,706 - src.logic - DEBUG - Worker Tech_09 excederia limite diário: 7+4 > 8
2025-12-18 09:34:40,706 - src.logic - DEBUG - Worker Tech_10 excederia limite diário: 6+4 > 8
2025-12-18 09:34:40,706 - src.planner - DEBUG - Server DEV_Security_01 reservado: 135h-139h (dia 5)
2025-12-18 09:34:40,706 - src.planner - DEBUG - Worker Tech_03 reservado: 135h-139h (dia 5)
2025-12-18 09:34:40,706 - src.planner - DEBUG - Worker Tech_04 reservado: 135h-139h (dia 5)
2025-12-18 09:34:40,707 - src.logic - DEBUG - Worker Tech_01 ocupado em 128-131
2025-12-18 09:34:40,707 - src.logic - DEBUG - Worker Tech_05 ocupado em 128-131
2025-12-18 09:34:40,707 - src.logic - DEBUG - Worker Tech_06 ocupado em 128-131
2025-12-18 09:34:40,707 - src.logic - DEBUG - Worker Tech_07 ocupado em 128-131
2025-12-18 09:34:40,707 - src.logic - DEBUG - Worker Tech_08 ocupado em 128-131
2025-12-18 09:34:40,707 - src.logic - DEBUG - Worker Tech_09 ocupado em 128-131
2025-12-18 09:34:40,708 - src.logic - DEBUG - Worker Tech_10 ocupado em 128-131
2025-12-18 09:34:40,708 - src.logic - DEBUG - Worker Tech_01 ocupado em 128-131
2025-12-18 09:34:40,708 - src.logic - DEBUG - Worker Tech_05 ocupado em 128-131
2025-12-18 09:34:40,708 - src.logic - DEBUG - Worker Tech_06 ocupado em 128-131
2025-12-18 09:34:40,708 - src.logic - DEBUG - Worker Tech_07 ocupado em 128-131
2025-12-18 09:34:40,708 - src.logic - DEBUG - Worker Tech_08 ocupado em 128-131
2025-12-18 09:34:40,708 - src.logic - DEBUG - Worker Tech_09 ocupado em 128-131
2025-12-18 09:34:40,709 - src.logic - DEBUG - Worker Tech_10 ocupado em 128-131
2025-12-18 09:34:40,709 - src.logic - DEBUG - Worker Tech_01 ocupado em 128-131
2025-12-18 09:34:40,709 - src.logic - DEBUG - Worker Tech_05 ocupado em 128-131
2025-12-18 09:34:40,709 - src.logic - DEBUG - Worker Tech_06 ocupado em 128-131
2025-12-18 09:34:40,709 - src.logic - DEBUG - Worker Tech_07 ocupado em 128-131
2025-12-18 09:34:40,709 - src.logic - DEBUG - Worker Tech_08 ocupado em 128-131
2025-12-18 09:34:40,709 - src.logic - DEBUG - Worker Tech_09 ocupado em 128-131
2025-12-18 09:34:40,709 - src.logic - DEBUG - Worker Tech_10 ocupado em 128-131
2025-12-18 09:34:40,709 - src.logic - DEBUG - Worker Tech_01 ocupado em 131-134
2025-12-18 09:34:40,710 - src.logic - DEBUG - Worker Tech_05 ocupado em 131-134
2025-12-18 09:34:40,710 - src.logic - DEBUG - Worker Tech_06 ocupado em 131-134
2025-12-18 09:34:40,710 - src.logic - DEBUG - Worker Tech_07 ocupado em 131-134
2025-12-18 09:34:40,710 - src.logic - DEBUG - Worker Tech_08 ocupado em 131-134
2025-12-18 09:34:40,710 - src.logic - DEBUG - Worker Tech_09 ocupado em 131-133
2025-12-18 09:34:40,711 - src.logic - DEBUG - Worker Tech_10 ocupado em 131-133
2025-12-18 09:34:40,711 - src.logic - DEBUG - Worker Tech_01 ocupado em 131-134
2025-12-18 09:34:40,711 - src.logic - DEBUG - Worker Tech_05 ocupado em 131-134
2025-12-18 09:34:40,712 - src.logic - DEBUG - Worker Tech_06 ocupado em 131-134
2025-12-18 09:34:40,712 - src.logic - DEBUG - Worker Tech_07 ocupado em 131-134
2025-12-18 09:34:40,712 - src.logic - DEBUG - Worker Tech_08 ocupado em 131-134
2025-12-18 09:34:40,712 - src.logic - DEBUG - Worker Tech_09 ocupado em 131-133
2025-12-18 09:34:40,712 - src.logic - DEBUG - Worker Tech_10 ocupado em 131-133
2025-12-18 09:34:40,712 - src.logic - DEBUG - Worker Tech_01 ocupado em 131-134
2025-12-18 09:34:40,712 - src.logic - DEBUG - Worker Tech_05 ocupado em 131-134
2025-12-18 09:34:40,712 - src.logic - DEBUG - Worker Tech_06 ocupado em 131-134
2025-12-18 09:34:40,713 - src.logic - DEBUG - Worker Tech_07 ocupado em 131-134
2025-12-18 09:34:40,713 - src.logic - DEBUG - Worker Tech_08 ocupado em 131-134
2025-12-18 09:34:40,713 - src.logic - DEBUG - Worker Tech_09 excederia limite diário: 7+4 > 8
2025-12-18 09:34:40,713 - src.logic - DEBUG - Worker Tech_10 excederia limite diário: 6+4 > 8
2025-12-18 09:34:40,713 - src.logic - DEBUG - Worker Tech_01 excederia limite diário: 8+4 > 8
2025-12-18 09:34:40,714 - src.logic - DEBUG - Worker Tech_05 excederia limite diário: 8+4 > 8
2025-12-18 09:34:40,714 - src.logic - DEBUG - Worker Tech_06 excederia limite diário: 8+4 > 8
2025-12-18 09:34:40,714 - src.logic - DEBUG - Worker Tech_07 excederia limite diário: 8+4 > 8
2025-12-18 09:34:40,714 - src.logic - DEBUG - Worker Tech_08 excederia limite diário: 8+4 > 8
2025-12-18 09:34:40,714 - src.logic - DEBUG - Worker Tech_09 excederia limite diário: 7+4 > 8
2025-12-18 09:34:40,714 - src.logic - DEBUG - Worker Tech_10 excederia limite diário: 6+4 > 8
2025-12-18 09:34:40,714 - src.logic - DEBUG - Worker Tech_01 excederia limite diário: 8+4 > 8
2025-12-18 09:34:40,714 - src.logic - DEBUG - Worker Tech_05 excederia limite diário: 8+4 > 8
2025-12-18 09:34:40,714 - src.logic - DEBUG - Worker Tech_06 excederia limite diário: 8+4 > 8
2025-12-18 09:34:40,714 - src.logic - DEBUG - Worker Tech_07 excederia limite diário: 8+4 > 8
2025-12-18 09:34:40,714 - src.logic - DEBUG - Worker Tech_08 excederia limite diário: 8+4 > 8
2025-12-18 09:34:40,714 - src.logic - DEBUG - Worker Tech_09 excederia limite diário: 7+4 > 8
2025-12-18 09:34:40,714 - src.logic - DEBUG - Worker Tech_10 excederia limite diário: 6+4 > 8
2025-12-18 09:34:40,715 - src.logic - DEBUG - Worker Tech_01 excederia limite diário: 8+4 > 8
2025-12-18 09:34:40,715 - src.logic - DEBUG - Worker Tech_05 excederia limite diário: 8+4 > 8
2025-12-18 09:34:40,715 - src.logic - DEBUG - Worker Tech_06 excederia limite diário: 8+4 > 8
2025-12-18 09:34:40,715 - src.logic - DEBUG - Worker Tech_07 excederia limite diário: 8+4 > 8
2025-12-18 09:34:40,715 - src.logic - DEBUG - Worker Tech_08 excederia limite diário: 8+4 > 8
2025-12-18 09:34:40,715 - src.logic - DEBUG - Worker Tech_09 excederia limite diário: 7+4 > 8
2025-12-18 09:34:40,715 - src.logic - DEBUG - Worker Tech_10 excederia limite diário: 6+4 > 8
2025-12-18 09:34:40,716 - src.planner - DEBUG - Server TEST_Security_01 reservado: 152h-156h (dia 6)
2025-12-18 09:34:40,716 - src.planner - DEBUG - Worker Tech_06 reservado: 152h-156h (dia 6)
2025-12-18 09:34:40,716 - src.planner - DEBUG - Worker Tech_07 reservado: 152h-156h (dia 6)
2025-12-18 09:34:40,716 - src.logic - DEBUG - Worker Tech_02 ocupado em 18-19
2025-12-18 09:34:40,716 - src.logic - DEBUG - Worker Tech_05 ocupado em 18-20
2025-12-18 09:34:40,716 - src.logic - DEBUG - Worker Tech_07 ocupado em 18-20
2025-12-18 09:34:40,717 - src.planner - DEBUG - Server DEV_WebPortal_01 reservado: 18h-19h (dia 0)
2025-12-18 09:34:40,717 - src.planner - DEBUG - Worker Tech_03 reservado: 18h-19h (dia 0)
2025-12-18 09:34:40,717 - src.logic - DEBUG - Worker Tech_02 ocupado em 18-19
2025-12-18 09:34:40,717 - src.logic - DEBUG - Worker Tech_03 ocupado em 18-19
2025-12-18 09:34:40,717 - src.logic - DEBUG - Worker Tech_05 ocupado em 18-20
2025-12-18 09:34:40,717 - src.logic - DEBUG - Worker Tech_07 ocupado em 18-20
2025-12-18 09:34:40,717 - src.planner - DEBUG - Server DEV_WebPortal_02 reservado: 18h-19h (dia 0)
2025-12-18 09:34:40,717 - src.planner - DEBUG - Worker Tech_06 reservado: 18h-19h (dia 0)
2025-12-18 09:34:40,717 - src.logic - DEBUG - Worker Tech_02 ocupado em 18-19
2025-12-18 09:34:40,717 - src.logic - DEBUG - Worker Tech_03 ocupado em 18-19
2025-12-18 09:34:40,718 - src.logic - DEBUG - Worker Tech_05 ocupado em 18-20
2025-12-18 09:34:40,718 - src.logic - DEBUG - Worker Tech_06 ocupado em 18-19
2025-12-18 09:34:40,718 - src.logic - DEBUG - Worker Tech_07 ocupado em 18-20
2025-12-18 09:34:40,718 - src.logic - DEBUG - Worker Tech_05 ocupado em 18-20
2025-12-18 09:34:40,718 - src.logic - DEBUG - Worker Tech_07 ocupado em 18-20
2025-12-18 09:34:40,719 - src.logic - DEBUG - Worker Tech_05 ocupado em 42-44
2025-12-18 09:34:40,719 - src.logic - DEBUG - Worker Tech_07 ocupado em 42-44
2025-12-18 09:34:40,719 - src.planner - DEBUG - Server DEV_FileServices_02 reservado: 42h-43h (dia 1)
2025-12-18 09:34:40,719 - src.planner - DEBUG - Worker Tech_02 reservado: 42h-43h (dia 1)
2025-12-18 09:34:40,719 - src.logic - DEBUG - Worker Tech_02 ocupado em 18-19
2025-12-18 09:34:40,719 - src.logic - DEBUG - Worker Tech_03 ocupado em 18-19
2025-12-18 09:34:40,719 - src.logic - DEBUG - Worker Tech_05 ocupado em 18-20
2025-12-18 09:34:40,720 - src.logic - DEBUG - Worker Tech_06 ocupado em 18-19
2025-12-18 09:34:40,720 - src.logic - DEBUG - Worker Tech_07 ocupado em 18-20
2025-12-18 09:34:40,720 - src.logic - DEBUG - Worker Tech_05 ocupado em 18-20
2025-12-18 09:34:40,720 - src.logic - DEBUG - Worker Tech_07 ocupado em 18-20
2025-12-18 09:34:40,720 - src.logic - DEBUG - Worker Tech_02 ocupado em 42-43
2025-12-18 09:34:40,720 - src.logic - DEBUG - Worker Tech_05 ocupado em 42-44
2025-12-18 09:34:40,720 - src.logic - DEBUG - Worker Tech_07 ocupado em 42-44
2025-12-18 09:34:40,721 - src.planner - DEBUG - Server DEV_CRM_01 reservado: 42h-43h (dia 1)
2025-12-18 09:34:40,721 - src.planner - DEBUG - Worker Tech_03 reservado: 42h-43h (dia 1)
2025-12-18 09:34:40,721 - src.logic - DEBUG - Worker Tech_01 ocupado em 126-128
2025-12-18 09:34:40,721 - src.logic - DEBUG - Worker Tech_05 ocupado em 126-128
2025-12-18 09:34:40,722 - src.logic - DEBUG - Worker Tech_06 ocupado em 126-128
2025-12-18 09:34:40,722 - src.logic - DEBUG - Worker Tech_07 ocupado em 126-128
2025-12-18 09:34:40,722 - src.logic - DEBUG - Worker Tech_08 ocupado em 126-128
2025-12-18 09:34:40,722 - src.logic - DEBUG - Worker Tech_09 ocupado em 126-128
2025-12-18 09:34:40,722 - src.logic - DEBUG - Worker Tech_10 ocupado em 126-127
2025-12-18 09:34:40,722 - src.logic - DEBUG - Worker Tech_01 ocupado em 126-128
2025-12-18 09:34:40,722 - src.logic - DEBUG - Worker Tech_05 ocupado em 126-128
2025-12-18 09:34:40,722 - src.logic - DEBUG - Worker Tech_06 ocupado em 126-128
2025-12-18 09:34:40,722 - src.logic - DEBUG - Worker Tech_07 ocupado em 126-128
2025-12-18 09:34:40,723 - src.logic - DEBUG - Worker Tech_08 ocupado em 126-128
2025-12-18 09:34:40,723 - src.logic - DEBUG - Worker Tech_09 ocupado em 126-128
2025-12-18 09:34:40,723 - src.planner - DEBUG - Server TEST_WebPortal_01 reservado: 127h-128h (dia 5)
2025-12-18 09:34:40,723 - src.planner - DEBUG - Worker Tech_10 reservado: 127h-128h (dia 5)
2025-12-18 09:34:40,723 - src.logic - DEBUG - Worker Tech_01 ocupado em 126-128
2025-12-18 09:34:40,723 - src.logic - DEBUG - Worker Tech_05 ocupado em 126-128
2025-12-18 09:34:40,723 - src.logic - DEBUG - Worker Tech_06 ocupado em 126-128
2025-12-18 09:34:40,723 - src.logic - DEBUG - Worker Tech_07 ocupado em 126-128
2025-12-18 09:34:40,724 - src.logic - DEBUG - Worker Tech_08 ocupado em 126-128
2025-12-18 09:34:40,724 - src.logic - DEBUG - Worker Tech_09 ocupado em 126-128
2025-12-18 09:34:40,724 - src.logic - DEBUG - Worker Tech_10 ocupado em 126-127
2025-12-18 09:34:40,724 - src.logic - DEBUG - Worker Tech_01 ocupado em 126-128
2025-12-18 09:34:40,724 - src.logic - DEBUG - Worker Tech_05 ocupado em 126-128
2025-12-18 09:34:40,724 - src.logic - DEBUG - Worker Tech_06 ocupado em 126-128
2025-12-18 09:34:40,724 - src.logic - DEBUG - Worker Tech_07 ocupado em 126-128
2025-12-18 09:34:40,724 - src.logic - DEBUG - Worker Tech_08 ocupado em 126-128
2025-12-18 09:34:40,724 - src.logic - DEBUG - Worker Tech_09 ocupado em 126-128
2025-12-18 09:34:40,724 - src.logic - DEBUG - Worker Tech_10 ocupado em 127-128
2025-12-18 09:34:40,725 - src.logic - DEBUG - Worker Tech_01 ocupado em 128-131
2025-12-18 09:34:40,725 - src.logic - DEBUG - Worker Tech_05 ocupado em 128-131
2025-12-18 09:34:40,725 - src.logic - DEBUG - Worker Tech_06 ocupado em 128-131
2025-12-18 09:34:40,725 - src.logic - DEBUG - Worker Tech_07 ocupado em 128-131
2025-12-18 09:34:40,725 - src.logic - DEBUG - Worker Tech_08 ocupado em 128-131
2025-12-18 09:34:40,725 - src.logic - DEBUG - Worker Tech_09 ocupado em 128-131
2025-12-18 09:34:40,725 - src.logic - DEBUG - Worker Tech_10 ocupado em 128-131
2025-12-18 09:34:40,725 - src.logic - DEBUG - Worker Tech_01 ocupado em 128-131
2025-12-18 09:34:40,725 - src.logic - DEBUG - Worker Tech_05 ocupado em 128-131
2025-12-18 09:34:40,725 - src.logic - DEBUG - Worker Tech_06 ocupado em 128-131
2025-12-18 09:34:40,725 - src.logic - DEBUG - Worker Tech_07 ocupado em 128-131
2025-12-18 09:34:40,726 - src.logic - DEBUG - Worker Tech_08 ocupado em 128-131
2025-12-18 09:34:40,726 - src.logic - DEBUG - Worker Tech_09 ocupado em 128-131
2025-12-18 09:34:40,726 - src.logic - DEBUG - Worker Tech_10 ocupado em 128-131
2025-12-18 09:34:40,726 - src.logic - DEBUG - Worker Tech_01 ocupado em 128-131
2025-12-18 09:34:40,727 - src.logic - DEBUG - Worker Tech_05 ocupado em 128-131
2025-12-18 09:34:40,727 - src.logic - DEBUG - Worker Tech_06 ocupado em 128-131
2025-12-18 09:34:40,727 - src.logic - DEBUG - Worker Tech_07 ocupado em 128-131
2025-12-18 09:34:40,727 - src.logic - DEBUG - Worker Tech_08 ocupado em 128-131
2025-12-18 09:34:40,727 - src.logic - DEBUG - Worker Tech_09 ocupado em 128-131
2025-12-18 09:34:40,727 - src.logic - DEBUG - Worker Tech_10 ocupado em 128-131
2025-12-18 09:34:40,727 - src.logic - DEBUG - Worker Tech_01 ocupado em 131-134
2025-12-18 09:34:40,728 - src.logic - DEBUG - Worker Tech_05 ocupado em 131-134
2025-12-18 09:34:40,728 - src.logic - DEBUG - Worker Tech_06 ocupado em 131-134
2025-12-18 09:34:40,728 - src.logic - DEBUG - Worker Tech_07 ocupado em 131-134
2025-12-18 09:34:40,728 - src.logic - DEBUG - Worker Tech_08 ocupado em 131-134
2025-12-18 09:34:40,728 - src.logic - DEBUG - Worker Tech_09 ocupado em 131-133
2025-12-18 09:34:40,729 - src.logic - DEBUG - Worker Tech_10 ocupado em 131-133
2025-12-18 09:34:40,729 - src.logic - DEBUG - Worker Tech_01 ocupado em 131-134
2025-12-18 09:34:40,729 - src.logic - DEBUG - Worker Tech_05 ocupado em 131-134
2025-12-18 09:34:40,730 - src.logic - DEBUG - Worker Tech_06 ocupado em 131-134
2025-12-18 09:34:40,730 - src.logic - DEBUG - Worker Tech_07 ocupado em 131-134
2025-12-18 09:34:40,730 - src.logic - DEBUG - Worker Tech_08 ocupado em 131-134
2025-12-18 09:34:40,730 - src.logic - DEBUG - Worker Tech_09 ocupado em 131-133
2025-12-18 09:34:40,730 - src.logic - DEBUG - Worker Tech_10 ocupado em 131-133
2025-12-18 09:34:40,730 - src.logic - DEBUG - Worker Tech_01 ocupado em 131-134
2025-12-18 09:34:40,730 - src.logic - DEBUG - Worker Tech_05 ocupado em 131-134
2025-12-18 09:34:40,730 - src.logic - DEBUG - Worker Tech_06 ocupado em 131-134
2025-12-18 09:34:40,730 - src.logic - DEBUG - Worker Tech_07 ocupado em 131-134
2025-12-18 09:34:40,731 - src.logic - DEBUG - Worker Tech_08 ocupado em 131-134
2025-12-18 09:34:40,731 - src.planner - DEBUG - Server TEST_WebPortal_02 reservado: 133h-134h (dia 5)
2025-12-18 09:34:40,731 - src.planner - DEBUG - Worker Tech_09 reservado: 133h-134h (dia 5)
2025-12-18 09:34:40,733 - src.logic - DEBUG - Worker Tech_01 ocupado em 126-128
2025-12-18 09:34:40,733 - src.logic - DEBUG - Worker Tech_05 ocupado em 126-128
2025-12-18 09:34:40,733 - src.logic - DEBUG - Worker Tech_06 ocupado em 126-128
2025-12-18 09:34:40,733 - src.logic - DEBUG - Worker Tech_07 ocupado em 126-128
2025-12-18 09:34:40,733 - src.logic - DEBUG - Worker Tech_08 ocupado em 126-128
2025-12-18 09:34:40,734 - src.logic - DEBUG - Worker Tech_09 ocupado em 126-128
2025-12-18 09:34:40,734 - src.logic - DEBUG - Worker Tech_10 ocupado em 126-127
2025-12-18 09:34:40,734 - src.logic - DEBUG - Worker Tech_01 ocupado em 126-128
2025-12-18 09:34:40,734 - src.logic - DEBUG - Worker Tech_05 ocupado em 126-128
2025-12-18 09:34:40,734 - src.logic - DEBUG - Worker Tech_06 ocupado em 126-128
2025-12-18 09:34:40,734 - src.logic - DEBUG - Worker Tech_07 ocupado em 126-128
2025-12-18 09:34:40,734 - src.logic - DEBUG - Worker Tech_08 ocupado em 126-128
2025-12-18 09:34:40,734 - src.logic - DEBUG - Worker Tech_09 ocupado em 126-128
2025-12-18 09:34:40,734 - src.logic - DEBUG - Worker Tech_10 ocupado em 127-128
2025-12-18 09:34:40,734 - src.logic - DEBUG - Worker Tech_01 ocupado em 128-131
2025-12-18 09:34:40,734 - src.logic - DEBUG - Worker Tech_05 ocupado em 128-131
2025-12-18 09:34:40,735 - src.logic - DEBUG - Worker Tech_06 ocupado em 128-131
2025-12-18 09:34:40,735 - src.logic - DEBUG - Worker Tech_07 ocupado em 128-131
2025-12-18 09:34:40,735 - src.logic - DEBUG - Worker Tech_08 ocupado em 128-131
2025-12-18 09:34:40,735 - src.logic - DEBUG - Worker Tech_09 ocupado em 128-131
2025-12-18 09:34:40,735 - src.logic - DEBUG - Worker Tech_10 ocupado em 128-131
2025-12-18 09:34:40,735 - src.logic - DEBUG - Worker Tech_01 ocupado em 128-131
2025-12-18 09:34:40,735 - src.logic - DEBUG - Worker Tech_05 ocupado em 128-131
2025-12-18 09:34:40,735 - src.logic - DEBUG - Worker Tech_06 ocupado em 128-131
2025-12-18 09:34:40,735 - src.logic - DEBUG - Worker Tech_07 ocupado em 128-131
2025-12-18 09:34:40,736 - src.logic - DEBUG - Worker Tech_08 ocupado em 128-131
2025-12-18 09:34:40,736 - src.logic - DEBUG - Worker Tech_09 ocupado em 128-131
2025-12-18 09:34:40,736 - src.logic - DEBUG - Worker Tech_10 ocupado em 128-131
2025-12-18 09:34:40,736 - src.logic - DEBUG - Worker Tech_01 ocupado em 128-131
2025-12-18 09:34:40,736 - src.logic - DEBUG - Worker Tech_05 ocupado em 128-131
2025-12-18 09:34:40,736 - src.logic - DEBUG - Worker Tech_06 ocupado em 128-131
2025-12-18 09:34:40,737 - src.logic - DEBUG - Worker Tech_07 ocupado em 128-131
2025-12-18 09:34:40,737 - src.logic - DEBUG - Worker Tech_08 ocupado em 128-131
2025-12-18 09:34:40,737 - src.logic - DEBUG - Worker Tech_09 ocupado em 128-131
2025-12-18 09:34:40,737 - src.logic - DEBUG - Worker Tech_10 ocupado em 128-131
2025-12-18 09:34:40,737 - src.logic - DEBUG - Worker Tech_01 ocupado em 131-134
2025-12-18 09:34:40,737 - src.logic - DEBUG - Worker Tech_05 ocupado em 131-134
2025-12-18 09:34:40,738 - src.logic - DEBUG - Worker Tech_06 ocupado em 131-134
2025-12-18 09:34:40,738 - src.logic - DEBUG - Worker Tech_07 ocupado em 131-134
2025-12-18 09:34:40,738 - src.logic - DEBUG - Worker Tech_08 ocupado em 131-134
2025-12-18 09:34:40,738 - src.logic - DEBUG - Worker Tech_09 ocupado em 131-133
2025-12-18 09:34:40,738 - src.logic - DEBUG - Worker Tech_10 ocupado em 131-133
2025-12-18 09:34:40,738 - src.logic - DEBUG - Worker Tech_01 ocupado em 131-134
2025-12-18 09:34:40,739 - src.logic - DEBUG - Worker Tech_05 ocupado em 131-134
2025-12-18 09:34:40,739 - src.logic - DEBUG - Worker Tech_06 ocupado em 131-134
2025-12-18 09:34:40,739 - src.logic - DEBUG - Worker Tech_07 ocupado em 131-134
2025-12-18 09:34:40,739 - src.logic - DEBUG - Worker Tech_08 ocupado em 131-134
2025-12-18 09:34:40,739 - src.logic - DEBUG - Worker Tech_09 ocupado em 131-133
2025-12-18 09:34:40,739 - src.logic - DEBUG - Worker Tech_10 ocupado em 131-133
2025-12-18 09:34:40,739 - src.logic - DEBUG - Worker Tech_01 ocupado em 131-134
2025-12-18 09:34:40,740 - src.logic - DEBUG - Worker Tech_05 ocupado em 131-134
2025-12-18 09:34:40,740 - src.logic - DEBUG - Worker Tech_06 ocupado em 131-134
2025-12-18 09:34:40,740 - src.logic - DEBUG - Worker Tech_07 ocupado em 131-134
2025-12-18 09:34:40,740 - src.logic - DEBUG - Worker Tech_08 ocupado em 131-134
2025-12-18 09:34:40,740 - src.logic - DEBUG - Worker Tech_09 ocupado em 133-134
2025-12-18 09:34:40,740 - src.planner - DEBUG - Server TEST_FileServices_02 reservado: 133h-134h (dia 5)
2025-12-18 09:34:40,740 - src.planner - DEBUG - Worker Tech_10 reservado: 133h-134h (dia 5)
2025-12-18 09:34:40,741 - src.logic - DEBUG - Worker Tech_01 ocupado em 126-128
2025-12-18 09:34:40,741 - src.logic - DEBUG - Worker Tech_05 ocupado em 126-128
2025-12-18 09:34:40,742 - src.logic - DEBUG - Worker Tech_06 ocupado em 126-128
2025-12-18 09:34:40,742 - src.logic - DEBUG - Worker Tech_07 ocupado em 126-128
2025-12-18 09:34:40,742 - src.logic - DEBUG - Worker Tech_08 ocupado em 126-128
2025-12-18 09:34:40,742 - src.logic - DEBUG - Worker Tech_09 ocupado em 126-128
2025-12-18 09:34:40,742 - src.logic - DEBUG - Worker Tech_10 ocupado em 126-127
2025-12-18 09:34:40,742 - src.logic - DEBUG - Worker Tech_01 ocupado em 126-128
2025-12-18 09:34:40,743 - src.logic - DEBUG - Worker Tech_05 ocupado em 126-128
2025-12-18 09:34:40,743 - src.logic - DEBUG - Worker Tech_06 ocupado em 126-128
2025-12-18 09:34:40,743 - src.logic - DEBUG - Worker Tech_07 ocupado em 126-128
2025-12-18 09:34:40,743 - src.logic - DEBUG - Worker Tech_08 ocupado em 126-128
2025-12-18 09:34:40,743 - src.logic - DEBUG - Worker Tech_09 ocupado em 126-128
2025-12-18 09:34:40,744 - src.logic - DEBUG - Worker Tech_10 ocupado em 127-128
2025-12-18 09:34:40,744 - src.logic - DEBUG - Worker Tech_01 ocupado em 128-131
2025-12-18 09:34:40,744 - src.logic - DEBUG - Worker Tech_05 ocupado em 128-131
2025-12-18 09:34:40,744 - src.logic - DEBUG - Worker Tech_06 ocupado em 128-131
2025-12-18 09:34:40,745 - src.logic - DEBUG - Worker Tech_07 ocupado em 128-131
2025-12-18 09:34:40,745 - src.logic - DEBUG - Worker Tech_08 ocupado em 128-131
2025-12-18 09:34:40,745 - src.logic - DEBUG - Worker Tech_09 ocupado em 128-131
2025-12-18 09:34:40,745 - src.logic - DEBUG - Worker Tech_10 ocupado em 128-131
2025-12-18 09:34:40,745 - src.logic - DEBUG - Worker Tech_01 ocupado em 128-131
2025-12-18 09:34:40,746 - src.logic - DEBUG - Worker Tech_05 ocupado em 128-131
2025-12-18 09:34:40,746 - src.logic - DEBUG - Worker Tech_06 ocupado em 128-131
2025-12-18 09:34:40,746 - src.logic - DEBUG - Worker Tech_07 ocupado em 128-131
2025-12-18 09:34:40,746 - src.logic - DEBUG - Worker Tech_08 ocupado em 128-131
2025-12-18 09:34:40,746 - src.logic - DEBUG - Worker Tech_09 ocupado em 128-131
2025-12-18 09:34:40,746 - src.logic - DEBUG - Worker Tech_10 ocupado em 128-131
2025-12-18 09:34:40,746 - src.logic - DEBUG - Worker Tech_01 ocupado em 128-131
2025-12-18 09:34:40,746 - src.logic - DEBUG - Worker Tech_05 ocupado em 128-131
2025-12-18 09:34:40,746 - src.logic - DEBUG - Worker Tech_06 ocupado em 128-131
2025-12-18 09:34:40,747 - src.logic - DEBUG - Worker Tech_07 ocupado em 128-131
2025-12-18 09:34:40,747 - src.logic - DEBUG - Worker Tech_08 ocupado em 128-131
2025-12-18 09:34:40,747 - src.logic - DEBUG - Worker Tech_09 ocupado em 128-131
2025-12-18 09:34:40,747 - src.logic - DEBUG - Worker Tech_10 ocupado em 128-131
2025-12-18 09:34:40,747 - src.logic - DEBUG - Worker Tech_01 ocupado em 131-134
2025-12-18 09:34:40,747 - src.logic - DEBUG - Worker Tech_05 ocupado em 131-134
2025-12-18 09:34:40,747 - src.logic - DEBUG - Worker Tech_06 ocupado em 131-134
2025-12-18 09:34:40,748 - src.logic - DEBUG - Worker Tech_07 ocupado em 131-134
2025-12-18 09:34:40,748 - src.logic - DEBUG - Worker Tech_08 ocupado em 131-134
2025-12-18 09:34:40,748 - src.logic - DEBUG - Worker Tech_09 ocupado em 131-133
2025-12-18 09:34:40,748 - src.logic - DEBUG - Worker Tech_10 ocupado em 131-133
2025-12-18 09:34:40,748 - src.logic - DEBUG - Worker Tech_01 ocupado em 131-134
2025-12-18 09:34:40,748 - src.logic - DEBUG - Worker Tech_05 ocupado em 131-134
2025-12-18 09:34:40,749 - src.logic - DEBUG - Worker Tech_06 ocupado em 131-134
2025-12-18 09:34:40,749 - src.logic - DEBUG - Worker Tech_07 ocupado em 131-134
2025-12-18 09:34:40,749 - src.logic - DEBUG - Worker Tech_08 ocupado em 131-134
2025-12-18 09:34:40,749 - src.logic - DEBUG - Worker Tech_09 ocupado em 131-133
2025-12-18 09:34:40,749 - src.logic - DEBUG - Worker Tech_10 ocupado em 131-133
2025-12-18 09:34:40,749 - src.logic - DEBUG - Worker Tech_01 ocupado em 131-134
2025-12-18 09:34:40,749 - src.logic - DEBUG - Worker Tech_05 ocupado em 131-134
2025-12-18 09:34:40,749 - src.logic - DEBUG - Worker Tech_06 ocupado em 131-134
2025-12-18 09:34:40,750 - src.logic - DEBUG - Worker Tech_07 ocupado em 131-134
2025-12-18 09:34:40,750 - src.logic - DEBUG - Worker Tech_08 ocupado em 131-134
2025-12-18 09:34:40,750 - src.logic - DEBUG - Worker Tech_09 ocupado em 133-134
2025-12-18 09:34:40,750 - src.logic - DEBUG - Worker Tech_10 ocupado em 133-134
2025-12-18 09:34:40,750 - src.logic - DEBUG - Worker Tech_01 excederia limite diário: 8+1 > 8
2025-12-18 09:34:40,750 - src.logic - DEBUG - Worker Tech_05 excederia limite diário: 8+1 > 8
2025-12-18 09:34:40,750 - src.logic - DEBUG - Worker Tech_06 excederia limite diário: 8+1 > 8
2025-12-18 09:34:40,750 - src.logic - DEBUG - Worker Tech_07 excederia limite diário: 8+1 > 8
2025-12-18 09:34:40,750 - src.logic - DEBUG - Worker Tech_08 excederia limite diário: 8+1 > 8
2025-12-18 09:34:40,751 - src.logic - DEBUG - Worker Tech_09 excederia limite diário: 8+1 > 8
2025-12-18 09:34:40,751 - src.logic - DEBUG - Worker Tech_10 excederia limite diário: 8+1 > 8
2025-12-18 09:34:40,751 - src.logic - DEBUG - Worker Tech_01 excederia limite diário: 8+1 > 8
2025-12-18 09:34:40,751 - src.logic - DEBUG - Worker Tech_05 excederia limite diário: 8+1 > 8
2025-12-18 09:34:40,751 - src.logic - DEBUG - Worker Tech_06 excederia limite diário: 8+1 > 8
2025-12-18 09:34:40,751 - src.logic - DEBUG - Worker Tech_07 excederia limite diário: 8+1 > 8
2025-12-18 09:34:40,752 - src.logic - DEBUG - Worker Tech_08 excederia limite diário: 8+1 > 8
2025-12-18 09:34:40,752 - src.logic - DEBUG - Worker Tech_09 excederia limite diário: 8+1 > 8
2025-12-18 09:34:40,752 - src.logic - DEBUG - Worker Tech_10 excederia limite diário: 8+1 > 8
2025-12-18 09:34:40,753 - src.logic - DEBUG - Worker Tech_01 excederia limite diário: 8+1 > 8
2025-12-18 09:34:40,753 - src.logic - DEBUG - Worker Tech_05 excederia limite diário: 8+1 > 8
2025-12-18 09:34:40,753 - src.logic - DEBUG - Worker Tech_06 excederia limite diário: 8+1 > 8
2025-12-18 09:34:40,753 - src.logic - DEBUG - Worker Tech_07 excederia limite diário: 8+1 > 8
2025-12-18 09:34:40,753 - src.logic - DEBUG - Worker Tech_08 excederia limite diário: 8+1 > 8
2025-12-18 09:34:40,753 - src.logic - DEBUG - Worker Tech_09 excederia limite diário: 8+1 > 8
2025-12-18 09:34:40,753 - src.logic - DEBUG - Worker Tech_10 excederia limite diário: 8+1 > 8
2025-12-18 09:34:40,753 - src.logic - DEBUG - Worker Tech_01 excederia limite diário: 8+1 > 8
2025-12-18 09:34:40,753 - src.logic - DEBUG - Worker Tech_05 excederia limite diário: 8+1 > 8
2025-12-18 09:34:40,754 - src.logic - DEBUG - Worker Tech_06 excederia limite diário: 8+1 > 8
2025-12-18 09:34:40,754 - src.logic - DEBUG - Worker Tech_07 excederia limite diário: 8+1 > 8
2025-12-18 09:34:40,754 - src.logic - DEBUG - Worker Tech_08 excederia limite diário: 8+1 > 8
2025-12-18 09:34:40,754 - src.logic - DEBUG - Worker Tech_09 excederia limite diário: 8+1 > 8
2025-12-18 09:34:40,754 - src.logic - DEBUG - Worker Tech_10 excederia limite diário: 8+1 > 8
2025-12-18 09:34:40,754 - src.logic - DEBUG - Worker Tech_01 excederia limite diário: 8+1 > 8
2025-12-18 09:34:40,754 - src.logic - DEBUG - Worker Tech_05 excederia limite diário: 8+1 > 8
2025-12-18 09:34:40,755 - src.logic - DEBUG - Worker Tech_06 excederia limite diário: 8+1 > 8
2025-12-18 09:34:40,755 - src.logic - DEBUG - Worker Tech_07 excederia limite diário: 8+1 > 8
2025-12-18 09:34:40,755 - src.logic - DEBUG - Worker Tech_08 excederia limite diário: 8+1 > 8
2025-12-18 09:34:40,755 - src.logic - DEBUG - Worker Tech_09 excederia limite diário: 8+1 > 8
2025-12-18 09:34:40,755 - src.logic - DEBUG - Worker Tech_10 excederia limite diário: 8+1 > 8
2025-12-18 09:34:40,755 - src.logic - DEBUG - Worker Tech_01 excederia limite diário: 8+1 > 8
2025-12-18 09:34:40,755 - src.logic - DEBUG - Worker Tech_05 excederia limite diário: 8+1 > 8
2025-12-18 09:34:40,755 - src.logic - DEBUG - Worker Tech_06 excederia limite diário: 8+1 > 8
2025-12-18 09:34:40,755 - src.logic - DEBUG - Worker Tech_07 excederia limite diário: 8+1 > 8
2025-12-18 09:34:40,756 - src.logic - DEBUG - Worker Tech_08 excederia limite diário: 8+1 > 8
2025-12-18 09:34:40,756 - src.logic - DEBUG - Worker Tech_09 excederia limite diário: 8+1 > 8
2025-12-18 09:34:40,756 - src.logic - DEBUG - Worker Tech_10 excederia limite diário: 8+1 > 8
2025-12-18 09:34:40,756 - src.logic - DEBUG - Worker Tech_01 excederia limite diário: 8+1 > 8
2025-12-18 09:34:40,756 - src.logic - DEBUG - Worker Tech_05 excederia limite diário: 8+1 > 8
2025-12-18 09:34:40,756 - src.logic - DEBUG - Worker Tech_06 excederia limite diário: 8+1 > 8
2025-12-18 09:34:40,756 - src.logic - DEBUG - Worker Tech_07 excederia limite diário: 8+1 > 8
2025-12-18 09:34:40,756 - src.logic - DEBUG - Worker Tech_08 excederia limite diário: 8+1 > 8
2025-12-18 09:34:40,756 - src.logic - DEBUG - Worker Tech_09 excederia limite diário: 8+1 > 8
2025-12-18 09:34:40,757 - src.logic - DEBUG - Worker Tech_10 excederia limite diário: 8+1 > 8
2025-12-18 09:34:40,757 - src.logic - DEBUG - Worker Tech_01 excederia limite diário: 8+1 > 8
2025-12-18 09:34:40,757 - src.logic - DEBUG - Worker Tech_05 excederia limite diário: 8+1 > 8
2025-12-18 09:34:40,757 - src.logic - DEBUG - Worker Tech_06 excederia limite diário: 8+1 > 8
2025-12-18 09:34:40,757 - src.logic - DEBUG - Worker Tech_07 excederia limite diário: 8+1 > 8
2025-12-18 09:34:40,757 - src.logic - DEBUG - Worker Tech_08 excederia limite diário: 8+1 > 8
2025-12-18 09:34:40,757 - src.logic - DEBUG - Worker Tech_09 excederia limite diário: 8+1 > 8
2025-12-18 09:34:40,757 - src.logic - DEBUG - Worker Tech_10 excederia limite diário: 8+1 > 8
2025-12-18 09:34:40,758 - src.planner - DEBUG - Server TEST_CRM_01 reservado: 150h-151h (dia 6)
2025-12-18 09:34:40,758 - src.planner - DEBUG - Worker Tech_06 reservado: 150h-151h (dia 6)
2025-12-18 09:34:40,758 - src.logic - DEBUG - Server DEV_Integration_02 ocupado em 18-19
2025-12-18 09:34:40,758 - src.logic - DEBUG - Worker Tech_05 ocupado em 18-20
2025-12-18 09:34:40,758 - src.logic - DEBUG - Worker Tech_07 ocupado em 18-20
2025-12-18 09:34:40,759 - src.logic - DEBUG - Worker Tech_02 ocupado em 42-43
2025-12-18 09:34:40,759 - src.logic - DEBUG - Worker Tech_03 ocupado em 42-43
2025-12-18 09:34:40,759 - src.logic - DEBUG - Worker Tech_05 ocupado em 42-44
2025-12-18 09:34:40,759 - src.logic - DEBUG - Worker Tech_07 ocupado em 42-44
2025-12-18 09:34:40,759 - src.planner - DEBUG - Server DEV_Integration_02 reservado: 42h-43h (dia 1)
2025-12-18 09:34:40,759 - src.planner - DEBUG - Worker Tech_06 reservado: 42h-43h (dia 1)
2025-12-18 09:34:40,761 - src.logic - DEBUG - Server TEST_Integration_02 ocupado em 126-127
2025-12-18 09:34:40,762 - src.logic - DEBUG - Worker Tech_01 ocupado em 126-128
2025-12-18 09:34:40,762 - src.logic - DEBUG - Worker Tech_05 ocupado em 126-128
2025-12-18 09:34:40,762 - src.logic - DEBUG - Worker Tech_06 ocupado em 126-128
2025-12-18 09:34:40,762 - src.logic - DEBUG - Worker Tech_07 ocupado em 126-128
2025-12-18 09:34:40,763 - src.logic - DEBUG - Worker Tech_08 ocupado em 126-128
2025-12-18 09:34:40,763 - src.logic - DEBUG - Worker Tech_09 ocupado em 126-128
2025-12-18 09:34:40,763 - src.logic - DEBUG - Worker Tech_10 ocupado em 127-128
2025-12-18 09:34:40,763 - src.logic - DEBUG - Worker Tech_01 ocupado em 128-131
2025-12-18 09:34:40,763 - src.logic - DEBUG - Worker Tech_05 ocupado em 128-131
2025-12-18 09:34:40,763 - src.logic - DEBUG - Worker Tech_06 ocupado em 128-131
2025-12-18 09:34:40,763 - src.logic - DEBUG - Worker Tech_07 ocupado em 128-131
2025-12-18 09:34:40,763 - src.logic - DEBUG - Worker Tech_08 ocupado em 128-131
2025-12-18 09:34:40,764 - src.logic - DEBUG - Worker Tech_09 ocupado em 128-131
2025-12-18 09:34:40,764 - src.logic - DEBUG - Worker Tech_10 ocupado em 128-131
2025-12-18 09:34:40,764 - src.logic - DEBUG - Worker Tech_01 ocupado em 128-131
2025-12-18 09:34:40,764 - src.logic - DEBUG - Worker Tech_05 ocupado em 128-131
2025-12-18 09:34:40,764 - src.logic - DEBUG - Worker Tech_06 ocupado em 128-131
2025-12-18 09:34:40,764 - src.logic - DEBUG - Worker Tech_07 ocupado em 128-131
2025-12-18 09:34:40,765 - src.logic - DEBUG - Worker Tech_08 ocupado em 128-131
2025-12-18 09:34:40,765 - src.logic - DEBUG - Worker Tech_09 ocupado em 128-131
2025-12-18 09:34:40,765 - src.logic - DEBUG - Worker Tech_10 ocupado em 128-131
2025-12-18 09:34:40,765 - src.logic - DEBUG - Worker Tech_01 ocupado em 128-131
2025-12-18 09:34:40,765 - src.logic - DEBUG - Worker Tech_05 ocupado em 128-131
2025-12-18 09:34:40,765 - src.logic - DEBUG - Worker Tech_06 ocupado em 128-131
2025-12-18 09:34:40,766 - src.logic - DEBUG - Worker Tech_07 ocupado em 128-131
2025-12-18 09:34:40,766 - src.logic - DEBUG - Worker Tech_08 ocupado em 128-131
2025-12-18 09:34:40,766 - src.logic - DEBUG - Worker Tech_09 ocupado em 128-131
2025-12-18 09:34:40,766 - src.logic - DEBUG - Worker Tech_10 ocupado em 128-131
2025-12-18 09:34:40,766 - src.logic - DEBUG - Server TEST_Integration_02 ocupado em 131-134
2025-12-18 09:34:40,766 - src.logic - DEBUG - Server TEST_Integration_02 ocupado em 131-134
2025-12-18 09:34:40,766 - src.logic - DEBUG - Server TEST_Integration_02 ocupado em 131-134
2025-12-18 09:34:40,767 - src.logic - DEBUG - Worker Tech_01 excederia limite diário: 8+1 > 8
2025-12-18 09:34:40,767 - src.logic - DEBUG - Worker Tech_05 excederia limite diário: 8+1 > 8
2025-12-18 09:34:40,767 - src.logic - DEBUG - Worker Tech_06 excederia limite diário: 8+1 > 8
2025-12-18 09:34:40,767 - src.logic - DEBUG - Worker Tech_07 excederia limite diário: 8+1 > 8
2025-12-18 09:34:40,767 - src.logic - DEBUG - Worker Tech_08 excederia limite diário: 8+1 > 8
2025-12-18 09:34:40,767 - src.logic - DEBUG - Worker Tech_09 excederia limite diário: 8+1 > 8
2025-12-18 09:34:40,767 - src.logic - DEBUG - Worker Tech_10 excederia limite diário: 8+1 > 8
2025-12-18 09:34:40,767 - src.logic - DEBUG - Worker Tech_01 excederia limite diário: 8+1 > 8
2025-12-18 09:34:40,767 - src.logic - DEBUG - Worker Tech_05 excederia limite diário: 8+1 > 8
2025-12-18 09:34:40,768 - src.logic - DEBUG - Worker Tech_06 excederia limite diário: 8+1 > 8
2025-12-18 09:34:40,768 - src.logic - DEBUG - Worker Tech_07 excederia limite diário: 8+1 > 8
2025-12-18 09:34:40,768 - src.logic - DEBUG - Worker Tech_08 excederia limite diário: 8+1 > 8
2025-12-18 09:34:40,768 - src.logic - DEBUG - Worker Tech_09 excederia limite diário: 8+1 > 8
2025-12-18 09:34:40,769 - src.logic - DEBUG - Worker Tech_10 excederia limite diário: 8+1 > 8
2025-12-18 09:34:40,769 - src.logic - DEBUG - Worker Tech_01 excederia limite diário: 8+1 > 8
2025-12-18 09:34:40,769 - src.logic - DEBUG - Worker Tech_05 excederia limite diário: 8+1 > 8
2025-12-18 09:34:40,770 - src.logic - DEBUG - Worker Tech_06 excederia limite diário: 8+1 > 8
2025-12-18 09:34:40,770 - src.logic - DEBUG - Worker Tech_07 excederia limite diário: 8+1 > 8
2025-12-18 09:34:40,770 - src.logic - DEBUG - Worker Tech_08 excederia limite diário: 8+1 > 8
2025-12-18 09:34:40,770 - src.logic - DEBUG - Worker Tech_09 excederia limite diário: 8+1 > 8
2025-12-18 09:34:40,770 - src.logic - DEBUG - Worker Tech_10 excederia limite diário: 8+1 > 8
2025-12-18 09:34:40,771 - src.logic - DEBUG - Worker Tech_01 excederia limite diário: 8+1 > 8
2025-12-18 09:34:40,771 - src.logic - DEBUG - Worker Tech_05 excederia limite diário: 8+1 > 8
2025-12-18 09:34:40,771 - src.logic - DEBUG - Worker Tech_06 excederia limite diário: 8+1 > 8
2025-12-18 09:34:40,771 - src.logic - DEBUG - Worker Tech_07 excederia limite diário: 8+1 > 8
2025-12-18 09:34:40,771 - src.logic - DEBUG - Worker Tech_08 excederia limite diário: 8+1 > 8
2025-12-18 09:34:40,771 - src.logic - DEBUG - Worker Tech_09 excederia limite diário: 8+1 > 8
2025-12-18 09:34:40,771 - src.logic - DEBUG - Worker Tech_10 excederia limite diário: 8+1 > 8
2025-12-18 09:34:40,771 - src.logic - DEBUG - Worker Tech_01 excederia limite diário: 8+1 > 8
2025-12-18 09:34:40,772 - src.logic - DEBUG - Worker Tech_05 excederia limite diário: 8+1 > 8
2025-12-18 09:34:40,772 - src.logic - DEBUG - Worker Tech_06 excederia limite diário: 8+1 > 8
2025-12-18 09:34:40,772 - src.logic - DEBUG - Worker Tech_07 excederia limite diário: 8+1 > 8
2025-12-18 09:34:40,772 - src.logic - DEBUG - Worker Tech_08 excederia limite diário: 8+1 > 8
2025-12-18 09:34:40,772 - src.logic - DEBUG - Worker Tech_09 excederia limite diário: 8+1 > 8
2025-12-18 09:34:40,772 - src.logic - DEBUG - Worker Tech_10 excederia limite diário: 8+1 > 8
2025-12-18 09:34:40,772 - src.logic - DEBUG - Worker Tech_01 excederia limite diário: 8+1 > 8
2025-12-18 09:34:40,772 - src.logic - DEBUG - Worker Tech_05 excederia limite diário: 8+1 > 8
2025-12-18 09:34:40,772 - src.logic - DEBUG - Worker Tech_06 excederia limite diário: 8+1 > 8
2025-12-18 09:34:40,772 - src.logic - DEBUG - Worker Tech_07 excederia limite diário: 8+1 > 8
2025-12-18 09:34:40,773 - src.logic - DEBUG - Worker Tech_08 excederia limite diário: 8+1 > 8
2025-12-18 09:34:40,773 - src.logic - DEBUG - Worker Tech_09 excederia limite diário: 8+1 > 8
2025-12-18 09:34:40,773 - src.logic - DEBUG - Worker Tech_10 excederia limite diário: 8+1 > 8
2025-12-18 09:34:40,773 - src.logic - DEBUG - Worker Tech_01 excederia limite diário: 8+1 > 8
2025-12-18 09:34:40,773 - src.logic - DEBUG - Worker Tech_05 excederia limite diário: 8+1 > 8
2025-12-18 09:34:40,773 - src.logic - DEBUG - Worker Tech_06 excederia limite diário: 8+1 > 8
2025-12-18 09:34:40,773 - src.logic - DEBUG - Worker Tech_07 excederia limite diário: 8+1 > 8
2025-12-18 09:34:40,774 - src.logic - DEBUG - Worker Tech_08 excederia limite diário: 8+1 > 8
2025-12-18 09:34:40,774 - src.logic - DEBUG - Worker Tech_09 excederia limite diário: 8+1 > 8
2025-12-18 09:34:40,774 - src.logic - DEBUG - Worker Tech_10 excederia limite diário: 8+1 > 8
2025-12-18 09:34:40,774 - src.logic - DEBUG - Worker Tech_01 excederia limite diário: 8+1 > 8
2025-12-18 09:34:40,774 - src.logic - DEBUG - Worker Tech_05 excederia limite diário: 8+1 > 8
2025-12-18 09:34:40,774 - src.logic - DEBUG - Worker Tech_06 excederia limite diário: 8+1 > 8
2025-12-18 09:34:40,774 - src.logic - DEBUG - Worker Tech_07 excederia limite diário: 8+1 > 8
2025-12-18 09:34:40,774 - src.logic - DEBUG - Worker Tech_08 excederia limite diário: 8+1 > 8
2025-12-18 09:34:40,774 - src.logic - DEBUG - Worker Tech_09 excederia limite diário: 8+1 > 8
2025-12-18 09:34:40,775 - src.logic - DEBUG - Worker Tech_10 excederia limite diário: 8+1 > 8
2025-12-18 09:34:40,775 - src.logic - DEBUG - Worker Tech_06 ocupado em 150-151
2025-12-18 09:34:40,775 - src.planner - DEBUG - Server TEST_Integration_02 reservado: 150h-151h (dia 6)
2025-12-18 09:34:40,775 - src.planner - DEBUG - Worker Tech_07 reservado: 150h-151h (dia 6)
2025-12-18 09:34:40,775 - src.logic - DEBUG - Server DEV_WebPortal_02 ocupado em 18-19
2025-12-18 09:34:40,776 - src.logic - DEBUG - Worker Tech_05 ocupado em 42-44
2025-12-18 09:34:40,776 - src.logic - DEBUG - Worker Tech_07 ocupado em 42-44
2025-12-18 09:34:40,776 - src.logic - DEBUG - Worker Tech_05 ocupado em 66-68
2025-12-18 09:34:40,776 - src.logic - DEBUG - Worker Tech_07 ocupado em 66-68
2025-12-18 09:34:40,777 - src.logic - DEBUG - Worker Tech_05 ocupado em 90-92
2025-12-18 09:34:40,778 - src.logic - DEBUG - Worker Tech_07 ocupado em 90-92
2025-12-18 09:34:40,779 - src.planner - DEBUG - Server DEV_WebPortal_02 reservado: 114h-116h (dia 4)
2025-12-18 09:34:40,779 - src.planner - DEBUG - Worker Tech_05 reservado: 114h-116h (dia 4)
2025-12-18 09:34:40,779 - src.logic - DEBUG - Worker Tech_05 ocupado em 18-20
2025-12-18 09:34:40,779 - src.logic - DEBUG - Worker Tech_07 ocupado em 18-20
2025-12-18 09:34:40,779 - src.logic - DEBUG - Worker Tech_05 ocupado em 42-44
2025-12-18 09:34:40,779 - src.logic - DEBUG - Worker Tech_07 ocupado em 42-44
2025-12-18 09:34:40,780 - src.logic - DEBUG - Worker Tech_05 ocupado em 66-68
2025-12-18 09:34:40,780 - src.logic - DEBUG - Worker Tech_07 ocupado em 66-68
2025-12-18 09:34:40,780 - src.logic - DEBUG - Worker Tech_05 ocupado em 90-92
2025-12-18 09:34:40,780 - src.logic - DEBUG - Worker Tech_07 ocupado em 90-92
2025-12-18 09:34:40,781 - src.logic - DEBUG - Worker Tech_05 ocupado em 114-116
2025-12-18 09:34:40,781 - src.planner - DEBUG - Server DEV_Analytics_01 reservado: 114h-116h (dia 4)
2025-12-18 09:34:40,781 - src.planner - DEBUG - Worker Tech_07 reservado: 114h-116h (dia 4)
2025-12-18 09:34:40,781 - src.logic - DEBUG - Server DEV_Database_02 ocupado em 18-20
2025-12-18 09:34:40,782 - src.logic - DEBUG - Server DEV_Database_02 ocupado em 18-20
2025-12-18 09:34:40,782 - src.logic - DEBUG - Worker Tech_05 ocupado em 42-44
2025-12-18 09:34:40,782 - src.logic - DEBUG - Worker Tech_07 ocupado em 42-44
2025-12-18 09:34:40,782 - src.logic - DEBUG - Worker Tech_05 ocupado em 66-68
2025-12-18 09:34:40,783 - src.logic - DEBUG - Worker Tech_07 ocupado em 66-68
2025-12-18 09:34:40,783 - src.logic - DEBUG - Server DEV_Database_02 ocupado em 90-92
2025-12-18 09:34:40,783 - src.logic - DEBUG - Server DEV_Database_02 ocupado em 90-92
2025-12-18 09:34:40,784 - src.logic - DEBUG - Worker Tech_05 ocupado em 114-116
2025-12-18 09:34:40,784 - src.logic - DEBUG - Worker Tech_07 ocupado em 114-116
2025-12-18 09:34:40,784 - src.logic - DEBUG - Worker Tech_01 ocupado em 128-131
2025-12-18 09:34:40,785 - src.logic - DEBUG - Worker Tech_04 ocupado em 128-131
2025-12-18 09:34:40,785 - src.logic - DEBUG - Worker Tech_05 ocupado em 128-131
2025-12-18 09:34:40,785 - src.logic - DEBUG - Worker Tech_06 ocupado em 128-131
2025-12-18 09:34:40,785 - src.logic - DEBUG - Worker Tech_07 ocupado em 128-131
2025-12-18 09:34:40,785 - src.logic - DEBUG - Worker Tech_08 ocupado em 128-131
2025-12-18 09:34:40,785 - src.logic - DEBUG - Worker Tech_09 ocupado em 128-131
2025-12-18 09:34:40,785 - src.logic - DEBUG - Worker Tech_10 ocupado em 128-131
2025-12-18 09:34:40,785 - src.logic - DEBUG - Worker Tech_01 ocupado em 128-131
2025-12-18 09:34:40,785 - src.logic - DEBUG - Worker Tech_04 ocupado em 128-131
2025-12-18 09:34:40,785 - src.logic - DEBUG - Worker Tech_05 ocupado em 128-131
2025-12-18 09:34:40,786 - src.logic - DEBUG - Worker Tech_06 ocupado em 128-131
2025-12-18 09:34:40,786 - src.logic - DEBUG - Worker Tech_07 ocupado em 128-131
2025-12-18 09:34:40,786 - src.logic - DEBUG - Worker Tech_08 ocupado em 128-131
2025-12-18 09:34:40,786 - src.logic - DEBUG - Worker Tech_09 ocupado em 128-131
2025-12-18 09:34:40,786 - src.logic - DEBUG - Worker Tech_10 ocupado em 128-131
2025-12-18 09:34:40,786 - src.logic - DEBUG - Worker Tech_01 ocupado em 128-131
2025-12-18 09:34:40,786 - src.logic - DEBUG - Worker Tech_03 ocupado em 130-133
2025-12-18 09:34:40,786 - src.logic - DEBUG - Worker Tech_04 ocupado em 128-131
2025-12-18 09:34:40,787 - src.logic - DEBUG - Worker Tech_05 ocupado em 128-131
2025-12-18 09:34:40,787 - src.logic - DEBUG - Worker Tech_06 ocupado em 128-131
2025-12-18 09:34:40,787 - src.logic - DEBUG - Worker Tech_07 ocupado em 128-131
2025-12-18 09:34:40,787 - src.logic - DEBUG - Worker Tech_08 ocupado em 128-131
2025-12-18 09:34:40,787 - src.logic - DEBUG - Worker Tech_09 ocupado em 128-131
2025-12-18 09:34:40,787 - src.logic - DEBUG - Worker Tech_10 ocupado em 128-131
2025-12-18 09:34:40,787 - src.logic - DEBUG - Worker Tech_01 ocupado em 131-134
2025-12-18 09:34:40,787 - src.logic - DEBUG - Worker Tech_03 ocupado em 130-133
2025-12-18 09:34:40,787 - src.logic - DEBUG - Worker Tech_04 excederia limite diário: 7+2 > 8
2025-12-18 09:34:40,788 - src.logic - DEBUG - Worker Tech_05 ocupado em 131-134
2025-12-18 09:34:40,788 - src.logic - DEBUG - Worker Tech_06 ocupado em 131-134
2025-12-18 09:34:40,788 - src.logic - DEBUG - Worker Tech_07 ocupado em 131-134
2025-12-18 09:34:40,789 - src.logic - DEBUG - Worker Tech_08 ocupado em 131-134
2025-12-18 09:34:40,789 - src.logic - DEBUG - Worker Tech_09 ocupado em 131-133
2025-12-18 09:34:40,789 - src.logic - DEBUG - Worker Tech_10 ocupado em 131-133
2025-12-18 09:34:40,790 - src.logic - DEBUG - Worker Tech_01 ocupado em 131-134
2025-12-18 09:34:40,790 - src.logic - DEBUG - Worker Tech_03 ocupado em 130-133
2025-12-18 09:34:40,790 - src.logic - DEBUG - Worker Tech_04 excederia limite diário: 7+2 > 8
2025-12-18 09:34:40,790 - src.logic - DEBUG - Worker Tech_05 ocupado em 131-134
2025-12-18 09:34:40,790 - src.logic - DEBUG - Worker Tech_06 ocupado em 131-134
2025-12-18 09:34:40,790 - src.logic - DEBUG - Worker Tech_07 ocupado em 131-134
2025-12-18 09:34:40,790 - src.logic - DEBUG - Worker Tech_08 ocupado em 131-134
2025-12-18 09:34:40,790 - src.logic - DEBUG - Worker Tech_09 ocupado em 131-133
2025-12-18 09:34:40,791 - src.logic - DEBUG - Worker Tech_10 ocupado em 131-133
2025-12-18 09:34:40,791 - src.logic - DEBUG - Worker Tech_01 ocupado em 131-134
2025-12-18 09:34:40,791 - src.logic - DEBUG - Worker Tech_04 excederia limite diário: 7+2 > 8
2025-12-18 09:34:40,791 - src.logic - DEBUG - Worker Tech_05 ocupado em 131-134
2025-12-18 09:34:40,791 - src.logic - DEBUG - Worker Tech_06 ocupado em 131-134
2025-12-18 09:34:40,791 - src.logic - DEBUG - Worker Tech_07 ocupado em 131-134
2025-12-18 09:34:40,791 - src.logic - DEBUG - Worker Tech_08 ocupado em 131-134
2025-12-18 09:34:40,791 - src.logic - DEBUG - Worker Tech_09 ocupado em 133-134
2025-12-18 09:34:40,791 - src.logic - DEBUG - Worker Tech_10 ocupado em 133-134
2025-12-18 09:34:40,792 - src.logic - DEBUG - Worker Tech_01 excederia limite diário: 8+2 > 8
2025-12-18 09:34:40,792 - src.logic - DEBUG - Worker Tech_04 ocupado em 135-139
2025-12-18 09:34:40,792 - src.logic - DEBUG - Worker Tech_05 excederia limite diário: 8+2 > 8
2025-12-18 09:34:40,792 - src.logic - DEBUG - Worker Tech_06 excederia limite diário: 8+2 > 8
2025-12-18 09:34:40,792 - src.logic - DEBUG - Worker Tech_07 excederia limite diário: 8+2 > 8
2025-12-18 09:34:40,792 - src.logic - DEBUG - Worker Tech_08 excederia limite diário: 8+2 > 8
2025-12-18 09:34:40,793 - src.logic - DEBUG - Worker Tech_09 excederia limite diário: 8+2 > 8
2025-12-18 09:34:40,793 - src.logic - DEBUG - Worker Tech_10 excederia limite diário: 8+2 > 8
2025-12-18 09:34:40,793 - src.logic - DEBUG - Worker Tech_01 excederia limite diário: 8+2 > 8
2025-12-18 09:34:40,793 - src.logic - DEBUG - Worker Tech_03 ocupado em 135-139
2025-12-18 09:34:40,793 - src.logic - DEBUG - Worker Tech_04 ocupado em 135-139
2025-12-18 09:34:40,793 - src.logic - DEBUG - Worker Tech_05 excederia limite diário: 8+2 > 8
2025-12-18 09:34:40,794 - src.logic - DEBUG - Worker Tech_06 excederia limite diário: 8+2 > 8
2025-12-18 09:34:40,794 - src.logic - DEBUG - Worker Tech_07 excederia limite diário: 8+2 > 8
2025-12-18 09:34:40,794 - src.logic - DEBUG - Worker Tech_08 excederia limite diário: 8+2 > 8
2025-12-18 09:34:40,794 - src.logic - DEBUG - Worker Tech_09 excederia limite diário: 8+2 > 8
2025-12-18 09:34:40,794 - src.logic - DEBUG - Worker Tech_10 excederia limite diário: 8+2 > 8
2025-12-18 09:34:40,794 - src.logic - DEBUG - Worker Tech_01 excederia limite diário: 8+2 > 8
2025-12-18 09:34:40,795 - src.logic - DEBUG - Worker Tech_03 ocupado em 135-139
2025-12-18 09:34:40,795 - src.logic - DEBUG - Worker Tech_04 ocupado em 135-139
2025-12-18 09:34:40,795 - src.logic - DEBUG - Worker Tech_05 excederia limite diário: 8+2 > 8
2025-12-18 09:34:40,795 - src.logic - DEBUG - Worker Tech_06 excederia limite diário: 8+2 > 8
2025-12-18 09:34:40,795 - src.logic - DEBUG - Worker Tech_07 excederia limite diário: 8+2 > 8
2025-12-18 09:34:40,795 - src.logic - DEBUG - Worker Tech_08 excederia limite diário: 8+2 > 8
2025-12-18 09:34:40,795 - src.logic - DEBUG - Worker Tech_09 excederia limite diário: 8+2 > 8
2025-12-18 09:34:40,796 - src.logic - DEBUG - Worker Tech_10 excederia limite diário: 8+2 > 8
2025-12-18 09:34:40,796 - src.logic - DEBUG - Worker Tech_01 excederia limite diário: 8+2 > 8
2025-12-18 09:34:40,796 - src.logic - DEBUG - Worker Tech_03 ocupado em 135-139
2025-12-18 09:34:40,796 - src.logic - DEBUG - Worker Tech_04 ocupado em 135-139
2025-12-18 09:34:40,796 - src.logic - DEBUG - Worker Tech_05 excederia limite diário: 8+2 > 8
2025-12-18 09:34:40,796 - src.logic - DEBUG - Worker Tech_06 excederia limite diário: 8+2 > 8
2025-12-18 09:34:40,796 - src.logic - DEBUG - Worker Tech_07 excederia limite diário: 8+2 > 8
2025-12-18 09:34:40,796 - src.logic - DEBUG - Worker Tech_08 excederia limite diário: 8+2 > 8
2025-12-18 09:34:40,796 - src.logic - DEBUG - Worker Tech_09 excederia limite diário: 8+2 > 8
2025-12-18 09:34:40,797 - src.logic - DEBUG - Worker Tech_10 excederia limite diário: 8+2 > 8
2025-12-18 09:34:40,797 - src.logic - DEBUG - Worker Tech_01 excederia limite diário: 8+2 > 8
2025-12-18 09:34:40,797 - src.logic - DEBUG - Worker Tech_04 ocupado em 135-139
2025-12-18 09:34:40,797 - src.logic - DEBUG - Worker Tech_05 excederia limite diário: 8+2 > 8
2025-12-18 09:34:40,797 - src.logic - DEBUG - Worker Tech_06 excederia limite diário: 8+2 > 8
2025-12-18 09:34:40,797 - src.logic - DEBUG - Worker Tech_07 excederia limite diário: 8+2 > 8
2025-12-18 09:34:40,797 - src.logic - DEBUG - Worker Tech_08 excederia limite diário: 8+2 > 8
2025-12-18 09:34:40,798 - src.logic - DEBUG - Worker Tech_09 excederia limite diário: 8+2 > 8
2025-12-18 09:34:40,798 - src.logic - DEBUG - Worker Tech_10 excederia limite diário: 8+2 > 8
2025-12-18 09:34:40,798 - src.logic - DEBUG - Worker Tech_01 excederia limite diário: 8+2 > 8
2025-12-18 09:34:40,798 - src.logic - DEBUG - Worker Tech_04 excederia limite diário: 7+2 > 8
2025-12-18 09:34:40,798 - src.logic - DEBUG - Worker Tech_05 excederia limite diário: 8+2 > 8
2025-12-18 09:34:40,798 - src.logic - DEBUG - Worker Tech_06 excederia limite diário: 8+2 > 8
2025-12-18 09:34:40,798 - src.logic - DEBUG - Worker Tech_07 excederia limite diário: 8+2 > 8
2025-12-18 09:34:40,798 - src.logic - DEBUG - Worker Tech_08 excederia limite diário: 8+2 > 8
2025-12-18 09:34:40,798 - src.logic - DEBUG - Worker Tech_09 excederia limite diário: 8+2 > 8
2025-12-18 09:34:40,799 - src.logic - DEBUG - Worker Tech_10 excederia limite diário: 8+2 > 8
2025-12-18 09:34:40,799 - src.logic - DEBUG - Worker Tech_01 excederia limite diário: 8+2 > 8
2025-12-18 09:34:40,799 - src.logic - DEBUG - Worker Tech_04 excederia limite diário: 7+2 > 8
2025-12-18 09:34:40,799 - src.logic - DEBUG - Worker Tech_05 excederia limite diário: 8+2 > 8
2025-12-18 09:34:40,799 - src.logic - DEBUG - Worker Tech_06 excederia limite diário: 8+2 > 8
2025-12-18 09:34:40,799 - src.logic - DEBUG - Worker Tech_07 excederia limite diário: 8+2 > 8
2025-12-18 09:34:40,799 - src.logic - DEBUG - Worker Tech_08 excederia limite diário: 8+2 > 8
2025-12-18 09:34:40,800 - src.logic - DEBUG - Worker Tech_09 excederia limite diário: 8+2 > 8
2025-12-18 09:34:40,800 - src.logic - DEBUG - Worker Tech_10 excederia limite diário: 8+2 > 8
2025-12-18 09:34:40,800 - src.logic - DEBUG - Worker Tech_01 excederia limite diário: 8+2 > 8
2025-12-18 09:34:40,800 - src.logic - DEBUG - Worker Tech_04 excederia limite diário: 7+2 > 8
2025-12-18 09:34:40,800 - src.logic - DEBUG - Worker Tech_05 excederia limite diário: 8+2 > 8
2025-12-18 09:34:40,800 - src.logic - DEBUG - Worker Tech_06 excederia limite diário: 8+2 > 8
2025-12-18 09:34:40,800 - src.logic - DEBUG - Worker Tech_07 excederia limite diário: 8+2 > 8
2025-12-18 09:34:40,801 - src.logic - DEBUG - Worker Tech_08 excederia limite diário: 8+2 > 8
2025-12-18 09:34:40,801 - src.logic - DEBUG - Worker Tech_09 excederia limite diário: 8+2 > 8
2025-12-18 09:34:40,801 - src.logic - DEBUG - Worker Tech_10 excederia limite diário: 8+2 > 8
2025-12-18 09:34:40,801 - src.logic - DEBUG - Worker Tech_06 ocupado em 152-156
2025-12-18 09:34:40,801 - src.logic - DEBUG - Worker Tech_07 ocupado em 152-156
2025-12-18 09:34:40,801 - src.planner - DEBUG - Server DEV_Database_02 reservado: 152h-154h (dia 6)
2025-12-18 09:34:40,801 - src.planner - DEBUG - Worker Tech_04 reservado: 152h-154h (dia 6)
2025-12-18 09:34:40,801 - src.logic - DEBUG - Worker Tech_05 ocupado em 18-20
2025-12-18 09:34:40,801 - src.logic - DEBUG - Worker Tech_07 ocupado em 18-20
2025-12-18 09:34:40,802 - src.logic - DEBUG - Worker Tech_05 ocupado em 42-44
2025-12-18 09:34:40,802 - src.logic - DEBUG - Worker Tech_07 ocupado em 42-44
2025-12-18 09:34:40,802 - src.logic - DEBUG - Worker Tech_05 ocupado em 66-68
2025-12-18 09:34:40,803 - src.logic - DEBUG - Worker Tech_07 ocupado em 66-68
2025-12-18 09:34:40,803 - src.logic - DEBUG - Worker Tech_05 ocupado em 90-92
2025-12-18 09:34:40,803 - src.logic - DEBUG - Worker Tech_07 ocupado em 90-92
2025-12-18 09:34:40,804 - src.logic - DEBUG - Worker Tech_05 ocupado em 114-116
2025-12-18 09:34:40,804 - src.logic - DEBUG - Worker Tech_07 ocupado em 114-116
2025-12-18 09:34:40,804 - src.logic - DEBUG - Worker Tech_01 ocupado em 128-131
2025-12-18 09:34:40,804 - src.logic - DEBUG - Worker Tech_04 ocupado em 128-131
2025-12-18 09:34:40,805 - src.logic - DEBUG - Worker Tech_05 ocupado em 128-131
2025-12-18 09:34:40,805 - src.logic - DEBUG - Worker Tech_06 ocupado em 128-131
2025-12-18 09:34:40,805 - src.logic - DEBUG - Worker Tech_07 ocupado em 128-131
2025-12-18 09:34:40,805 - src.logic - DEBUG - Worker Tech_08 ocupado em 128-131
2025-12-18 09:34:40,805 - src.logic - DEBUG - Worker Tech_09 ocupado em 128-131
2025-12-18 09:34:40,805 - src.logic - DEBUG - Worker Tech_10 ocupado em 128-131
2025-12-18 09:34:40,805 - src.logic - DEBUG - Worker Tech_01 ocupado em 128-131
2025-12-18 09:34:40,805 - src.logic - DEBUG - Worker Tech_04 ocupado em 128-131
2025-12-18 09:34:40,806 - src.logic - DEBUG - Worker Tech_05 ocupado em 128-131
2025-12-18 09:34:40,806 - src.logic - DEBUG - Worker Tech_06 ocupado em 128-131
2025-12-18 09:34:40,806 - src.logic - DEBUG - Worker Tech_07 ocupado em 128-131
2025-12-18 09:34:40,806 - src.logic - DEBUG - Worker Tech_08 ocupado em 128-131
2025-12-18 09:34:40,806 - src.logic - DEBUG - Worker Tech_09 ocupado em 128-131
2025-12-18 09:34:40,806 - src.logic - DEBUG - Worker Tech_10 ocupado em 128-131
2025-12-18 09:34:40,806 - src.logic - DEBUG - Worker Tech_01 ocupado em 128-131
2025-12-18 09:34:40,806 - src.logic - DEBUG - Worker Tech_03 ocupado em 130-133
2025-12-18 09:34:40,806 - src.logic - DEBUG - Worker Tech_04 ocupado em 128-131
2025-12-18 09:34:40,806 - src.logic - DEBUG - Worker Tech_05 ocupado em 128-131
2025-12-18 09:34:40,807 - src.logic - DEBUG - Worker Tech_06 ocupado em 128-131
2025-12-18 09:34:40,807 - src.logic - DEBUG - Worker Tech_07 ocupado em 128-131
2025-12-18 09:34:40,807 - src.logic - DEBUG - Worker Tech_08 ocupado em 128-131
2025-12-18 09:34:40,807 - src.logic - DEBUG - Worker Tech_09 ocupado em 128-131
2025-12-18 09:34:40,807 - src.logic - DEBUG - Worker Tech_10 ocupado em 128-131
2025-12-18 09:34:40,807 - src.logic - DEBUG - Worker Tech_01 ocupado em 131-134
2025-12-18 09:34:40,807 - src.logic - DEBUG - Worker Tech_03 ocupado em 130-133
2025-12-18 09:34:40,807 - src.logic - DEBUG - Worker Tech_04 excederia limite diário: 7+2 > 8
2025-12-18 09:34:40,807 - src.logic - DEBUG - Worker Tech_05 ocupado em 131-134
2025-12-18 09:34:40,807 - src.logic - DEBUG - Worker Tech_06 ocupado em 131-134
2025-12-18 09:34:40,807 - src.logic - DEBUG - Worker Tech_07 ocupado em 131-134
2025-12-18 09:34:40,808 - src.logic - DEBUG - Worker Tech_08 ocupado em 131-134
2025-12-18 09:34:40,808 - src.logic - DEBUG - Worker Tech_09 ocupado em 131-133
2025-12-18 09:34:40,808 - src.logic - DEBUG - Worker Tech_10 ocupado em 131-133
2025-12-18 09:34:40,808 - src.logic - DEBUG - Worker Tech_01 ocupado em 131-134
2025-12-18 09:34:40,808 - src.logic - DEBUG - Worker Tech_03 ocupado em 130-133
2025-12-18 09:34:40,808 - src.logic - DEBUG - Worker Tech_04 excederia limite diário: 7+2 > 8
2025-12-18 09:34:40,808 - src.logic - DEBUG - Worker Tech_05 ocupado em 131-134
2025-12-18 09:34:40,809 - src.logic - DEBUG - Worker Tech_06 ocupado em 131-134
2025-12-18 09:34:40,810 - src.logic - DEBUG - Worker Tech_07 ocupado em 131-134
2025-12-18 09:34:40,810 - src.logic - DEBUG - Worker Tech_08 ocupado em 131-134
2025-12-18 09:34:40,810 - src.logic - DEBUG - Worker Tech_09 ocupado em 131-133
2025-12-18 09:34:40,811 - src.logic - DEBUG - Worker Tech_10 ocupado em 131-133
2025-12-18 09:34:40,811 - src.logic - DEBUG - Worker Tech_01 ocupado em 131-134
2025-12-18 09:34:40,812 - src.logic - DEBUG - Worker Tech_04 excederia limite diário: 7+2 > 8
2025-12-18 09:34:40,812 - src.logic - DEBUG - Worker Tech_05 ocupado em 131-134
2025-12-18 09:34:40,812 - src.logic - DEBUG - Worker Tech_06 ocupado em 131-134
2025-12-18 09:34:40,812 - src.logic - DEBUG - Worker Tech_07 ocupado em 131-134
2025-12-18 09:34:40,812 - src.logic - DEBUG - Worker Tech_08 ocupado em 131-134
2025-12-18 09:34:40,812 - src.logic - DEBUG - Worker Tech_09 ocupado em 133-134
2025-12-18 09:34:40,812 - src.logic - DEBUG - Worker Tech_10 ocupado em 133-134
2025-12-18 09:34:40,813 - src.logic - DEBUG - Worker Tech_01 excederia limite diário: 8+2 > 8
2025-12-18 09:34:40,813 - src.logic - DEBUG - Worker Tech_04 ocupado em 135-139
2025-12-18 09:34:40,813 - src.logic - DEBUG - Worker Tech_05 excederia limite diário: 8+2 > 8
2025-12-18 09:34:40,813 - src.logic - DEBUG - Worker Tech_06 excederia limite diário: 8+2 > 8
2025-12-18 09:34:40,813 - src.logic - DEBUG - Worker Tech_07 excederia limite diário: 8+2 > 8
2025-12-18 09:34:40,813 - src.logic - DEBUG - Worker Tech_08 excederia limite diário: 8+2 > 8
2025-12-18 09:34:40,813 - src.logic - DEBUG - Worker Tech_09 excederia limite diário: 8+2 > 8
2025-12-18 09:34:40,813 - src.logic - DEBUG - Worker Tech_10 excederia limite diário: 8+2 > 8
2025-12-18 09:34:40,813 - src.logic - DEBUG - Worker Tech_01 excederia limite diário: 8+2 > 8
2025-12-18 09:34:40,814 - src.logic - DEBUG - Worker Tech_03 ocupado em 135-139
2025-12-18 09:34:40,814 - src.logic - DEBUG - Worker Tech_04 ocupado em 135-139
2025-12-18 09:34:40,814 - src.logic - DEBUG - Worker Tech_05 excederia limite diário: 8+2 > 8
2025-12-18 09:34:40,814 - src.logic - DEBUG - Worker Tech_06 excederia limite diário: 8+2 > 8
2025-12-18 09:34:40,814 - src.logic - DEBUG - Worker Tech_07 excederia limite diário: 8+2 > 8
2025-12-18 09:34:40,815 - src.logic - DEBUG - Worker Tech_08 excederia limite diário: 8+2 > 8
2025-12-18 09:34:40,815 - src.logic - DEBUG - Worker Tech_09 excederia limite diário: 8+2 > 8
2025-12-18 09:34:40,815 - src.logic - DEBUG - Worker Tech_10 excederia limite diário: 8+2 > 8
2025-12-18 09:34:40,818 - src.logic - DEBUG - Worker Tech_01 excederia limite diário: 8+2 > 8
2025-12-18 09:34:40,818 - src.logic - DEBUG - Worker Tech_03 ocupado em 135-139
2025-12-18 09:34:40,818 - src.logic - DEBUG - Worker Tech_04 ocupado em 135-139
2025-12-18 09:34:40,818 - src.logic - DEBUG - Worker Tech_05 excederia limite diário: 8+2 > 8
2025-12-18 09:34:40,818 - src.logic - DEBUG - Worker Tech_06 excederia limite diário: 8+2 > 8
2025-12-18 09:34:40,818 - src.logic - DEBUG - Worker Tech_07 excederia limite diário: 8+2 > 8
2025-12-18 09:34:40,818 - src.logic - DEBUG - Worker Tech_08 excederia limite diário: 8+2 > 8
2025-12-18 09:34:40,818 - src.logic - DEBUG - Worker Tech_09 excederia limite diário: 8+2 > 8
2025-12-18 09:34:40,819 - src.logic - DEBUG - Worker Tech_10 excederia limite diário: 8+2 > 8
2025-12-18 09:34:40,819 - src.logic - DEBUG - Worker Tech_01 excederia limite diário: 8+2 > 8
2025-12-18 09:34:40,819 - src.logic - DEBUG - Worker Tech_03 ocupado em 135-139
2025-12-18 09:34:40,819 - src.logic - DEBUG - Worker Tech_04 ocupado em 135-139
2025-12-18 09:34:40,819 - src.logic - DEBUG - Worker Tech_05 excederia limite diário: 8+2 > 8
2025-12-18 09:34:40,819 - src.logic - DEBUG - Worker Tech_06 excederia limite diário: 8+2 > 8
2025-12-18 09:34:40,819 - src.logic - DEBUG - Worker Tech_07 excederia limite diário: 8+2 > 8
2025-12-18 09:34:40,819 - src.logic - DEBUG - Worker Tech_08 excederia limite diário: 8+2 > 8
2025-12-18 09:34:40,819 - src.logic - DEBUG - Worker Tech_09 excederia limite diário: 8+2 > 8
2025-12-18 09:34:40,819 - src.logic - DEBUG - Worker Tech_10 excederia limite diário: 8+2 > 8
2025-12-18 09:34:40,820 - src.logic - DEBUG - Worker Tech_01 excederia limite diário: 8+2 > 8
2025-12-18 09:34:40,820 - src.logic - DEBUG - Worker Tech_04 ocupado em 135-139
2025-12-18 09:34:40,820 - src.logic - DEBUG - Worker Tech_05 excederia limite diário: 8+2 > 8
2025-12-18 09:34:40,820 - src.logic - DEBUG - Worker Tech_06 excederia limite diário: 8+2 > 8
2025-12-18 09:34:40,820 - src.logic - DEBUG - Worker Tech_07 excederia limite diário: 8+2 > 8
2025-12-18 09:34:40,820 - src.logic - DEBUG - Worker Tech_08 excederia limite diário: 8+2 > 8
2025-12-18 09:34:40,820 - src.logic - DEBUG - Worker Tech_09 excederia limite diário: 8+2 > 8
2025-12-18 09:34:40,820 - src.logic - DEBUG - Worker Tech_10 excederia limite diário: 8+2 > 8
2025-12-18 09:34:40,820 - src.logic - DEBUG - Worker Tech_01 excederia limite diário: 8+2 > 8
2025-12-18 09:34:40,820 - src.logic - DEBUG - Worker Tech_04 excederia limite diário: 7+2 > 8
2025-12-18 09:34:40,821 - src.logic - DEBUG - Worker Tech_05 excederia limite diário: 8+2 > 8
2025-12-18 09:34:40,821 - src.logic - DEBUG - Worker Tech_06 excederia limite diário: 8+2 > 8
2025-12-18 09:34:40,821 - src.logic - DEBUG - Worker Tech_07 excederia limite diário: 8+2 > 8
2025-12-18 09:34:40,821 - src.logic - DEBUG - Worker Tech_08 excederia limite diário: 8+2 > 8
2025-12-18 09:34:40,821 - src.logic - DEBUG - Worker Tech_09 excederia limite diário: 8+2 > 8
2025-12-18 09:34:40,821 - src.logic - DEBUG - Worker Tech_10 excederia limite diário: 8+2 > 8
2025-12-18 09:34:40,821 - src.logic - DEBUG - Worker Tech_01 excederia limite diário: 8+2 > 8
2025-12-18 09:34:40,821 - src.logic - DEBUG - Worker Tech_04 excederia limite diário: 7+2 > 8
2025-12-18 09:34:40,821 - src.logic - DEBUG - Worker Tech_05 excederia limite diário: 8+2 > 8
2025-12-18 09:34:40,822 - src.logic - DEBUG - Worker Tech_06 excederia limite diário: 8+2 > 8
2025-12-18 09:34:40,822 - src.logic - DEBUG - Worker Tech_07 excederia limite diário: 8+2 > 8
2025-12-18 09:34:40,822 - src.logic - DEBUG - Worker Tech_08 excederia limite diário: 8+2 > 8
2025-12-18 09:34:40,822 - src.logic - DEBUG - Worker Tech_09 excederia limite diário: 8+2 > 8
2025-12-18 09:34:40,822 - src.logic - DEBUG - Worker Tech_10 excederia limite diário: 8+2 > 8
2025-12-18 09:34:40,822 - src.logic - DEBUG - Worker Tech_01 excederia limite diário: 8+2 > 8
2025-12-18 09:34:40,822 - src.logic - DEBUG - Worker Tech_04 excederia limite diário: 7+2 > 8
2025-12-18 09:34:40,822 - src.logic - DEBUG - Worker Tech_05 excederia limite diário: 8+2 > 8
2025-12-18 09:34:40,822 - src.logic - DEBUG - Worker Tech_06 excederia limite diário: 8+2 > 8
2025-12-18 09:34:40,823 - src.logic - DEBUG - Worker Tech_07 excederia limite diário: 8+2 > 8
2025-12-18 09:34:40,823 - src.logic - DEBUG - Worker Tech_08 excederia limite diário: 8+2 > 8
2025-12-18 09:34:40,823 - src.logic - DEBUG - Worker Tech_09 excederia limite diário: 8+2 > 8
2025-12-18 09:34:40,823 - src.logic - DEBUG - Worker Tech_10 excederia limite diário: 8+2 > 8
2025-12-18 09:34:40,823 - src.logic - DEBUG - Worker Tech_04 ocupado em 152-154
2025-12-18 09:34:40,823 - src.logic - DEBUG - Worker Tech_06 ocupado em 152-156
2025-12-18 09:34:40,823 - src.logic - DEBUG - Worker Tech_07 ocupado em 152-156
2025-12-18 09:34:40,823 - src.planner - DEBUG - Server DEV_Integration_01 reservado: 152h-154h (dia 6)
2025-12-18 09:34:40,824 - src.planner - DEBUG - Worker Tech_08 reservado: 152h-154h (dia 6)
2025-12-18 09:34:40,824 - src.logic - DEBUG - Worker Tech_01 ocupado em 126-128
2025-12-18 09:34:40,824 - src.logic - DEBUG - Worker Tech_05 ocupado em 126-128
2025-12-18 09:34:40,824 - src.logic - DEBUG - Worker Tech_06 ocupado em 126-128
2025-12-18 09:34:40,824 - src.logic - DEBUG - Worker Tech_07 ocupado em 126-128
2025-12-18 09:34:40,824 - src.logic - DEBUG - Worker Tech_08 ocupado em 126-128
2025-12-18 09:34:40,825 - src.logic - DEBUG - Worker Tech_09 ocupado em 126-128
2025-12-18 09:34:40,825 - src.logic - DEBUG - Worker Tech_10 ocupado em 126-127
2025-12-18 09:34:40,825 - src.logic - DEBUG - Worker Tech_01 ocupado em 128-131
2025-12-18 09:34:40,825 - src.logic - DEBUG - Worker Tech_05 ocupado em 128-131
2025-12-18 09:34:40,825 - src.logic - DEBUG - Worker Tech_06 ocupado em 128-131
2025-12-18 09:34:40,825 - src.logic - DEBUG - Worker Tech_07 ocupado em 128-131
2025-12-18 09:34:40,825 - src.logic - DEBUG - Worker Tech_08 ocupado em 128-131
2025-12-18 09:34:40,825 - src.logic - DEBUG - Worker Tech_09 ocupado em 128-131
2025-12-18 09:34:40,825 - src.logic - DEBUG - Worker Tech_10 ocupado em 128-131
2025-12-18 09:34:40,825 - src.logic - DEBUG - Worker Tech_01 ocupado em 128-131
2025-12-18 09:34:40,826 - src.logic - DEBUG - Worker Tech_05 ocupado em 128-131
2025-12-18 09:34:40,827 - src.logic - DEBUG - Worker Tech_06 ocupado em 128-131
2025-12-18 09:34:40,827 - src.logic - DEBUG - Worker Tech_07 ocupado em 128-131
2025-12-18 09:34:40,827 - src.logic - DEBUG - Worker Tech_08 ocupado em 128-131
2025-12-18 09:34:40,828 - src.logic - DEBUG - Worker Tech_09 ocupado em 128-131
2025-12-18 09:34:40,828 - src.logic - DEBUG - Worker Tech_10 ocupado em 128-131
2025-12-18 09:34:40,828 - src.logic - DEBUG - Worker Tech_01 ocupado em 128-131
2025-12-18 09:34:40,828 - src.logic - DEBUG - Worker Tech_05 ocupado em 128-131
2025-12-18 09:34:40,828 - src.logic - DEBUG - Worker Tech_06 ocupado em 128-131
2025-12-18 09:34:40,828 - src.logic - DEBUG - Worker Tech_07 ocupado em 128-131
2025-12-18 09:34:40,828 - src.logic - DEBUG - Worker Tech_08 ocupado em 128-131
2025-12-18 09:34:40,828 - src.logic - DEBUG - Worker Tech_09 ocupado em 128-131
2025-12-18 09:34:40,828 - src.logic - DEBUG - Worker Tech_10 ocupado em 128-131
2025-12-18 09:34:40,828 - src.logic - DEBUG - Worker Tech_01 ocupado em 131-134
2025-12-18 09:34:40,829 - src.logic - DEBUG - Worker Tech_05 ocupado em 131-134
2025-12-18 09:34:40,829 - src.logic - DEBUG - Worker Tech_06 ocupado em 131-134
2025-12-18 09:34:40,830 - src.logic - DEBUG - Worker Tech_07 ocupado em 131-134
2025-12-18 09:34:40,830 - src.logic - DEBUG - Worker Tech_08 ocupado em 131-134
2025-12-18 09:34:40,830 - src.logic - DEBUG - Worker Tech_09 ocupado em 131-133
2025-12-18 09:34:40,830 - src.logic - DEBUG - Worker Tech_10 ocupado em 131-133
2025-12-18 09:34:40,830 - src.logic - DEBUG - Server TEST_WebPortal_02 ocupado em 133-134
2025-12-18 09:34:40,831 - src.logic - DEBUG - Server TEST_WebPortal_02 ocupado em 133-134
2025-12-18 09:34:40,831 - src.logic - DEBUG - Worker Tech_01 excederia limite diário: 8+2 > 8
2025-12-18 09:34:40,831 - src.logic - DEBUG - Worker Tech_05 excederia limite diário: 8+2 > 8
2025-12-18 09:34:40,831 - src.logic - DEBUG - Worker Tech_06 excederia limite diário: 8+2 > 8
2025-12-18 09:34:40,831 - src.logic - DEBUG - Worker Tech_07 excederia limite diário: 8+2 > 8
2025-12-18 09:34:40,831 - src.logic - DEBUG - Worker Tech_08 excederia limite diário: 8+2 > 8
2025-12-18 09:34:40,831 - src.logic - DEBUG - Worker Tech_09 excederia limite diário: 8+2 > 8
2025-12-18 09:34:40,831 - src.logic - DEBUG - Worker Tech_10 excederia limite diário: 8+2 > 8
2025-12-18 09:34:40,831 - src.logic - DEBUG - Worker Tech_01 excederia limite diário: 8+2 > 8
2025-12-18 09:34:40,831 - src.logic - DEBUG - Worker Tech_05 excederia limite diário: 8+2 > 8
2025-12-18 09:34:40,832 - src.logic - DEBUG - Worker Tech_06 excederia limite diário: 8+2 > 8
2025-12-18 09:34:40,832 - src.logic - DEBUG - Worker Tech_07 excederia limite diário: 8+2 > 8
2025-12-18 09:34:40,832 - src.logic - DEBUG - Worker Tech_08 excederia limite diário: 8+2 > 8
2025-12-18 09:34:40,832 - src.logic - DEBUG - Worker Tech_09 excederia limite diário: 8+2 > 8
2025-12-18 09:34:40,832 - src.logic - DEBUG - Worker Tech_10 excederia limite diário: 8+2 > 8
2025-12-18 09:34:40,832 - src.logic - DEBUG - Worker Tech_01 excederia limite diário: 8+2 > 8
2025-12-18 09:34:40,832 - src.logic - DEBUG - Worker Tech_05 excederia limite diário: 8+2 > 8
2025-12-18 09:34:40,833 - src.logic - DEBUG - Worker Tech_06 excederia limite diário: 8+2 > 8
2025-12-18 09:34:40,833 - src.logic - DEBUG - Worker Tech_07 excederia limite diário: 8+2 > 8
2025-12-18 09:34:40,833 - src.logic - DEBUG - Worker Tech_08 excederia limite diário: 8+2 > 8
2025-12-18 09:34:40,833 - src.logic - DEBUG - Worker Tech_09 excederia limite diário: 8+2 > 8
2025-12-18 09:34:40,833 - src.logic - DEBUG - Worker Tech_10 excederia limite diário: 8+2 > 8
2025-12-18 09:34:40,833 - src.logic - DEBUG - Worker Tech_01 excederia limite diário: 8+2 > 8
2025-12-18 09:34:40,833 - src.logic - DEBUG - Worker Tech_05 excederia limite diário: 8+2 > 8
2025-12-18 09:34:40,834 - src.logic - DEBUG - Worker Tech_06 excederia limite diário: 8+2 > 8
2025-12-18 09:34:40,834 - src.logic - DEBUG - Worker Tech_07 excederia limite diário: 8+2 > 8
2025-12-18 09:34:40,834 - src.logic - DEBUG - Worker Tech_08 excederia limite diário: 8+2 > 8
2025-12-18 09:34:40,834 - src.logic - DEBUG - Worker Tech_09 excederia limite diário: 8+2 > 8
2025-12-18 09:34:40,834 - src.logic - DEBUG - Worker Tech_10 excederia limite diário: 8+2 > 8
2025-12-18 09:34:40,834 - src.logic - DEBUG - Worker Tech_01 excederia limite diário: 8+2 > 8
2025-12-18 09:34:40,834 - src.logic - DEBUG - Worker Tech_05 excederia limite diário: 8+2 > 8
2025-12-18 09:34:40,834 - src.logic - DEBUG - Worker Tech_06 excederia limite diário: 8+2 > 8
2025-12-18 09:34:40,834 - src.logic - DEBUG - Worker Tech_07 excederia limite diário: 8+2 > 8
2025-12-18 09:34:40,834 - src.logic - DEBUG - Worker Tech_08 excederia limite diário: 8+2 > 8
2025-12-18 09:34:40,834 - src.logic - DEBUG - Worker Tech_09 excederia limite diário: 8+2 > 8
2025-12-18 09:34:40,835 - src.logic - DEBUG - Worker Tech_10 excederia limite diário: 8+2 > 8
2025-12-18 09:34:40,835 - src.logic - DEBUG - Worker Tech_01 excederia limite diário: 8+2 > 8
2025-12-18 09:34:40,835 - src.logic - DEBUG - Worker Tech_05 excederia limite diário: 8+2 > 8
2025-12-18 09:34:40,836 - src.logic - DEBUG - Worker Tech_06 excederia limite diário: 8+2 > 8
2025-12-18 09:34:40,836 - src.logic - DEBUG - Worker Tech_07 excederia limite diário: 8+2 > 8
2025-12-18 09:34:40,836 - src.logic - DEBUG - Worker Tech_08 excederia limite diário: 8+2 > 8
2025-12-18 09:34:40,836 - src.logic - DEBUG - Worker Tech_09 excederia limite diário: 8+2 > 8
2025-12-18 09:34:40,836 - src.logic - DEBUG - Worker Tech_10 excederia limite diário: 8+2 > 8
2025-12-18 09:34:40,836 - src.logic - DEBUG - Worker Tech_06 ocupado em 150-151
2025-12-18 09:34:40,836 - src.logic - DEBUG - Worker Tech_07 ocupado em 150-151
2025-12-18 09:34:40,837 - src.planner - DEBUG - Server TEST_WebPortal_02 reservado: 150h-152h (dia 6)
2025-12-18 09:34:40,837 - src.planner - DEBUG - Worker Tech_08 reservado: 150h-152h (dia 6)
2025-12-18 09:34:40,837 - src.logic - DEBUG - Worker Tech_01 ocupado em 126-128
2025-12-18 09:34:40,837 - src.logic - DEBUG - Worker Tech_05 ocupado em 126-128
2025-12-18 09:34:40,838 - src.logic - DEBUG - Worker Tech_06 ocupado em 126-128
2025-12-18 09:34:40,838 - src.logic - DEBUG - Worker Tech_07 ocupado em 126-128
2025-12-18 09:34:40,838 - src.logic - DEBUG - Worker Tech_08 ocupado em 126-128
2025-12-18 09:34:40,838 - src.logic - DEBUG - Worker Tech_09 ocupado em 126-128
2025-12-18 09:34:40,838 - src.logic - DEBUG - Worker Tech_10 ocupado em 126-127
2025-12-18 09:34:40,838 - src.logic - DEBUG - Worker Tech_01 ocupado em 128-131
2025-12-18 09:34:40,838 - src.logic - DEBUG - Worker Tech_05 ocupado em 128-131
2025-12-18 09:34:40,838 - src.logic - DEBUG - Worker Tech_06 ocupado em 128-131
2025-12-18 09:34:40,838 - src.logic - DEBUG - Worker Tech_07 ocupado em 128-131
2025-12-18 09:34:40,838 - src.logic - DEBUG - Worker Tech_08 ocupado em 128-131
2025-12-18 09:34:40,839 - src.logic - DEBUG - Worker Tech_09 ocupado em 128-131
2025-12-18 09:34:40,839 - src.logic - DEBUG - Worker Tech_10 ocupado em 128-131
2025-12-18 09:34:40,839 - src.logic - DEBUG - Worker Tech_01 ocupado em 128-131
2025-12-18 09:34:40,839 - src.logic - DEBUG - Worker Tech_05 ocupado em 128-131
2025-12-18 09:34:40,839 - src.logic - DEBUG - Worker Tech_06 ocupado em 128-131
2025-12-18 09:34:40,839 - src.logic - DEBUG - Worker Tech_07 ocupado em 128-131
2025-12-18 09:34:40,839 - src.logic - DEBUG - Worker Tech_08 ocupado em 128-131
2025-12-18 09:34:40,839 - src.logic - DEBUG - Worker Tech_09 ocupado em 128-131
2025-12-18 09:34:40,839 - src.logic - DEBUG - Worker Tech_10 ocupado em 128-131
2025-12-18 09:34:40,840 - src.logic - DEBUG - Worker Tech_01 ocupado em 128-131
2025-12-18 09:34:40,840 - src.logic - DEBUG - Worker Tech_05 ocupado em 128-131
2025-12-18 09:34:40,840 - src.logic - DEBUG - Worker Tech_06 ocupado em 128-131
2025-12-18 09:34:40,841 - src.logic - DEBUG - Worker Tech_07 ocupado em 128-131
2025-12-18 09:34:40,842 - src.logic - DEBUG - Worker Tech_08 ocupado em 128-131
2025-12-18 09:34:40,842 - src.logic - DEBUG - Worker Tech_09 ocupado em 128-131
2025-12-18 09:34:40,842 - src.logic - DEBUG - Worker Tech_10 ocupado em 128-131
2025-12-18 09:34:40,843 - src.logic - DEBUG - Worker Tech_01 ocupado em 131-134
2025-12-18 09:34:40,843 - src.logic - DEBUG - Worker Tech_05 ocupado em 131-134
2025-12-18 09:34:40,843 - src.logic - DEBUG - Worker Tech_06 ocupado em 131-134
2025-12-18 09:34:40,843 - src.logic - DEBUG - Worker Tech_07 ocupado em 131-134
2025-12-18 09:34:40,843 - src.logic - DEBUG - Worker Tech_08 ocupado em 131-134
2025-12-18 09:34:40,843 - src.logic - DEBUG - Worker Tech_09 ocupado em 131-133
2025-12-18 09:34:40,843 - src.logic - DEBUG - Worker Tech_10 ocupado em 131-133
2025-12-18 09:34:40,844 - src.logic - DEBUG - Worker Tech_01 ocupado em 131-134
2025-12-18 09:34:40,844 - src.logic - DEBUG - Worker Tech_05 ocupado em 131-134
2025-12-18 09:34:40,844 - src.logic - DEBUG - Worker Tech_06 ocupado em 131-134
2025-12-18 09:34:40,844 - src.logic - DEBUG - Worker Tech_07 ocupado em 131-134
2025-12-18 09:34:40,844 - src.logic - DEBUG - Worker Tech_08 ocupado em 131-134
2025-12-18 09:34:40,844 - src.logic - DEBUG - Worker Tech_09 ocupado em 131-133
2025-12-18 09:34:40,844 - src.logic - DEBUG - Worker Tech_10 ocupado em 131-133
2025-12-18 09:34:40,844 - src.logic - DEBUG - Worker Tech_01 ocupado em 131-134
2025-12-18 09:34:40,845 - src.logic - DEBUG - Worker Tech_05 ocupado em 131-134
2025-12-18 09:34:40,845 - src.logic - DEBUG - Worker Tech_06 ocupado em 131-134
2025-12-18 09:34:40,845 - src.logic - DEBUG - Worker Tech_07 ocupado em 131-134
2025-12-18 09:34:40,845 - src.logic - DEBUG - Worker Tech_08 ocupado em 131-134
2025-12-18 09:34:40,845 - src.logic - DEBUG - Worker Tech_09 ocupado em 133-134
2025-12-18 09:34:40,846 - src.logic - DEBUG - Worker Tech_10 ocupado em 133-134
2025-12-18 09:34:40,846 - src.logic - DEBUG - Worker Tech_01 excederia limite diário: 8+2 > 8
2025-12-18 09:34:40,846 - src.logic - DEBUG - Worker Tech_05 excederia limite diário: 8+2 > 8
2025-12-18 09:34:40,846 - src.logic - DEBUG - Worker Tech_06 excederia limite diário: 8+2 > 8
2025-12-18 09:34:40,846 - src.logic - DEBUG - Worker Tech_07 excederia limite diário: 8+2 > 8
2025-12-18 09:34:40,846 - src.logic - DEBUG - Worker Tech_08 excederia limite diário: 8+2 > 8
2025-12-18 09:34:40,846 - src.logic - DEBUG - Worker Tech_09 excederia limite diário: 8+2 > 8
2025-12-18 09:34:40,846 - src.logic - DEBUG - Worker Tech_10 excederia limite diário: 8+2 > 8
2025-12-18 09:34:40,846 - src.logic - DEBUG - Worker Tech_01 excederia limite diário: 8+2 > 8
2025-12-18 09:34:40,847 - src.logic - DEBUG - Worker Tech_05 excederia limite diário: 8+2 > 8
2025-12-18 09:34:40,847 - src.logic - DEBUG - Worker Tech_06 excederia limite diário: 8+2 > 8
2025-12-18 09:34:40,847 - src.logic - DEBUG - Worker Tech_07 excederia limite diário: 8+2 > 8
2025-12-18 09:34:40,847 - src.logic - DEBUG - Worker Tech_08 excederia limite diário: 8+2 > 8
2025-12-18 09:34:40,847 - src.logic - DEBUG - Worker Tech_09 excederia limite diário: 8+2 > 8
2025-12-18 09:34:40,847 - src.logic - DEBUG - Worker Tech_10 excederia limite diário: 8+2 > 8
2025-12-18 09:34:40,847 - src.logic - DEBUG - Worker Tech_01 excederia limite diário: 8+2 > 8
2025-12-18 09:34:40,848 - src.logic - DEBUG - Worker Tech_05 excederia limite diário: 8+2 > 8
2025-12-18 09:34:40,848 - src.logic - DEBUG - Worker Tech_06 excederia limite diário: 8+2 > 8
2025-12-18 09:34:40,848 - src.logic - DEBUG - Worker Tech_07 excederia limite diário: 8+2 > 8
2025-12-18 09:34:40,848 - src.logic - DEBUG - Worker Tech_08 excederia limite diário: 8+2 > 8
2025-12-18 09:34:40,848 - src.logic - DEBUG - Worker Tech_09 excederia limite diário: 8+2 > 8
2025-12-18 09:34:40,848 - src.logic - DEBUG - Worker Tech_10 excederia limite diário: 8+2 > 8
2025-12-18 09:34:40,848 - src.logic - DEBUG - Worker Tech_01 excederia limite diário: 8+2 > 8
2025-12-18 09:34:40,848 - src.logic - DEBUG - Worker Tech_05 excederia limite diário: 8+2 > 8
2025-12-18 09:34:40,848 - src.logic - DEBUG - Worker Tech_06 excederia limite diário: 8+2 > 8
2025-12-18 09:34:40,849 - src.logic - DEBUG - Worker Tech_07 excederia limite diário: 8+2 > 8
2025-12-18 09:34:40,849 - src.logic - DEBUG - Worker Tech_08 excederia limite diário: 8+2 > 8
2025-12-18 09:34:40,849 - src.logic - DEBUG - Worker Tech_09 excederia limite diário: 8+2 > 8
2025-12-18 09:34:40,849 - src.logic - DEBUG - Worker Tech_10 excederia limite diário: 8+2 > 8
2025-12-18 09:34:40,849 - src.logic - DEBUG - Worker Tech_01 excederia limite diário: 8+2 > 8
2025-12-18 09:34:40,849 - src.logic - DEBUG - Worker Tech_05 excederia limite diário: 8+2 > 8
2025-12-18 09:34:40,849 - src.logic - DEBUG - Worker Tech_06 excederia limite diário: 8+2 > 8
2025-12-18 09:34:40,850 - src.logic - DEBUG - Worker Tech_07 excederia limite diário: 8+2 > 8
2025-12-18 09:34:40,850 - src.logic - DEBUG - Worker Tech_08 excederia limite diário: 8+2 > 8
2025-12-18 09:34:40,850 - src.logic - DEBUG - Worker Tech_09 excederia limite diário: 8+2 > 8
2025-12-18 09:34:40,850 - src.logic - DEBUG - Worker Tech_10 excederia limite diário: 8+2 > 8
2025-12-18 09:34:40,850 - src.logic - DEBUG - Worker Tech_01 excederia limite diário: 8+2 > 8
2025-12-18 09:34:40,850 - src.logic - DEBUG - Worker Tech_05 excederia limite diário: 8+2 > 8
2025-12-18 09:34:40,850 - src.logic - DEBUG - Worker Tech_06 excederia limite diário: 8+2 > 8
2025-12-18 09:34:40,851 - src.logic - DEBUG - Worker Tech_07 excederia limite diário: 8+2 > 8
2025-12-18 09:34:40,851 - src.logic - DEBUG - Worker Tech_08 excederia limite diário: 8+2 > 8
2025-12-18 09:34:40,851 - src.logic - DEBUG - Worker Tech_09 excederia limite diário: 8+2 > 8
2025-12-18 09:34:40,851 - src.logic - DEBUG - Worker Tech_10 excederia limite diário: 8+2 > 8
2025-12-18 09:34:40,851 - src.logic - DEBUG - Worker Tech_06 ocupado em 150-151
2025-12-18 09:34:40,851 - src.logic - DEBUG - Worker Tech_07 ocupado em 150-151
2025-12-18 09:34:40,851 - src.logic - DEBUG - Worker Tech_08 ocupado em 150-152
2025-12-18 09:34:40,852 - src.planner - DEBUG - Server TEST_Analytics_01 reservado: 150h-152h (dia 6)
2025-12-18 09:34:40,852 - src.planner - DEBUG - Worker Tech_10 reservado: 150h-152h (dia 6)
2025-12-18 09:34:40,852 - src.logic - DEBUG - Server TEST_Database_02 ocupado em 126-128
2025-12-18 09:34:40,852 - src.logic - DEBUG - Server TEST_Database_02 ocupado em 126-128
2025-12-18 09:34:40,853 - src.logic - DEBUG - Worker Tech_01 ocupado em 128-131
2025-12-18 09:34:40,853 - src.logic - DEBUG - Worker Tech_05 ocupado em 128-131
2025-12-18 09:34:40,853 - src.logic - DEBUG - Worker Tech_06 ocupado em 128-131
2025-12-18 09:34:40,853 - src.logic - DEBUG - Worker Tech_07 ocupado em 128-131
2025-12-18 09:34:40,853 - src.logic - DEBUG - Worker Tech_08 ocupado em 128-131
2025-12-18 09:34:40,853 - src.logic - DEBUG - Worker Tech_09 ocupado em 128-131
2025-12-18 09:34:40,853 - src.logic - DEBUG - Worker Tech_10 ocupado em 128-131
2025-12-18 09:34:40,853 - src.logic - DEBUG - Worker Tech_01 ocupado em 128-131
2025-12-18 09:34:40,854 - src.logic - DEBUG - Worker Tech_05 ocupado em 128-131
2025-12-18 09:34:40,854 - src.logic - DEBUG - Worker Tech_06 ocupado em 128-131
2025-12-18 09:34:40,854 - src.logic - DEBUG - Worker Tech_07 ocupado em 128-131
2025-12-18 09:34:40,854 - src.logic - DEBUG - Worker Tech_08 ocupado em 128-131
2025-12-18 09:34:40,854 - src.logic - DEBUG - Worker Tech_09 ocupado em 128-131
2025-12-18 09:34:40,854 - src.logic - DEBUG - Worker Tech_10 ocupado em 128-131
2025-12-18 09:34:40,854 - src.logic - DEBUG - Server TEST_Database_02 ocupado em 131-133
2025-12-18 09:34:40,854 - src.logic - DEBUG - Server TEST_Database_02 ocupado em 131-133
2025-12-18 09:34:40,854 - src.logic - DEBUG - Server TEST_Database_02 ocupado em 131-133
2025-12-18 09:34:40,855 - src.logic - DEBUG - Worker Tech_01 ocupado em 131-134
2025-12-18 09:34:40,855 - src.logic - DEBUG - Worker Tech_05 ocupado em 131-134
2025-12-18 09:34:40,855 - src.logic - DEBUG - Worker Tech_06 ocupado em 131-134
2025-12-18 09:34:40,855 - src.logic - DEBUG - Worker Tech_07 ocupado em 131-134
2025-12-18 09:34:40,855 - src.logic - DEBUG - Worker Tech_08 ocupado em 131-134
2025-12-18 09:34:40,856 - src.logic - DEBUG - Worker Tech_09 ocupado em 133-134
2025-12-18 09:34:40,856 - src.logic - DEBUG - Worker Tech_10 ocupado em 133-134
2025-12-18 09:34:40,856 - src.logic - DEBUG - Worker Tech_01 excederia limite diário: 8+2 > 8
2025-12-18 09:34:40,856 - src.logic - DEBUG - Worker Tech_05 excederia limite diário: 8+2 > 8
2025-12-18 09:34:40,856 - src.logic - DEBUG - Worker Tech_06 excederia limite diário: 8+2 > 8
2025-12-18 09:34:40,856 - src.logic - DEBUG - Worker Tech_07 excederia limite diário: 8+2 > 8
2025-12-18 09:34:40,857 - src.logic - DEBUG - Worker Tech_08 excederia limite diário: 8+2 > 8
2025-12-18 09:34:40,857 - src.logic - DEBUG - Worker Tech_09 excederia limite diário: 8+2 > 8
2025-12-18 09:34:40,857 - src.logic - DEBUG - Worker Tech_10 excederia limite diário: 8+2 > 8
2025-12-18 09:34:40,857 - src.logic - DEBUG - Worker Tech_01 excederia limite diário: 8+2 > 8
2025-12-18 09:34:40,857 - src.logic - DEBUG - Worker Tech_05 excederia limite diário: 8+2 > 8
2025-12-18 09:34:40,857 - src.logic - DEBUG - Worker Tech_06 excederia limite diário: 8+2 > 8
2025-12-18 09:34:40,858 - src.logic - DEBUG - Worker Tech_07 excederia limite diário: 8+2 > 8
2025-12-18 09:34:40,858 - src.logic - DEBUG - Worker Tech_08 excederia limite diário: 8+2 > 8
2025-12-18 09:34:40,858 - src.logic - DEBUG - Worker Tech_09 excederia limite diário: 8+2 > 8
2025-12-18 09:34:40,858 - src.logic - DEBUG - Worker Tech_10 excederia limite diário: 8+2 > 8
2025-12-18 09:34:40,858 - src.logic - DEBUG - Worker Tech_01 excederia limite diário: 8+2 > 8
2025-12-18 09:34:40,858 - src.logic - DEBUG - Worker Tech_05 excederia limite diário: 8+2 > 8
2025-12-18 09:34:40,858 - src.logic - DEBUG - Worker Tech_06 excederia limite diário: 8+2 > 8
2025-12-18 09:34:40,858 - src.logic - DEBUG - Worker Tech_07 excederia limite diário: 8+2 > 8
2025-12-18 09:34:40,858 - src.logic - DEBUG - Worker Tech_08 excederia limite diário: 8+2 > 8
2025-12-18 09:34:40,859 - src.logic - DEBUG - Worker Tech_09 excederia limite diário: 8+2 > 8
2025-12-18 09:34:40,859 - src.logic - DEBUG - Worker Tech_10 excederia limite diário: 8+2 > 8
2025-12-18 09:34:40,859 - src.logic - DEBUG - Worker Tech_01 excederia limite diário: 8+2 > 8
2025-12-18 09:34:40,860 - src.logic - DEBUG - Worker Tech_05 excederia limite diário: 8+2 > 8
2025-12-18 09:34:40,860 - src.logic - DEBUG - Worker Tech_06 excederia limite diário: 8+2 > 8
2025-12-18 09:34:40,860 - src.logic - DEBUG - Worker Tech_07 excederia limite diário: 8+2 > 8
2025-12-18 09:34:40,861 - src.logic - DEBUG - Worker Tech_08 excederia limite diário: 8+2 > 8
2025-12-18 09:34:40,861 - src.logic - DEBUG - Worker Tech_09 excederia limite diário: 8+2 > 8
2025-12-18 09:34:40,861 - src.logic - DEBUG - Worker Tech_10 excederia limite diário: 8+2 > 8
2025-12-18 09:34:40,861 - src.logic - DEBUG - Worker Tech_01 excederia limite diário: 8+2 > 8
2025-12-18 09:34:40,861 - src.logic - DEBUG - Worker Tech_05 excederia limite diário: 8+2 > 8
2025-12-18 09:34:40,861 - src.logic - DEBUG - Worker Tech_06 excederia limite diário: 8+2 > 8
2025-12-18 09:34:40,862 - src.logic - DEBUG - Worker Tech_07 excederia limite diário: 8+2 > 8
2025-12-18 09:34:40,863 - src.logic - DEBUG - Worker Tech_08 excederia limite diário: 8+2 > 8
2025-12-18 09:34:40,863 - src.logic - DEBUG - Worker Tech_09 excederia limite diário: 8+2 > 8
2025-12-18 09:34:40,863 - src.logic - DEBUG - Worker Tech_10 excederia limite diário: 8+2 > 8
2025-12-18 09:34:40,863 - src.logic - DEBUG - Worker Tech_01 excederia limite diário: 8+2 > 8
2025-12-18 09:34:40,863 - src.logic - DEBUG - Worker Tech_05 excederia limite diário: 8+2 > 8
2025-12-18 09:34:40,863 - src.logic - DEBUG - Worker Tech_06 excederia limite diário: 8+2 > 8
2025-12-18 09:34:40,864 - src.logic - DEBUG - Worker Tech_07 excederia limite diário: 8+2 > 8
2025-12-18 09:34:40,864 - src.logic - DEBUG - Worker Tech_08 excederia limite diário: 8+2 > 8
2025-12-18 09:34:40,864 - src.logic - DEBUG - Worker Tech_09 excederia limite diário: 8+2 > 8
2025-12-18 09:34:40,864 - src.logic - DEBUG - Worker Tech_10 excederia limite diário: 8+2 > 8
2025-12-18 09:34:40,864 - src.logic - DEBUG - Worker Tech_06 ocupado em 150-151
2025-12-18 09:34:40,864 - src.logic - DEBUG - Worker Tech_07 ocupado em 150-151
2025-12-18 09:34:40,864 - src.logic - DEBUG - Worker Tech_08 ocupado em 150-152
2025-12-18 09:34:40,864 - src.logic - DEBUG - Worker Tech_10 ocupado em 150-152
2025-12-18 09:34:40,864 - src.logic - DEBUG - Worker Tech_06 ocupado em 152-156
2025-12-18 09:34:40,864 - src.logic - DEBUG - Worker Tech_07 ocupado em 152-156
2025-12-18 09:34:40,864 - src.logic - DEBUG - Worker Tech_08 ocupado em 152-154
2025-12-18 09:34:40,865 - src.planner - DEBUG - Server TEST_Database_02 reservado: 152h-154h (dia 6)
2025-12-18 09:34:40,865 - src.planner - DEBUG - Worker Tech_10 reservado: 152h-154h (dia 6)
2025-12-18 09:34:40,865 - src.logic - DEBUG - Worker Tech_01 ocupado em 126-128
2025-12-18 09:34:40,865 - src.logic - DEBUG - Worker Tech_05 ocupado em 126-128
2025-12-18 09:34:40,865 - src.logic - DEBUG - Worker Tech_06 ocupado em 126-128
2025-12-18 09:34:40,865 - src.logic - DEBUG - Worker Tech_07 ocupado em 126-128
2025-12-18 09:34:40,866 - src.logic - DEBUG - Worker Tech_08 ocupado em 126-128
2025-12-18 09:34:40,866 - src.logic - DEBUG - Worker Tech_09 ocupado em 126-128
2025-12-18 09:34:40,866 - src.logic - DEBUG - Worker Tech_10 ocupado em 126-127
2025-12-18 09:34:40,866 - src.logic - DEBUG - Worker Tech_01 ocupado em 128-131
2025-12-18 09:34:40,866 - src.logic - DEBUG - Worker Tech_05 ocupado em 128-131
2025-12-18 09:34:40,866 - src.logic - DEBUG - Worker Tech_06 ocupado em 128-131
2025-12-18 09:34:40,866 - src.logic - DEBUG - Worker Tech_07 ocupado em 128-131
2025-12-18 09:34:40,866 - src.logic - DEBUG - Worker Tech_08 ocupado em 128-131
2025-12-18 09:34:40,866 - src.logic - DEBUG - Worker Tech_09 ocupado em 128-131
2025-12-18 09:34:40,866 - src.logic - DEBUG - Worker Tech_10 ocupado em 128-131
2025-12-18 09:34:40,866 - src.logic - DEBUG - Worker Tech_01 ocupado em 128-131
2025-12-18 09:34:40,866 - src.logic - DEBUG - Worker Tech_05 ocupado em 128-131
2025-12-18 09:34:40,866 - src.logic - DEBUG - Worker Tech_06 ocupado em 128-131
2025-12-18 09:34:40,867 - src.logic - DEBUG - Worker Tech_07 ocupado em 128-131
2025-12-18 09:34:40,867 - src.logic - DEBUG - Worker Tech_08 ocupado em 128-131
2025-12-18 09:34:40,867 - src.logic - DEBUG - Worker Tech_09 ocupado em 128-131
2025-12-18 09:34:40,867 - src.logic - DEBUG - Worker Tech_10 ocupado em 128-131
2025-12-18 09:34:40,867 - src.logic - DEBUG - Worker Tech_01 ocupado em 128-131
2025-12-18 09:34:40,867 - src.logic - DEBUG - Worker Tech_05 ocupado em 128-131
2025-12-18 09:34:40,871 - src.logic - DEBUG - Worker Tech_06 ocupado em 128-131
2025-12-18 09:34:40,871 - src.logic - DEBUG - Worker Tech_07 ocupado em 128-131
2025-12-18 09:34:40,875 - src.logic - DEBUG - Worker Tech_08 ocupado em 128-131
2025-12-18 09:34:40,875 - src.logic - DEBUG - Worker Tech_09 ocupado em 128-131
2025-12-18 09:34:40,875 - src.logic - DEBUG - Worker Tech_10 ocupado em 128-131
2025-12-18 09:34:40,875 - src.logic - DEBUG - Worker Tech_01 ocupado em 131-134
2025-12-18 09:34:40,883 - src.logic - DEBUG - Worker Tech_05 ocupado em 131-134
2025-12-18 09:34:40,884 - src.logic - DEBUG - Worker Tech_06 ocupado em 131-134
2025-12-18 09:34:40,884 - src.logic - DEBUG - Worker Tech_07 ocupado em 131-134
2025-12-18 09:34:40,884 - src.logic - DEBUG - Worker Tech_08 ocupado em 131-134
2025-12-18 09:34:40,885 - src.logic - DEBUG - Worker Tech_09 ocupado em 131-133
2025-12-18 09:34:40,885 - src.logic - DEBUG - Worker Tech_10 ocupado em 131-133
2025-12-18 09:34:40,885 - src.logic - DEBUG - Worker Tech_01 ocupado em 131-134
2025-12-18 09:34:40,919 - src.logic - DEBUG - Worker Tech_05 ocupado em 131-134
2025-12-18 09:34:40,919 - src.logic - DEBUG - Worker Tech_06 ocupado em 131-134
2025-12-18 09:34:40,922 - src.logic - DEBUG - Worker Tech_07 ocupado em 131-134
2025-12-18 09:34:40,922 - src.logic - DEBUG - Worker Tech_08 ocupado em 131-134
2025-12-18 09:34:40,922 - src.logic - DEBUG - Worker Tech_09 ocupado em 131-133
2025-12-18 09:34:40,922 - src.logic - DEBUG - Worker Tech_10 ocupado em 131-133
2025-12-18 09:34:40,922 - src.logic - DEBUG - Worker Tech_01 ocupado em 131-134
2025-12-18 09:34:40,923 - src.logic - DEBUG - Worker Tech_05 ocupado em 131-134
2025-12-18 09:34:40,923 - src.logic - DEBUG - Worker Tech_06 ocupado em 131-134
2025-12-18 09:34:40,923 - src.logic - DEBUG - Worker Tech_07 ocupado em 131-134
2025-12-18 09:34:40,923 - src.logic - DEBUG - Worker Tech_08 ocupado em 131-134
2025-12-18 09:34:40,923 - src.logic - DEBUG - Worker Tech_09 ocupado em 133-134
2025-12-18 09:34:40,923 - src.logic - DEBUG - Worker Tech_10 ocupado em 133-134
2025-12-18 09:34:40,925 - src.logic - DEBUG - Worker Tech_01 excederia limite diário: 8+2 > 8
2025-12-18 09:34:40,925 - src.logic - DEBUG - Worker Tech_05 excederia limite diário: 8+2 > 8
2025-12-18 09:34:40,925 - src.logic - DEBUG - Worker Tech_06 excederia limite diário: 8+2 > 8
2025-12-18 09:34:40,925 - src.logic - DEBUG - Worker Tech_07 excederia limite diário: 8+2 > 8
2025-12-18 09:34:40,925 - src.logic - DEBUG - Worker Tech_08 excederia limite diário: 8+2 > 8
2025-12-18 09:34:40,926 - src.logic - DEBUG - Worker Tech_09 excederia limite diário: 8+2 > 8
2025-12-18 09:34:40,926 - src.logic - DEBUG - Worker Tech_10 excederia limite diário: 8+2 > 8
2025-12-18 09:34:40,926 - src.logic - DEBUG - Worker Tech_01 excederia limite diário: 8+2 > 8
2025-12-18 09:34:40,926 - src.logic - DEBUG - Worker Tech_05 excederia limite diário: 8+2 > 8
2025-12-18 09:34:40,926 - src.logic - DEBUG - Worker Tech_06 excederia limite diário: 8+2 > 8
2025-12-18 09:34:40,926 - src.logic - DEBUG - Worker Tech_07 excederia limite diário: 8+2 > 8
2025-12-18 09:34:40,930 - src.logic - DEBUG - Worker Tech_08 excederia limite diário: 8+2 > 8
2025-12-18 09:34:40,930 - src.logic - DEBUG - Worker Tech_09 excederia limite diário: 8+2 > 8
2025-12-18 09:34:40,930 - src.logic - DEBUG - Worker Tech_10 excederia limite diário: 8+2 > 8
2025-12-18 09:34:40,930 - src.logic - DEBUG - Worker Tech_01 excederia limite diário: 8+2 > 8
2025-12-18 09:34:40,931 - src.logic - DEBUG - Worker Tech_05 excederia limite diário: 8+2 > 8
2025-12-18 09:34:40,931 - src.logic - DEBUG - Worker Tech_06 excederia limite diário: 8+2 > 8
2025-12-18 09:34:40,931 - src.logic - DEBUG - Worker Tech_07 excederia limite diário: 8+2 > 8
2025-12-18 09:34:40,931 - src.logic - DEBUG - Worker Tech_08 excederia limite diário: 8+2 > 8
2025-12-18 09:34:40,931 - src.logic - DEBUG - Worker Tech_09 excederia limite diário: 8+2 > 8
2025-12-18 09:34:40,931 - src.logic - DEBUG - Worker Tech_10 excederia limite diário: 8+2 > 8
2025-12-18 09:34:40,931 - src.logic - DEBUG - Worker Tech_01 excederia limite diário: 8+2 > 8
2025-12-18 09:34:40,932 - src.logic - DEBUG - Worker Tech_05 excederia limite diário: 8+2 > 8
2025-12-18 09:34:40,932 - src.logic - DEBUG - Worker Tech_06 excederia limite diário: 8+2 > 8
2025-12-18 09:34:40,932 - src.logic - DEBUG - Worker Tech_07 excederia limite diário: 8+2 > 8
2025-12-18 09:34:40,932 - src.logic - DEBUG - Worker Tech_08 excederia limite diário: 8+2 > 8
2025-12-18 09:34:40,932 - src.logic - DEBUG - Worker Tech_09 excederia limite diário: 8+2 > 8
2025-12-18 09:34:40,932 - src.logic - DEBUG - Worker Tech_10 excederia limite diário: 8+2 > 8
2025-12-18 09:34:40,932 - src.logic - DEBUG - Worker Tech_01 excederia limite diário: 8+2 > 8
2025-12-18 09:34:40,933 - src.logic - DEBUG - Worker Tech_05 excederia limite diário: 8+2 > 8
2025-12-18 09:34:40,933 - src.logic - DEBUG - Worker Tech_06 excederia limite diário: 8+2 > 8
2025-12-18 09:34:40,933 - src.logic - DEBUG - Worker Tech_07 excederia limite diário: 8+2 > 8
2025-12-18 09:34:40,933 - src.logic - DEBUG - Worker Tech_08 excederia limite diário: 8+2 > 8
2025-12-18 09:34:40,933 - src.logic - DEBUG - Worker Tech_09 excederia limite diário: 8+2 > 8
2025-12-18 09:34:40,933 - src.logic - DEBUG - Worker Tech_10 excederia limite diário: 8+2 > 8
2025-12-18 09:34:40,933 - src.logic - DEBUG - Worker Tech_01 excederia limite diário: 8+2 > 8
2025-12-18 09:34:40,934 - src.logic - DEBUG - Worker Tech_05 excederia limite diário: 8+2 > 8
2025-12-18 09:34:40,934 - src.logic - DEBUG - Worker Tech_06 excederia limite diário: 8+2 > 8
2025-12-18 09:34:40,934 - src.logic - DEBUG - Worker Tech_07 excederia limite diário: 8+2 > 8
2025-12-18 09:34:40,934 - src.logic - DEBUG - Worker Tech_08 excederia limite diário: 8+2 > 8
2025-12-18 09:34:40,934 - src.logic - DEBUG - Worker Tech_09 excederia limite diário: 8+2 > 8
2025-12-18 09:34:40,935 - src.logic - DEBUG - Worker Tech_10 excederia limite diário: 8+2 > 8
2025-12-18 09:34:40,935 - src.logic - DEBUG - Worker Tech_06 ocupado em 150-151
2025-12-18 09:34:40,936 - src.logic - DEBUG - Worker Tech_07 ocupado em 150-151
2025-12-18 09:34:40,936 - src.logic - DEBUG - Worker Tech_08 ocupado em 150-152
2025-12-18 09:34:40,936 - src.logic - DEBUG - Worker Tech_10 ocupado em 150-152
2025-12-18 09:34:40,936 - src.logic - DEBUG - Worker Tech_06 ocupado em 152-156
2025-12-18 09:34:40,936 - src.logic - DEBUG - Worker Tech_07 ocupado em 152-156
2025-12-18 09:34:40,936 - src.logic - DEBUG - Worker Tech_08 ocupado em 152-154
2025-12-18 09:34:40,936 - src.logic - DEBUG - Worker Tech_10 ocupado em 152-154
2025-12-18 09:34:40,937 - src.logic - DEBUG - Worker Tech_06 ocupado em 152-156
2025-12-18 09:34:40,937 - src.logic - DEBUG - Worker Tech_07 ocupado em 152-156
2025-12-18 09:34:40,937 - src.logic - DEBUG - Worker Tech_08 ocupado em 152-154
2025-12-18 09:34:40,937 - src.logic - DEBUG - Worker Tech_10 ocupado em 152-154
2025-12-18 09:34:40,937 - src.logic - DEBUG - Worker Tech_06 ocupado em 152-156
2025-12-18 09:34:40,937 - src.logic - DEBUG - Worker Tech_07 ocupado em 152-156
2025-12-18 09:34:40,937 - src.planner - DEBUG - Server TEST_Integration_01 reservado: 154h-156h (dia 6)
2025-12-18 09:34:40,937 - src.planner - DEBUG - Worker Tech_08 reservado: 154h-156h (dia 6)
2025-12-18 09:34:40,938 - src.logic - DEBUG - Server DEV_WebPortal_01 ocupado em 18-19
2025-12-18 09:34:40,938 - src.logic - DEBUG - Worker Tech_05 ocupado em 18-20
2025-12-18 09:34:40,938 - src.logic - DEBUG - Worker Tech_07 ocupado em 18-20
2025-12-18 09:34:40,938 - src.logic - DEBUG - Worker Tech_02 ocupado em 42-43
2025-12-18 09:34:40,938 - src.logic - DEBUG - Worker Tech_03 ocupado em 42-43
2025-12-18 09:34:40,938 - src.logic - DEBUG - Worker Tech_05 ocupado em 42-44
2025-12-18 09:34:40,939 - src.logic - DEBUG - Worker Tech_06 ocupado em 42-43
2025-12-18 09:34:40,939 - src.logic - DEBUG - Worker Tech_07 ocupado em 42-44
2025-12-18 09:34:40,939 - src.logic - DEBUG - Worker Tech_05 ocupado em 42-44
2025-12-18 09:34:40,939 - src.logic - DEBUG - Worker Tech_07 ocupado em 42-44
2025-12-18 09:34:40,939 - src.logic - DEBUG - Worker Tech_05 ocupado em 66-68
2025-12-18 09:34:40,940 - src.logic - DEBUG - Worker Tech_07 ocupado em 66-68
2025-12-18 09:34:40,940 - src.planner - DEBUG - Server DEV_WebPortal_01 reservado: 66h-67h (dia 2)
2025-12-18 09:34:40,940 - src.planner - DEBUG - Worker Tech_02 reservado: 66h-67h (dia 2)
2025-12-18 09:34:40,941 - src.logic - DEBUG - Worker Tech_01 ocupado em 126-128
2025-12-18 09:34:40,941 - src.logic - DEBUG - Worker Tech_05 ocupado em 126-128
2025-12-18 09:34:40,941 - src.logic - DEBUG - Worker Tech_06 ocupado em 126-128
2025-12-18 09:34:40,941 - src.logic - DEBUG - Worker Tech_07 ocupado em 126-128
2025-12-18 09:34:40,941 - src.logic - DEBUG - Worker Tech_08 ocupado em 126-128
2025-12-18 09:34:40,941 - src.logic - DEBUG - Worker Tech_09 ocupado em 126-128
2025-12-18 09:34:40,941 - src.logic - DEBUG - Worker Tech_10 ocupado em 126-127
2025-12-18 09:34:40,942 - src.logic - DEBUG - Server TEST_WebPortal_01 ocupado em 127-128
2025-12-18 09:34:40,942 - src.logic - DEBUG - Worker Tech_01 ocupado em 128-131
2025-12-18 09:34:40,942 - src.logic - DEBUG - Worker Tech_05 ocupado em 128-131
2025-12-18 09:34:40,942 - src.logic - DEBUG - Worker Tech_06 ocupado em 128-131
2025-12-18 09:34:40,942 - src.logic - DEBUG - Worker Tech_07 ocupado em 128-131
2025-12-18 09:34:40,943 - src.logic - DEBUG - Worker Tech_08 ocupado em 128-131
2025-12-18 09:34:40,943 - src.logic - DEBUG - Worker Tech_09 ocupado em 128-131
2025-12-18 09:34:40,943 - src.logic - DEBUG - Worker Tech_10 ocupado em 128-131
2025-12-18 09:34:40,943 - src.logic - DEBUG - Worker Tech_01 ocupado em 128-131
2025-12-18 09:34:40,943 - src.logic - DEBUG - Worker Tech_05 ocupado em 128-131
2025-12-18 09:34:40,943 - src.logic - DEBUG - Worker Tech_06 ocupado em 128-131
2025-12-18 09:34:40,944 - src.logic - DEBUG - Worker Tech_07 ocupado em 128-131
2025-12-18 09:34:40,944 - src.logic - DEBUG - Worker Tech_08 ocupado em 128-131
2025-12-18 09:34:40,944 - src.logic - DEBUG - Worker Tech_09 ocupado em 128-131
2025-12-18 09:34:40,944 - src.logic - DEBUG - Worker Tech_10 ocupado em 128-131
2025-12-18 09:34:40,944 - src.logic - DEBUG - Worker Tech_01 ocupado em 128-131
2025-12-18 09:34:40,944 - src.logic - DEBUG - Worker Tech_05 ocupado em 128-131
2025-12-18 09:34:40,944 - src.logic - DEBUG - Worker Tech_06 ocupado em 128-131
2025-12-18 09:34:40,944 - src.logic - DEBUG - Worker Tech_07 ocupado em 128-131
2025-12-18 09:34:40,945 - src.logic - DEBUG - Worker Tech_08 ocupado em 128-131
2025-12-18 09:34:40,945 - src.logic - DEBUG - Worker Tech_09 ocupado em 128-131
2025-12-18 09:34:40,945 - src.logic - DEBUG - Worker Tech_10 ocupado em 128-131
2025-12-18 09:34:40,945 - src.logic - DEBUG - Worker Tech_01 ocupado em 131-134
2025-12-18 09:34:40,945 - src.logic - DEBUG - Worker Tech_05 ocupado em 131-134
2025-12-18 09:34:40,945 - src.logic - DEBUG - Worker Tech_06 ocupado em 131-134
2025-12-18 09:34:40,945 - src.logic - DEBUG - Worker Tech_07 ocupado em 131-134
2025-12-18 09:34:40,945 - src.logic - DEBUG - Worker Tech_08 ocupado em 131-134
2025-12-18 09:34:40,945 - src.logic - DEBUG - Worker Tech_09 ocupado em 131-133
2025-12-18 09:34:40,946 - src.logic - DEBUG - Worker Tech_10 ocupado em 131-133
2025-12-18 09:34:40,946 - src.logic - DEBUG - Worker Tech_01 ocupado em 131-134
2025-12-18 09:34:40,946 - src.logic - DEBUG - Worker Tech_05 ocupado em 131-134
2025-12-18 09:34:40,946 - src.logic - DEBUG - Worker Tech_06 ocupado em 131-134
2025-12-18 09:34:40,946 - src.logic - DEBUG - Worker Tech_07 ocupado em 131-134
2025-12-18 09:34:40,946 - src.logic - DEBUG - Worker Tech_08 ocupado em 131-134
2025-12-18 09:34:40,946 - src.logic - DEBUG - Worker Tech_09 ocupado em 131-133
2025-12-18 09:34:40,946 - src.logic - DEBUG - Worker Tech_10 ocupado em 131-133
2025-12-18 09:34:40,946 - src.logic - DEBUG - Worker Tech_01 ocupado em 131-134
2025-12-18 09:34:40,947 - src.logic - DEBUG - Worker Tech_05 ocupado em 131-134
2025-12-18 09:34:40,947 - src.logic - DEBUG - Worker Tech_06 ocupado em 131-134
2025-12-18 09:34:40,947 - src.logic - DEBUG - Worker Tech_07 ocupado em 131-134
2025-12-18 09:34:40,947 - src.logic - DEBUG - Worker Tech_08 ocupado em 131-134
2025-12-18 09:34:40,947 - src.logic - DEBUG - Worker Tech_09 ocupado em 133-134
2025-12-18 09:34:40,947 - src.logic - DEBUG - Worker Tech_10 ocupado em 133-134
2025-12-18 09:34:40,947 - src.logic - DEBUG - Worker Tech_01 excederia limite diário: 8+1 > 8
2025-12-18 09:34:40,947 - src.logic - DEBUG - Worker Tech_05 excederia limite diário: 8+1 > 8
2025-12-18 09:34:40,947 - src.logic - DEBUG - Worker Tech_06 excederia limite diário: 8+1 > 8
2025-12-18 09:34:40,948 - src.logic - DEBUG - Worker Tech_07 excederia limite diário: 8+1 > 8
2025-12-18 09:34:40,948 - src.logic - DEBUG - Worker Tech_08 excederia limite diário: 8+1 > 8
2025-12-18 09:34:40,948 - src.logic - DEBUG - Worker Tech_09 excederia limite diário: 8+1 > 8
2025-12-18 09:34:40,948 - src.logic - DEBUG - Worker Tech_10 excederia limite diário: 8+1 > 8
2025-12-18 09:34:40,948 - src.logic - DEBUG - Worker Tech_01 excederia limite diário: 8+1 > 8
2025-12-18 09:34:40,948 - src.logic - DEBUG - Worker Tech_05 excederia limite diário: 8+1 > 8
2025-12-18 09:34:40,949 - src.logic - DEBUG - Worker Tech_06 excederia limite diário: 8+1 > 8
2025-12-18 09:34:40,949 - src.logic - DEBUG - Worker Tech_07 excederia limite diário: 8+1 > 8
2025-12-18 09:34:40,949 - src.logic - DEBUG - Worker Tech_08 excederia limite diário: 8+1 > 8
2025-12-18 09:34:40,949 - src.logic - DEBUG - Worker Tech_09 excederia limite diário: 8+1 > 8
2025-12-18 09:34:40,949 - src.logic - DEBUG - Worker Tech_10 excederia limite diário: 8+1 > 8
2025-12-18 09:34:40,949 - src.logic - DEBUG - Worker Tech_01 excederia limite diário: 8+1 > 8
2025-12-18 09:34:40,949 - src.logic - DEBUG - Worker Tech_05 excederia limite diário: 8+1 > 8
2025-12-18 09:34:40,949 - src.logic - DEBUG - Worker Tech_06 excederia limite diário: 8+1 > 8
2025-12-18 09:34:40,950 - src.logic - DEBUG - Worker Tech_07 excederia limite diário: 8+1 > 8
2025-12-18 09:34:40,950 - src.logic - DEBUG - Worker Tech_08 excederia limite diário: 8+1 > 8
2025-12-18 09:34:40,950 - src.logic - DEBUG - Worker Tech_09 excederia limite diário: 8+1 > 8
2025-12-18 09:34:40,950 - src.logic - DEBUG - Worker Tech_10 excederia limite diário: 8+1 > 8
2025-12-18 09:34:40,950 - src.logic - DEBUG - Worker Tech_01 excederia limite diário: 8+1 > 8
2025-12-18 09:34:40,950 - src.logic - DEBUG - Worker Tech_05 excederia limite diário: 8+1 > 8
2025-12-18 09:34:40,950 - src.logic - DEBUG - Worker Tech_06 excederia limite diário: 8+1 > 8
2025-12-18 09:34:40,950 - src.logic - DEBUG - Worker Tech_07 excederia limite diário: 8+1 > 8
2025-12-18 09:34:40,951 - src.logic - DEBUG - Worker Tech_08 excederia limite diário: 8+1 > 8
2025-12-18 09:34:40,951 - src.logic - DEBUG - Worker Tech_09 excederia limite diário: 8+1 > 8
2025-12-18 09:34:40,951 - src.logic - DEBUG - Worker Tech_10 excederia limite diário: 8+1 > 8
2025-12-18 09:34:40,951 - src.logic - DEBUG - Worker Tech_01 excederia limite diário: 8+1 > 8
2025-12-18 09:34:40,951 - src.logic - DEBUG - Worker Tech_05 excederia limite diário: 8+1 > 8
2025-12-18 09:34:40,951 - src.logic - DEBUG - Worker Tech_06 excederia limite diário: 8+1 > 8
2025-12-18 09:34:40,951 - src.logic - DEBUG - Worker Tech_07 excederia limite diário: 8+1 > 8
2025-12-18 09:34:40,951 - src.logic - DEBUG - Worker Tech_08 excederia limite diário: 8+1 > 8
2025-12-18 09:34:40,952 - src.logic - DEBUG - Worker Tech_09 excederia limite diário: 8+1 > 8
2025-12-18 09:34:40,952 - src.logic - DEBUG - Worker Tech_10 excederia limite diário: 8+1 > 8
2025-12-18 09:34:40,952 - src.logic - DEBUG - Worker Tech_01 excederia limite diário: 8+1 > 8
2025-12-18 09:34:40,952 - src.logic - DEBUG - Worker Tech_05 excederia limite diário: 8+1 > 8
2025-12-18 09:34:40,952 - src.logic - DEBUG - Worker Tech_06 excederia limite diário: 8+1 > 8
2025-12-18 09:34:40,952 - src.logic - DEBUG - Worker Tech_07 excederia limite diário: 8+1 > 8
2025-12-18 09:34:40,952 - src.logic - DEBUG - Worker Tech_08 excederia limite diário: 8+1 > 8
2025-12-18 09:34:40,953 - src.logic - DEBUG - Worker Tech_09 excederia limite diário: 8+1 > 8
2025-12-18 09:34:40,953 - src.logic - DEBUG - Worker Tech_10 excederia limite diário: 8+1 > 8
2025-12-18 09:34:40,953 - src.logic - DEBUG - Worker Tech_01 excederia limite diário: 8+1 > 8
2025-12-18 09:34:40,953 - src.logic - DEBUG - Worker Tech_05 excederia limite diário: 8+1 > 8
2025-12-18 09:34:40,953 - src.logic - DEBUG - Worker Tech_06 excederia limite diário: 8+1 > 8
2025-12-18 09:34:40,953 - src.logic - DEBUG - Worker Tech_07 excederia limite diário: 8+1 > 8
2025-12-18 09:34:40,953 - src.logic - DEBUG - Worker Tech_08 excederia limite diário: 8+1 > 8
2025-12-18 09:34:40,953 - src.logic - DEBUG - Worker Tech_09 excederia limite diário: 8+1 > 8
2025-12-18 09:34:40,953 - src.logic - DEBUG - Worker Tech_10 excederia limite diário: 8+1 > 8
2025-12-18 09:34:40,954 - src.logic - DEBUG - Worker Tech_01 excederia limite diário: 8+1 > 8
2025-12-18 09:34:40,954 - src.logic - DEBUG - Worker Tech_05 excederia limite diário: 8+1 > 8
2025-12-18 09:34:40,954 - src.logic - DEBUG - Worker Tech_06 excederia limite diário: 8+1 > 8
2025-12-18 09:34:40,954 - src.logic - DEBUG - Worker Tech_07 excederia limite diário: 8+1 > 8
2025-12-18 09:34:40,954 - src.logic - DEBUG - Worker Tech_08 excederia limite diário: 8+1 > 8
2025-12-18 09:34:40,954 - src.logic - DEBUG - Worker Tech_09 excederia limite diário: 8+1 > 8
2025-12-18 09:34:40,954 - src.logic - DEBUG - Worker Tech_10 excederia limite diário: 8+1 > 8
2025-12-18 09:34:40,954 - src.logic - DEBUG - Worker Tech_06 ocupado em 150-151
2025-12-18 09:34:40,954 - src.logic - DEBUG - Worker Tech_07 ocupado em 150-151
2025-12-18 09:34:40,955 - src.logic - DEBUG - Worker Tech_08 ocupado em 150-152
2025-12-18 09:34:40,955 - src.logic - DEBUG - Worker Tech_10 ocupado em 150-152
2025-12-18 09:34:40,955 - src.logic - DEBUG - Worker Tech_08 ocupado em 150-152
2025-12-18 09:34:40,955 - src.logic - DEBUG - Worker Tech_10 ocupado em 150-152
2025-12-18 09:34:40,955 - src.planner - DEBUG - Server TEST_WebPortal_01 reservado: 151h-152h (dia 6)
2025-12-18 09:34:40,955 - src.planner - DEBUG - Worker Tech_06 reservado: 151h-152h (dia 6)
2025-12-18 09:34:40,956 - src.logic - DEBUG - Server DEV_Integration_02 ocupado em 18-19
2025-12-18 09:34:40,956 - src.logic - DEBUG - Worker Tech_05 ocupado em 18-20
2025-12-18 09:34:40,956 - src.logic - DEBUG - Worker Tech_07 ocupado em 18-20
2025-12-18 09:34:40,956 - src.logic - DEBUG - Server DEV_Integration_02 ocupado em 42-43
2025-12-18 09:34:40,956 - src.logic - DEBUG - Worker Tech_05 ocupado em 42-44
2025-12-18 09:34:40,957 - src.logic - DEBUG - Worker Tech_07 ocupado em 42-44
2025-12-18 09:34:40,957 - src.logic - DEBUG - Worker Tech_02 ocupado em 66-67
2025-12-18 09:34:40,957 - src.logic - DEBUG - Worker Tech_05 ocupado em 66-68
2025-12-18 09:34:40,957 - src.logic - DEBUG - Worker Tech_07 ocupado em 66-68
2025-12-18 09:34:40,957 - src.planner - DEBUG - Server DEV_Integration_02 reservado: 66h-67h (dia 2)
2025-12-18 09:34:40,958 - src.planner - DEBUG - Worker Tech_03 reservado: 66h-67h (dia 2)
2025-12-18 09:34:40,958 - src.logic - DEBUG - Server TEST_Integration_02 ocupado em 126-127
2025-12-18 09:34:40,959 - src.logic - DEBUG - Worker Tech_01 ocupado em 126-128
2025-12-18 09:34:40,959 - src.logic - DEBUG - Worker Tech_05 ocupado em 126-128
2025-12-18 09:34:40,960 - src.logic - DEBUG - Worker Tech_06 ocupado em 126-128
2025-12-18 09:34:40,960 - src.logic - DEBUG - Worker Tech_07 ocupado em 126-128
2025-12-18 09:34:40,960 - src.logic - DEBUG - Worker Tech_08 ocupado em 126-128
2025-12-18 09:34:40,960 - src.logic - DEBUG - Worker Tech_09 ocupado em 126-128
2025-12-18 09:34:40,960 - src.logic - DEBUG - Worker Tech_10 ocupado em 127-128
2025-12-18 09:34:40,961 - src.logic - DEBUG - Worker Tech_01 ocupado em 128-131
2025-12-18 09:34:40,961 - src.logic - DEBUG - Worker Tech_05 ocupado em 128-131
2025-12-18 09:34:40,961 - src.logic - DEBUG - Worker Tech_06 ocupado em 128-131
2025-12-18 09:34:40,961 - src.logic - DEBUG - Worker Tech_07 ocupado em 128-131
2025-12-18 09:34:40,961 - src.logic - DEBUG - Worker Tech_08 ocupado em 128-131
2025-12-18 09:34:40,961 - src.logic - DEBUG - Worker Tech_09 ocupado em 128-131
2025-12-18 09:34:40,961 - src.logic - DEBUG - Worker Tech_10 ocupado em 128-131
2025-12-18 09:34:40,961 - src.logic - DEBUG - Worker Tech_01 ocupado em 128-131
2025-12-18 09:34:40,961 - src.logic - DEBUG - Worker Tech_05 ocupado em 128-131
2025-12-18 09:34:40,962 - src.logic - DEBUG - Worker Tech_06 ocupado em 128-131
2025-12-18 09:34:40,962 - src.logic - DEBUG - Worker Tech_07 ocupado em 128-131
2025-12-18 09:34:40,962 - src.logic - DEBUG - Worker Tech_08 ocupado em 128-131
2025-12-18 09:34:40,962 - src.logic - DEBUG - Worker Tech_09 ocupado em 128-131
2025-12-18 09:34:40,962 - src.logic - DEBUG - Worker Tech_10 ocupado em 128-131
2025-12-18 09:34:40,962 - src.logic - DEBUG - Worker Tech_01 ocupado em 128-131
2025-12-18 09:34:40,962 - src.logic - DEBUG - Worker Tech_05 ocupado em 128-131
2025-12-18 09:34:40,962 - src.logic - DEBUG - Worker Tech_06 ocupado em 128-131
2025-12-18 09:34:40,963 - src.logic - DEBUG - Worker Tech_07 ocupado em 128-131
2025-12-18 09:34:40,963 - src.logic - DEBUG - Worker Tech_08 ocupado em 128-131
2025-12-18 09:34:40,963 - src.logic - DEBUG - Worker Tech_09 ocupado em 128-131
2025-12-18 09:34:40,963 - src.logic - DEBUG - Worker Tech_10 ocupado em 128-131
2025-12-18 09:34:40,963 - src.logic - DEBUG - Server TEST_Integration_02 ocupado em 131-134
2025-12-18 09:34:40,963 - src.logic - DEBUG - Server TEST_Integration_02 ocupado em 131-134
2025-12-18 09:34:40,963 - src.logic - DEBUG - Server TEST_Integration_02 ocupado em 131-134
2025-12-18 09:34:40,963 - src.logic - DEBUG - Worker Tech_01 excederia limite diário: 8+1 > 8
2025-12-18 09:34:40,963 - src.logic - DEBUG - Worker Tech_05 excederia limite diário: 8+1 > 8
2025-12-18 09:34:40,964 - src.logic - DEBUG - Worker Tech_06 excederia limite diário: 8+1 > 8
2025-12-18 09:34:40,964 - src.logic - DEBUG - Worker Tech_07 excederia limite diário: 8+1 > 8
2025-12-18 09:34:40,964 - src.logic - DEBUG - Worker Tech_08 excederia limite diário: 8+1 > 8
2025-12-18 09:34:40,964 - src.logic - DEBUG - Worker Tech_09 excederia limite diário: 8+1 > 8
2025-12-18 09:34:40,964 - src.logic - DEBUG - Worker Tech_10 excederia limite diário: 8+1 > 8
2025-12-18 09:34:40,964 - src.logic - DEBUG - Worker Tech_01 excederia limite diário: 8+1 > 8
2025-12-18 09:34:40,964 - src.logic - DEBUG - Worker Tech_05 excederia limite diário: 8+1 > 8
2025-12-18 09:34:40,964 - src.logic - DEBUG - Worker Tech_06 excederia limite diário: 8+1 > 8
2025-12-18 09:34:40,964 - src.logic - DEBUG - Worker Tech_07 excederia limite diário: 8+1 > 8
2025-12-18 09:34:40,965 - src.logic - DEBUG - Worker Tech_08 excederia limite diário: 8+1 > 8
2025-12-18 09:34:40,965 - src.logic - DEBUG - Worker Tech_09 excederia limite diário: 8+1 > 8
2025-12-18 09:34:40,965 - src.logic - DEBUG - Worker Tech_10 excederia limite diário: 8+1 > 8
2025-12-18 09:34:40,965 - src.logic - DEBUG - Worker Tech_01 excederia limite diário: 8+1 > 8
2025-12-18 09:34:40,965 - src.logic - DEBUG - Worker Tech_05 excederia limite diário: 8+1 > 8
2025-12-18 09:34:40,965 - src.logic - DEBUG - Worker Tech_06 excederia limite diário: 8+1 > 8
2025-12-18 09:34:40,965 - src.logic - DEBUG - Worker Tech_07 excederia limite diário: 8+1 > 8
2025-12-18 09:34:40,965 - src.logic - DEBUG - Worker Tech_08 excederia limite diário: 8+1 > 8
2025-12-18 09:34:40,966 - src.logic - DEBUG - Worker Tech_09 excederia limite diário: 8+1 > 8
2025-12-18 09:34:40,966 - src.logic - DEBUG - Worker Tech_10 excederia limite diário: 8+1 > 8
2025-12-18 09:34:40,966 - src.logic - DEBUG - Worker Tech_01 excederia limite diário: 8+1 > 8
2025-12-18 09:34:40,966 - src.logic - DEBUG - Worker Tech_05 excederia limite diário: 8+1 > 8
2025-12-18 09:34:40,966 - src.logic - DEBUG - Worker Tech_06 excederia limite diário: 8+1 > 8
2025-12-18 09:34:40,966 - src.logic - DEBUG - Worker Tech_07 excederia limite diário: 8+1 > 8
2025-12-18 09:34:40,966 - src.logic - DEBUG - Worker Tech_08 excederia limite diário: 8+1 > 8
2025-12-18 09:34:40,966 - src.logic - DEBUG - Worker Tech_09 excederia limite diário: 8+1 > 8
2025-12-18 09:34:40,966 - src.logic - DEBUG - Worker Tech_10 excederia limite diário: 8+1 > 8
2025-12-18 09:34:40,967 - src.logic - DEBUG - Worker Tech_01 excederia limite diário: 8+1 > 8
2025-12-18 09:34:40,967 - src.logic - DEBUG - Worker Tech_05 excederia limite diário: 8+1 > 8
2025-12-18 09:34:40,967 - src.logic - DEBUG - Worker Tech_06 excederia limite diário: 8+1 > 8
2025-12-18 09:34:40,967 - src.logic - DEBUG - Worker Tech_07 excederia limite diário: 8+1 > 8
2025-12-18 09:34:40,967 - src.logic - DEBUG - Worker Tech_08 excederia limite diário: 8+1 > 8
2025-12-18 09:34:40,967 - src.logic - DEBUG - Worker Tech_09 excederia limite diário: 8+1 > 8
2025-12-18 09:34:40,967 - src.logic - DEBUG - Worker Tech_10 excederia limite diário: 8+1 > 8
2025-12-18 09:34:40,967 - src.logic - DEBUG - Worker Tech_01 excederia limite diário: 8+1 > 8
2025-12-18 09:34:40,967 - src.logic - DEBUG - Worker Tech_05 excederia limite diário: 8+1 > 8
2025-12-18 09:34:40,968 - src.logic - DEBUG - Worker Tech_06 excederia limite diário: 8+1 > 8
2025-12-18 09:34:40,968 - src.logic - DEBUG - Worker Tech_07 excederia limite diário: 8+1 > 8
2025-12-18 09:34:40,968 - src.logic - DEBUG - Worker Tech_08 excederia limite diário: 8+1 > 8
2025-12-18 09:34:40,968 - src.logic - DEBUG - Worker Tech_09 excederia limite diário: 8+1 > 8
2025-12-18 09:34:40,968 - src.logic - DEBUG - Worker Tech_10 excederia limite diário: 8+1 > 8
2025-12-18 09:34:40,968 - src.logic - DEBUG - Worker Tech_01 excederia limite diário: 8+1 > 8
2025-12-18 09:34:40,968 - src.logic - DEBUG - Worker Tech_05 excederia limite diário: 8+1 > 8
2025-12-18 09:34:40,968 - src.logic - DEBUG - Worker Tech_06 excederia limite diário: 8+1 > 8
2025-12-18 09:34:40,969 - src.logic - DEBUG - Worker Tech_07 excederia limite diário: 8+1 > 8
2025-12-18 09:34:40,969 - src.logic - DEBUG - Worker Tech_08 excederia limite diário: 8+1 > 8
2025-12-18 09:34:40,969 - src.logic - DEBUG - Worker Tech_09 excederia limite diário: 8+1 > 8
2025-12-18 09:34:40,969 - src.logic - DEBUG - Worker Tech_10 excederia limite diário: 8+1 > 8
2025-12-18 09:34:40,969 - src.logic - DEBUG - Worker Tech_01 excederia limite diário: 8+1 > 8
2025-12-18 09:34:40,969 - src.logic - DEBUG - Worker Tech_05 excederia limite diário: 8+1 > 8
2025-12-18 09:34:40,969 - src.logic - DEBUG - Worker Tech_06 excederia limite diário: 8+1 > 8
2025-12-18 09:34:40,969 - src.logic - DEBUG - Worker Tech_07 excederia limite diário: 8+1 > 8
2025-12-18 09:34:40,970 - src.logic - DEBUG - Worker Tech_08 excederia limite diário: 8+1 > 8
2025-12-18 09:34:40,970 - src.logic - DEBUG - Worker Tech_09 excederia limite diário: 8+1 > 8
2025-12-18 09:34:40,970 - src.logic - DEBUG - Worker Tech_10 excederia limite diário: 8+1 > 8
2025-12-18 09:34:40,970 - src.logic - DEBUG - Server TEST_Integration_02 ocupado em 150-151
2025-12-18 09:34:40,970 - src.logic - DEBUG - Worker Tech_06 ocupado em 151-152
2025-12-18 09:34:40,971 - src.logic - DEBUG - Worker Tech_08 ocupado em 150-152
2025-12-18 09:34:40,971 - src.logic - DEBUG - Worker Tech_10 ocupado em 150-152
2025-12-18 09:34:40,971 - src.planner - DEBUG - Server TEST_Integration_02 reservado: 151h-152h (dia 6)
2025-12-18 09:34:40,971 - src.planner - DEBUG - Worker Tech_07 reservado: 151h-152h (dia 6)
2025-12-18 09:34:40,972 - src.logic - DEBUG - Server DEV_Email_01 ocupado em 66-68
2025-12-18 09:34:40,972 - src.logic - DEBUG - Server DEV_Email_01 ocupado em 66-68
2025-12-18 09:34:40,973 - src.logic - DEBUG - Worker Tech_01 ocupado em 128-131
2025-12-18 09:34:40,973 - src.logic - DEBUG - Worker Tech_04 ocupado em 128-131
2025-12-18 09:34:40,973 - src.logic - DEBUG - Worker Tech_05 ocupado em 128-131
2025-12-18 09:34:40,973 - src.logic - DEBUG - Worker Tech_06 ocupado em 128-131
2025-12-18 09:34:40,973 - src.logic - DEBUG - Worker Tech_07 ocupado em 128-131
2025-12-18 09:34:40,973 - src.logic - DEBUG - Worker Tech_08 ocupado em 128-131
2025-12-18 09:34:40,974 - src.logic - DEBUG - Worker Tech_09 ocupado em 128-131
2025-12-18 09:34:40,974 - src.logic - DEBUG - Worker Tech_10 ocupado em 128-131
2025-12-18 09:34:40,974 - src.logic - DEBUG - Worker Tech_01 ocupado em 128-131
2025-12-18 09:34:40,974 - src.logic - DEBUG - Worker Tech_04 ocupado em 128-131
2025-12-18 09:34:40,974 - src.logic - DEBUG - Worker Tech_05 ocupado em 128-131
2025-12-18 09:34:40,974 - src.logic - DEBUG - Worker Tech_06 ocupado em 128-131
2025-12-18 09:34:40,974 - src.logic - DEBUG - Worker Tech_07 ocupado em 128-131
2025-12-18 09:34:40,974 - src.logic - DEBUG - Worker Tech_08 ocupado em 128-131
2025-12-18 09:34:40,974 - src.logic - DEBUG - Worker Tech_09 ocupado em 128-131
2025-12-18 09:34:40,975 - src.logic - DEBUG - Worker Tech_10 ocupado em 128-131
2025-12-18 09:34:40,975 - src.logic - DEBUG - Worker Tech_01 ocupado em 128-131
2025-12-18 09:34:40,975 - src.logic - DEBUG - Worker Tech_03 ocupado em 130-133
2025-12-18 09:34:40,975 - src.logic - DEBUG - Worker Tech_04 ocupado em 128-131
2025-12-18 09:34:40,975 - src.logic - DEBUG - Worker Tech_05 ocupado em 128-131
2025-12-18 09:34:40,975 - src.logic - DEBUG - Worker Tech_06 ocupado em 128-131
2025-12-18 09:34:40,976 - src.logic - DEBUG - Worker Tech_07 ocupado em 128-131
2025-12-18 09:34:40,976 - src.logic - DEBUG - Worker Tech_08 ocupado em 128-131
2025-12-18 09:34:40,976 - src.logic - DEBUG - Worker Tech_09 ocupado em 128-131
2025-12-18 09:34:40,976 - src.logic - DEBUG - Worker Tech_10 ocupado em 128-131
2025-12-18 09:34:40,976 - src.logic - DEBUG - Worker Tech_01 ocupado em 131-134
2025-12-18 09:34:40,977 - src.logic - DEBUG - Worker Tech_03 ocupado em 130-133
2025-12-18 09:34:40,977 - src.logic - DEBUG - Worker Tech_04 excederia limite diário: 7+3 > 8
2025-12-18 09:34:40,977 - src.logic - DEBUG - Worker Tech_05 ocupado em 131-134
2025-12-18 09:34:40,977 - src.logic - DEBUG - Worker Tech_06 ocupado em 131-134
2025-12-18 09:34:40,977 - src.logic - DEBUG - Worker Tech_07 ocupado em 131-134
2025-12-18 09:34:40,977 - src.logic - DEBUG - Worker Tech_08 ocupado em 131-134
2025-12-18 09:34:40,977 - src.logic - DEBUG - Worker Tech_09 ocupado em 131-133
2025-12-18 09:34:40,977 - src.logic - DEBUG - Worker Tech_10 ocupado em 131-133
2025-12-18 09:34:40,978 - src.logic - DEBUG - Worker Tech_01 ocupado em 131-134
2025-12-18 09:34:40,978 - src.logic - DEBUG - Worker Tech_04 excederia limite diário: 7+3 > 8
2025-12-18 09:34:40,978 - src.logic - DEBUG - Worker Tech_05 ocupado em 131-134
2025-12-18 09:34:40,978 - src.logic - DEBUG - Worker Tech_06 ocupado em 131-134
2025-12-18 09:34:40,978 - src.logic - DEBUG - Worker Tech_07 ocupado em 131-134
2025-12-18 09:34:40,978 - src.logic - DEBUG - Worker Tech_08 ocupado em 131-134
2025-12-18 09:34:40,978 - src.logic - DEBUG - Worker Tech_09 ocupado em 131-133
2025-12-18 09:34:40,978 - src.logic - DEBUG - Worker Tech_10 ocupado em 131-133
2025-12-18 09:34:40,978 - src.logic - DEBUG - Worker Tech_01 ocupado em 131-134
2025-12-18 09:34:40,979 - src.logic - DEBUG - Worker Tech_04 ocupado em 135-139
2025-12-18 09:34:40,979 - src.logic - DEBUG - Worker Tech_05 ocupado em 131-134
2025-12-18 09:34:40,979 - src.logic - DEBUG - Worker Tech_06 ocupado em 131-134
2025-12-18 09:34:40,979 - src.logic - DEBUG - Worker Tech_07 ocupado em 131-134
2025-12-18 09:34:40,979 - src.logic - DEBUG - Worker Tech_08 ocupado em 131-134
2025-12-18 09:34:40,979 - src.logic - DEBUG - Worker Tech_09 ocupado em 133-134
2025-12-18 09:34:40,979 - src.logic - DEBUG - Worker Tech_10 ocupado em 133-134
2025-12-18 09:34:40,979 - src.logic - DEBUG - Worker Tech_01 excederia limite diário: 8+3 > 8
2025-12-18 09:34:40,979 - src.logic - DEBUG - Worker Tech_04 ocupado em 135-139
2025-12-18 09:34:40,980 - src.logic - DEBUG - Worker Tech_05 excederia limite diário: 8+3 > 8
2025-12-18 09:34:40,980 - src.logic - DEBUG - Worker Tech_06 excederia limite diário: 8+3 > 8
2025-12-18 09:34:40,980 - src.logic - DEBUG - Worker Tech_07 excederia limite diário: 8+3 > 8
2025-12-18 09:34:40,980 - src.logic - DEBUG - Worker Tech_08 excederia limite diário: 8+3 > 8
2025-12-18 09:34:40,980 - src.logic - DEBUG - Worker Tech_09 excederia limite diário: 8+3 > 8
2025-12-18 09:34:40,980 - src.logic - DEBUG - Worker Tech_10 excederia limite diário: 8+3 > 8
2025-12-18 09:34:40,980 - src.logic - DEBUG - Worker Tech_01 excederia limite diário: 8+3 > 8
2025-12-18 09:34:40,981 - src.logic - DEBUG - Worker Tech_03 ocupado em 135-139
2025-12-18 09:34:40,981 - src.logic - DEBUG - Worker Tech_04 ocupado em 135-139
2025-12-18 09:34:40,981 - src.logic - DEBUG - Worker Tech_05 excederia limite diário: 8+3 > 8
2025-12-18 09:34:40,981 - src.logic - DEBUG - Worker Tech_06 excederia limite diário: 8+3 > 8
2025-12-18 09:34:40,981 - src.logic - DEBUG - Worker Tech_07 excederia limite diário: 8+3 > 8
2025-12-18 09:34:40,981 - src.logic - DEBUG - Worker Tech_08 excederia limite diário: 8+3 > 8
2025-12-18 09:34:40,981 - src.logic - DEBUG - Worker Tech_09 excederia limite diário: 8+3 > 8
2025-12-18 09:34:40,981 - src.logic - DEBUG - Worker Tech_10 excederia limite diário: 8+3 > 8
2025-12-18 09:34:40,981 - src.logic - DEBUG - Worker Tech_01 excederia limite diário: 8+3 > 8
2025-12-18 09:34:40,982 - src.logic - DEBUG - Worker Tech_03 ocupado em 135-139
2025-12-18 09:34:40,982 - src.logic - DEBUG - Worker Tech_04 ocupado em 135-139
2025-12-18 09:34:40,982 - src.logic - DEBUG - Worker Tech_05 excederia limite diário: 8+3 > 8
2025-12-18 09:34:40,982 - src.logic - DEBUG - Worker Tech_06 excederia limite diário: 8+3 > 8
2025-12-18 09:34:40,982 - src.logic - DEBUG - Worker Tech_07 excederia limite diário: 8+3 > 8
2025-12-18 09:34:40,982 - src.logic - DEBUG - Worker Tech_08 excederia limite diário: 8+3 > 8
2025-12-18 09:34:40,983 - src.logic - DEBUG - Worker Tech_09 excederia limite diário: 8+3 > 8
2025-12-18 09:34:40,983 - src.logic - DEBUG - Worker Tech_10 excederia limite diário: 8+3 > 8
2025-12-18 09:34:40,983 - src.logic - DEBUG - Worker Tech_01 excederia limite diário: 8+3 > 8
2025-12-18 09:34:40,983 - src.logic - DEBUG - Worker Tech_04 ocupado em 135-139
2025-12-18 09:34:40,984 - src.logic - DEBUG - Worker Tech_05 excederia limite diário: 8+3 > 8
2025-12-18 09:34:40,984 - src.logic - DEBUG - Worker Tech_06 excederia limite diário: 8+3 > 8
2025-12-18 09:34:40,984 - src.logic - DEBUG - Worker Tech_07 excederia limite diário: 8+3 > 8
2025-12-18 09:34:40,984 - src.logic - DEBUG - Worker Tech_08 excederia limite diário: 8+3 > 8
2025-12-18 09:34:40,984 - src.logic - DEBUG - Worker Tech_09 excederia limite diário: 8+3 > 8
2025-12-18 09:34:40,984 - src.logic - DEBUG - Worker Tech_10 excederia limite diário: 8+3 > 8
2025-12-18 09:34:40,984 - src.logic - DEBUG - Worker Tech_01 excederia limite diário: 8+3 > 8
2025-12-18 09:34:40,985 - src.logic - DEBUG - Worker Tech_04 excederia limite diário: 7+3 > 8
2025-12-18 09:34:40,985 - src.logic - DEBUG - Worker Tech_05 excederia limite diário: 8+3 > 8
2025-12-18 09:34:40,985 - src.logic - DEBUG - Worker Tech_06 excederia limite diário: 8+3 > 8
2025-12-18 09:34:40,985 - src.logic - DEBUG - Worker Tech_07 excederia limite diário: 8+3 > 8
2025-12-18 09:34:40,985 - src.logic - DEBUG - Worker Tech_08 excederia limite diário: 8+3 > 8
2025-12-18 09:34:40,985 - src.logic - DEBUG - Worker Tech_09 excederia limite diário: 8+3 > 8
2025-12-18 09:34:40,986 - src.logic - DEBUG - Worker Tech_10 excederia limite diário: 8+3 > 8
2025-12-18 09:34:40,986 - src.logic - DEBUG - Worker Tech_01 excederia limite diário: 8+3 > 8
2025-12-18 09:34:40,986 - src.logic - DEBUG - Worker Tech_04 excederia limite diário: 7+3 > 8
2025-12-18 09:34:40,986 - src.logic - DEBUG - Worker Tech_05 excederia limite diário: 8+3 > 8
2025-12-18 09:34:40,986 - src.logic - DEBUG - Worker Tech_06 excederia limite diário: 8+3 > 8
2025-12-18 09:34:40,986 - src.logic - DEBUG - Worker Tech_07 excederia limite diário: 8+3 > 8
2025-12-18 09:34:40,986 - src.logic - DEBUG - Worker Tech_08 excederia limite diário: 8+3 > 8
2025-12-18 09:34:40,987 - src.logic - DEBUG - Worker Tech_09 excederia limite diário: 8+3 > 8
2025-12-18 09:34:40,987 - src.logic - DEBUG - Worker Tech_10 excederia limite diário: 8+3 > 8
2025-12-18 09:34:40,987 - src.logic - DEBUG - Worker Tech_04 ocupado em 152-154
2025-12-18 09:34:40,987 - src.logic - DEBUG - Worker Tech_06 ocupado em 152-156
2025-12-18 09:34:40,987 - src.logic - DEBUG - Worker Tech_07 ocupado em 152-156
2025-12-18 09:34:40,987 - src.logic - DEBUG - Worker Tech_08 ocupado em 152-154
2025-12-18 09:34:40,987 - src.logic - DEBUG - Worker Tech_10 ocupado em 152-154
2025-12-18 09:34:40,988 - src.logic - DEBUG - Worker Tech_04 ocupado em 152-154
2025-12-18 09:34:40,988 - src.logic - DEBUG - Worker Tech_06 ocupado em 152-156
2025-12-18 09:34:40,988 - src.logic - DEBUG - Worker Tech_07 ocupado em 152-156
2025-12-18 09:34:40,988 - src.logic - DEBUG - Worker Tech_08 ocupado em 152-154
2025-12-18 09:34:40,988 - src.logic - DEBUG - Worker Tech_10 ocupado em 152-154
2025-12-18 09:34:40,988 - src.logic - DEBUG - Worker Tech_06 ocupado em 152-156
2025-12-18 09:34:40,988 - src.logic - DEBUG - Worker Tech_07 ocupado em 152-156
2025-12-18 09:34:40,989 - src.logic - DEBUG - Worker Tech_08 ocupado em 154-156
2025-12-18 09:34:40,989 - src.planner - DEBUG - Server DEV_Email_01 reservado: 154h-157h (dia 6)
2025-12-18 09:34:40,989 - src.planner - DEBUG - Worker Tech_03 reservado: 154h-157h (dia 6)
2025-12-18 09:34:40,989 - src.planner - DEBUG - Worker Tech_04 reservado: 154h-157h (dia 6)
2025-12-18 09:34:40,990 - src.logic - DEBUG - Server DEV_Email_02 ocupado em 66-68
2025-12-18 09:34:40,990 - src.logic - DEBUG - Server DEV_Email_02 ocupado em 66-68
2025-12-18 09:34:40,991 - src.logic - DEBUG - Worker Tech_01 ocupado em 128-131
2025-12-18 09:34:40,991 - src.logic - DEBUG - Worker Tech_04 ocupado em 128-131
2025-12-18 09:34:40,991 - src.logic - DEBUG - Worker Tech_05 ocupado em 128-131
2025-12-18 09:34:40,992 - src.logic - DEBUG - Worker Tech_06 ocupado em 128-131
2025-12-18 09:34:40,992 - src.logic - DEBUG - Worker Tech_07 ocupado em 128-131
2025-12-18 09:34:40,992 - src.logic - DEBUG - Worker Tech_08 ocupado em 128-131
2025-12-18 09:34:40,992 - src.logic - DEBUG - Worker Tech_09 ocupado em 128-131
2025-12-18 09:34:40,992 - src.logic - DEBUG - Worker Tech_10 ocupado em 128-131
2025-12-18 09:34:40,992 - src.logic - DEBUG - Worker Tech_01 ocupado em 128-131
2025-12-18 09:34:40,992 - src.logic - DEBUG - Worker Tech_04 ocupado em 128-131
2025-12-18 09:34:40,992 - src.logic - DEBUG - Worker Tech_05 ocupado em 128-131
2025-12-18 09:34:40,993 - src.logic - DEBUG - Worker Tech_06 ocupado em 128-131
2025-12-18 09:34:40,993 - src.logic - DEBUG - Worker Tech_07 ocupado em 128-131
2025-12-18 09:34:40,993 - src.logic - DEBUG - Worker Tech_08 ocupado em 128-131
2025-12-18 09:34:40,993 - src.logic - DEBUG - Worker Tech_09 ocupado em 128-131
2025-12-18 09:34:40,993 - src.logic - DEBUG - Worker Tech_10 ocupado em 128-131
2025-12-18 09:34:40,993 - src.logic - DEBUG - Worker Tech_01 ocupado em 128-131
2025-12-18 09:34:40,993 - src.logic - DEBUG - Worker Tech_03 ocupado em 130-133
2025-12-18 09:34:40,993 - src.logic - DEBUG - Worker Tech_04 ocupado em 128-131
2025-12-18 09:34:40,994 - src.logic - DEBUG - Worker Tech_05 ocupado em 128-131
2025-12-18 09:34:40,994 - src.logic - DEBUG - Worker Tech_06 ocupado em 128-131
2025-12-18 09:34:40,994 - src.logic - DEBUG - Worker Tech_07 ocupado em 128-131
2025-12-18 09:34:40,994 - src.logic - DEBUG - Worker Tech_08 ocupado em 128-131
2025-12-18 09:34:40,994 - src.logic - DEBUG - Worker Tech_09 ocupado em 128-131
2025-12-18 09:34:40,994 - src.logic - DEBUG - Worker Tech_10 ocupado em 128-131
2025-12-18 09:34:40,994 - src.logic - DEBUG - Worker Tech_01 ocupado em 131-134
2025-12-18 09:34:40,994 - src.logic - DEBUG - Worker Tech_03 ocupado em 130-133
2025-12-18 09:34:40,994 - src.logic - DEBUG - Worker Tech_04 excederia limite diário: 7+3 > 8
2025-12-18 09:34:40,995 - src.logic - DEBUG - Worker Tech_05 ocupado em 131-134
2025-12-18 09:34:40,995 - src.logic - DEBUG - Worker Tech_06 ocupado em 131-134
2025-12-18 09:34:40,995 - src.logic - DEBUG - Worker Tech_07 ocupado em 131-134
2025-12-18 09:34:40,995 - src.logic - DEBUG - Worker Tech_08 ocupado em 131-134
2025-12-18 09:34:40,995 - src.logic - DEBUG - Worker Tech_09 ocupado em 131-133
2025-12-18 09:34:40,995 - src.logic - DEBUG - Worker Tech_10 ocupado em 131-133
2025-12-18 09:34:40,995 - src.logic - DEBUG - Worker Tech_01 ocupado em 131-134
2025-12-18 09:34:40,996 - src.logic - DEBUG - Worker Tech_04 excederia limite diário: 7+3 > 8
2025-12-18 09:34:40,996 - src.logic - DEBUG - Worker Tech_05 ocupado em 131-134
2025-12-18 09:34:40,996 - src.logic - DEBUG - Worker Tech_06 ocupado em 131-134
2025-12-18 09:34:40,996 - src.logic - DEBUG - Worker Tech_07 ocupado em 131-134
2025-12-18 09:34:40,996 - src.logic - DEBUG - Worker Tech_08 ocupado em 131-134
2025-12-18 09:34:40,996 - src.logic - DEBUG - Worker Tech_09 ocupado em 131-133
2025-12-18 09:34:40,996 - src.logic - DEBUG - Worker Tech_10 ocupado em 131-133
2025-12-18 09:34:40,997 - src.logic - DEBUG - Worker Tech_01 ocupado em 131-134
2025-12-18 09:34:40,997 - src.logic - DEBUG - Worker Tech_04 ocupado em 135-139
2025-12-18 09:34:40,997 - src.logic - DEBUG - Worker Tech_05 ocupado em 131-134
2025-12-18 09:34:40,997 - src.logic - DEBUG - Worker Tech_06 ocupado em 131-134
2025-12-18 09:34:40,997 - src.logic - DEBUG - Worker Tech_07 ocupado em 131-134
2025-12-18 09:34:40,997 - src.logic - DEBUG - Worker Tech_08 ocupado em 131-134
2025-12-18 09:34:40,997 - src.logic - DEBUG - Worker Tech_09 ocupado em 133-134
2025-12-18 09:34:40,997 - src.logic - DEBUG - Worker Tech_10 ocupado em 133-134
2025-12-18 09:34:40,997 - src.logic - DEBUG - Worker Tech_01 excederia limite diário: 8+3 > 8
2025-12-18 09:34:40,998 - src.logic - DEBUG - Worker Tech_04 ocupado em 135-139
2025-12-18 09:34:40,998 - src.logic - DEBUG - Worker Tech_05 excederia limite diário: 8+3 > 8
2025-12-18 09:34:40,998 - src.logic - DEBUG - Worker Tech_06 excederia limite diário: 8+3 > 8
2025-12-18 09:34:40,998 - src.logic - DEBUG - Worker Tech_07 excederia limite diário: 8+3 > 8
2025-12-18 09:34:40,998 - src.logic - DEBUG - Worker Tech_08 excederia limite diário: 8+3 > 8
2025-12-18 09:34:40,998 - src.logic - DEBUG - Worker Tech_09 excederia limite diário: 8+3 > 8
2025-12-18 09:34:40,999 - src.logic - DEBUG - Worker Tech_10 excederia limite diário: 8+3 > 8
2025-12-18 09:34:40,999 - src.logic - DEBUG - Worker Tech_01 excederia limite diário: 8+3 > 8
2025-12-18 09:34:40,999 - src.logic - DEBUG - Worker Tech_03 ocupado em 135-139
2025-12-18 09:34:40,999 - src.logic - DEBUG - Worker Tech_04 ocupado em 135-139
2025-12-18 09:34:40,999 - src.logic - DEBUG - Worker Tech_05 excederia limite diário: 8+3 > 8
2025-12-18 09:34:40,999 - src.logic - DEBUG - Worker Tech_06 excederia limite diário: 8+3 > 8
2025-12-18 09:34:40,999 - src.logic - DEBUG - Worker Tech_07 excederia limite diário: 8+3 > 8
2025-12-18 09:34:40,999 - src.logic - DEBUG - Worker Tech_08 excederia limite diário: 8+3 > 8
2025-12-18 09:34:41,000 - src.logic - DEBUG - Worker Tech_09 excederia limite diário: 8+3 > 8
2025-12-18 09:34:41,000 - src.logic - DEBUG - Worker Tech_10 excederia limite diário: 8+3 > 8
2025-12-18 09:34:41,000 - src.logic - DEBUG - Worker Tech_01 excederia limite diário: 8+3 > 8
2025-12-18 09:34:41,000 - src.logic - DEBUG - Worker Tech_03 ocupado em 135-139
2025-12-18 09:34:41,000 - src.logic - DEBUG - Worker Tech_04 ocupado em 135-139
2025-12-18 09:34:41,000 - src.logic - DEBUG - Worker Tech_05 excederia limite diário: 8+3 > 8
2025-12-18 09:34:41,000 - src.logic - DEBUG - Worker Tech_06 excederia limite diário: 8+3 > 8
2025-12-18 09:34:41,000 - src.logic - DEBUG - Worker Tech_07 excederia limite diário: 8+3 > 8
2025-12-18 09:34:41,001 - src.logic - DEBUG - Worker Tech_08 excederia limite diário: 8+3 > 8
2025-12-18 09:34:41,001 - src.logic - DEBUG - Worker Tech_09 excederia limite diário: 8+3 > 8
2025-12-18 09:34:41,001 - src.logic - DEBUG - Worker Tech_10 excederia limite diário: 8+3 > 8
2025-12-18 09:34:41,001 - src.logic - DEBUG - Worker Tech_01 excederia limite diário: 8+3 > 8
2025-12-18 09:34:41,001 - src.logic - DEBUG - Worker Tech_04 ocupado em 135-139
2025-12-18 09:34:41,001 - src.logic - DEBUG - Worker Tech_05 excederia limite diário: 8+3 > 8
2025-12-18 09:34:41,001 - src.logic - DEBUG - Worker Tech_06 excederia limite diário: 8+3 > 8
2025-12-18 09:34:41,001 - src.logic - DEBUG - Worker Tech_07 excederia limite diário: 8+3 > 8
2025-12-18 09:34:41,001 - src.logic - DEBUG - Worker Tech_08 excederia limite diário: 8+3 > 8
2025-12-18 09:34:41,001 - src.logic - DEBUG - Worker Tech_09 excederia limite diário: 8+3 > 8
2025-12-18 09:34:41,002 - src.logic - DEBUG - Worker Tech_10 excederia limite diário: 8+3 > 8
2025-12-18 09:34:41,002 - src.logic - DEBUG - Worker Tech_01 excederia limite diário: 8+3 > 8
2025-12-18 09:34:41,002 - src.logic - DEBUG - Worker Tech_04 excederia limite diário: 7+3 > 8
2025-12-18 09:34:41,002 - src.logic - DEBUG - Worker Tech_05 excederia limite diário: 8+3 > 8
2025-12-18 09:34:41,002 - src.logic - DEBUG - Worker Tech_06 excederia limite diário: 8+3 > 8
2025-12-18 09:34:41,002 - src.logic - DEBUG - Worker Tech_07 excederia limite diário: 8+3 > 8
2025-12-18 09:34:41,002 - src.logic - DEBUG - Worker Tech_08 excederia limite diário: 8+3 > 8
2025-12-18 09:34:41,002 - src.logic - DEBUG - Worker Tech_09 excederia limite diário: 8+3 > 8
2025-12-18 09:34:41,002 - src.logic - DEBUG - Worker Tech_10 excederia limite diário: 8+3 > 8
2025-12-18 09:34:41,002 - src.logic - DEBUG - Worker Tech_01 excederia limite diário: 8+3 > 8
2025-12-18 09:34:41,002 - src.logic - DEBUG - Worker Tech_04 excederia limite diário: 7+3 > 8
2025-12-18 09:34:41,003 - src.logic - DEBUG - Worker Tech_05 excederia limite diário: 8+3 > 8
2025-12-18 09:34:41,003 - src.logic - DEBUG - Worker Tech_06 excederia limite diário: 8+3 > 8
2025-12-18 09:34:41,003 - src.logic - DEBUG - Worker Tech_07 excederia limite diário: 8+3 > 8
2025-12-18 09:34:41,003 - src.logic - DEBUG - Worker Tech_08 excederia limite diário: 8+3 > 8
2025-12-18 09:34:41,003 - src.logic - DEBUG - Worker Tech_09 excederia limite diário: 8+3 > 8
2025-12-18 09:34:41,003 - src.logic - DEBUG - Worker Tech_10 excederia limite diário: 8+3 > 8
2025-12-18 09:34:41,003 - src.logic - DEBUG - Worker Tech_04 ocupado em 152-154
2025-12-18 09:34:41,004 - src.logic - DEBUG - Worker Tech_06 ocupado em 152-156
2025-12-18 09:34:41,004 - src.logic - DEBUG - Worker Tech_07 ocupado em 152-156
2025-12-18 09:34:41,004 - src.logic - DEBUG - Worker Tech_08 ocupado em 152-154
2025-12-18 09:34:41,004 - src.logic - DEBUG - Worker Tech_10 ocupado em 152-154
2025-12-18 09:34:41,004 - src.logic - DEBUG - Worker Tech_04 ocupado em 152-154
2025-12-18 09:34:41,004 - src.logic - DEBUG - Worker Tech_06 ocupado em 152-156
2025-12-18 09:34:41,004 - src.logic - DEBUG - Worker Tech_07 ocupado em 152-156
2025-12-18 09:34:41,004 - src.logic - DEBUG - Worker Tech_08 ocupado em 152-154
2025-12-18 09:34:41,004 - src.logic - DEBUG - Worker Tech_10 ocupado em 152-154
2025-12-18 09:34:41,005 - src.logic - DEBUG - Worker Tech_03 ocupado em 154-157
2025-12-18 09:34:41,005 - src.logic - DEBUG - Worker Tech_04 ocupado em 154-157
2025-12-18 09:34:41,005 - src.logic - DEBUG - Worker Tech_06 ocupado em 152-156
2025-12-18 09:34:41,005 - src.logic - DEBUG - Worker Tech_07 ocupado em 152-156
2025-12-18 09:34:41,005 - src.logic - DEBUG - Worker Tech_08 ocupado em 154-156
2025-12-18 09:34:41,005 - src.logic - DEBUG - Worker Tech_03 ocupado em 154-157
2025-12-18 09:34:41,005 - src.logic - DEBUG - Worker Tech_04 ocupado em 154-157
2025-12-18 09:34:41,006 - src.logic - DEBUG - Worker Tech_06 ocupado em 152-156
2025-12-18 09:34:41,006 - src.logic - DEBUG - Worker Tech_07 ocupado em 152-156
2025-12-18 09:34:41,006 - src.logic - DEBUG - Worker Tech_08 ocupado em 154-156
2025-12-18 09:34:41,006 - src.logic - DEBUG - Worker Tech_04 ocupado em 154-157
2025-12-18 09:34:41,006 - src.logic - DEBUG - Worker Tech_06 excederia limite diário: 6+3 > 8
2025-12-18 09:34:41,006 - src.logic - DEBUG - Worker Tech_07 excederia limite diário: 6+3 > 8
2025-12-18 09:34:41,006 - src.logic - DEBUG - Worker Tech_08 excederia limite diário: 6+3 > 8
2025-12-18 09:34:41,007 - src.logic - DEBUG - Worker Tech_06 excederia limite diário: 6+3 > 8
2025-12-18 09:34:41,007 - src.logic - DEBUG - Worker Tech_07 excederia limite diário: 6+3 > 8
2025-12-18 09:34:41,007 - src.logic - DEBUG - Worker Tech_08 excederia limite diário: 6+3 > 8
2025-12-18 09:34:41,007 - src.planner - DEBUG - Server DEV_Email_02 reservado: 157h-160h (dia 6)
2025-12-18 09:34:41,007 - src.planner - DEBUG - Worker Tech_04 reservado: 157h-160h (dia 6)
2025-12-18 09:34:41,007 - src.planner - DEBUG - Worker Tech_10 reservado: 157h-160h (dia 6)
2025-12-18 09:34:41,007 - src.logic - DEBUG - Server TEST_Email_01 ocupado em 126-128
2025-12-18 09:34:41,008 - src.logic - DEBUG - Server TEST_Email_01 ocupado em 126-128
2025-12-18 09:34:41,008 - src.logic - DEBUG - Worker Tech_01 ocupado em 128-131
2025-12-18 09:34:41,008 - src.logic - DEBUG - Worker Tech_05 ocupado em 128-131
2025-12-18 09:34:41,008 - src.logic - DEBUG - Worker Tech_06 ocupado em 128-131
2025-12-18 09:34:41,008 - src.logic - DEBUG - Worker Tech_07 ocupado em 128-131
2025-12-18 09:34:41,008 - src.logic - DEBUG - Worker Tech_08 ocupado em 128-131
2025-12-18 09:34:41,008 - src.logic - DEBUG - Worker Tech_09 ocupado em 128-131
2025-12-18 09:34:41,008 - src.logic - DEBUG - Worker Tech_10 ocupado em 128-131
2025-12-18 09:34:41,009 - src.logic - DEBUG - Worker Tech_01 ocupado em 128-131
2025-12-18 09:34:41,009 - src.logic - DEBUG - Worker Tech_05 ocupado em 128-131
2025-12-18 09:34:41,009 - src.logic - DEBUG - Worker Tech_06 ocupado em 128-131
2025-12-18 09:34:41,009 - src.logic - DEBUG - Worker Tech_07 ocupado em 128-131
2025-12-18 09:34:41,009 - src.logic - DEBUG - Worker Tech_08 ocupado em 128-131
2025-12-18 09:34:41,009 - src.logic - DEBUG - Worker Tech_09 ocupado em 128-131
2025-12-18 09:34:41,009 - src.logic - DEBUG - Worker Tech_10 ocupado em 128-131
2025-12-18 09:34:41,009 - src.logic - DEBUG - Worker Tech_01 ocupado em 128-131
2025-12-18 09:34:41,009 - src.logic - DEBUG - Worker Tech_05 ocupado em 128-131
2025-12-18 09:34:41,009 - src.logic - DEBUG - Worker Tech_06 ocupado em 128-131
2025-12-18 09:34:41,010 - src.logic - DEBUG - Worker Tech_07 ocupado em 128-131
2025-12-18 09:34:41,010 - src.logic - DEBUG - Worker Tech_08 ocupado em 128-131
2025-12-18 09:34:41,010 - src.logic - DEBUG - Worker Tech_09 ocupado em 128-131
2025-12-18 09:34:41,010 - src.logic - DEBUG - Worker Tech_10 ocupado em 128-131
2025-12-18 09:34:41,010 - src.logic - DEBUG - Worker Tech_01 ocupado em 131-134
2025-12-18 09:34:41,010 - src.logic - DEBUG - Worker Tech_05 ocupado em 131-134
2025-12-18 09:34:41,010 - src.logic - DEBUG - Worker Tech_06 ocupado em 131-134
2025-12-18 09:34:41,010 - src.logic - DEBUG - Worker Tech_07 ocupado em 131-134
2025-12-18 09:34:41,010 - src.logic - DEBUG - Worker Tech_08 ocupado em 131-134
2025-12-18 09:34:41,010 - src.logic - DEBUG - Worker Tech_09 ocupado em 131-133
2025-12-18 09:34:41,011 - src.logic - DEBUG - Worker Tech_10 ocupado em 131-133
2025-12-18 09:34:41,011 - src.logic - DEBUG - Worker Tech_01 ocupado em 131-134
2025-12-18 09:34:41,011 - src.logic - DEBUG - Worker Tech_05 ocupado em 131-134
2025-12-18 09:34:41,011 - src.logic - DEBUG - Worker Tech_06 ocupado em 131-134
2025-12-18 09:34:41,011 - src.logic - DEBUG - Worker Tech_07 ocupado em 131-134
2025-12-18 09:34:41,011 - src.logic - DEBUG - Worker Tech_08 ocupado em 131-134
2025-12-18 09:34:41,011 - src.logic - DEBUG - Worker Tech_09 ocupado em 131-133
2025-12-18 09:34:41,011 - src.logic - DEBUG - Worker Tech_10 ocupado em 131-133
2025-12-18 09:34:41,011 - src.logic - DEBUG - Worker Tech_01 ocupado em 131-134
2025-12-18 09:34:41,012 - src.logic - DEBUG - Worker Tech_05 ocupado em 131-134
2025-12-18 09:34:41,012 - src.logic - DEBUG - Worker Tech_06 ocupado em 131-134
2025-12-18 09:34:41,012 - src.logic - DEBUG - Worker Tech_07 ocupado em 131-134
2025-12-18 09:34:41,012 - src.logic - DEBUG - Worker Tech_08 ocupado em 131-134
2025-12-18 09:34:41,012 - src.logic - DEBUG - Worker Tech_09 ocupado em 133-134
2025-12-18 09:34:41,012 - src.logic - DEBUG - Worker Tech_10 ocupado em 133-134
2025-12-18 09:34:41,012 - src.logic - DEBUG - Worker Tech_01 excederia limite diário: 8+3 > 8
2025-12-18 09:34:41,012 - src.logic - DEBUG - Worker Tech_05 excederia limite diário: 8+3 > 8
2025-12-18 09:34:41,012 - src.logic - DEBUG - Worker Tech_06 excederia limite diário: 8+3 > 8
2025-12-18 09:34:41,013 - src.logic - DEBUG - Worker Tech_07 excederia limite diário: 8+3 > 8
2025-12-18 09:34:41,013 - src.logic - DEBUG - Worker Tech_08 excederia limite diário: 8+3 > 8
2025-12-18 09:34:41,013 - src.logic - DEBUG - Worker Tech_09 excederia limite diário: 8+3 > 8
2025-12-18 09:34:41,013 - src.logic - DEBUG - Worker Tech_10 excederia limite diário: 8+3 > 8
2025-12-18 09:34:41,013 - src.logic - DEBUG - Worker Tech_01 excederia limite diário: 8+3 > 8
2025-12-18 09:34:41,013 - src.logic - DEBUG - Worker Tech_05 excederia limite diário: 8+3 > 8
2025-12-18 09:34:41,013 - src.logic - DEBUG - Worker Tech_06 excederia limite diário: 8+3 > 8
2025-12-18 09:34:41,013 - src.logic - DEBUG - Worker Tech_07 excederia limite diário: 8+3 > 8
2025-12-18 09:34:41,013 - src.logic - DEBUG - Worker Tech_08 excederia limite diário: 8+3 > 8
2025-12-18 09:34:41,013 - src.logic - DEBUG - Worker Tech_09 excederia limite diário: 8+3 > 8
2025-12-18 09:34:41,014 - src.logic - DEBUG - Worker Tech_10 excederia limite diário: 8+3 > 8
2025-12-18 09:34:41,014 - src.logic - DEBUG - Worker Tech_01 excederia limite diário: 8+3 > 8
2025-12-18 09:34:41,014 - src.logic - DEBUG - Worker Tech_05 excederia limite diário: 8+3 > 8
2025-12-18 09:34:41,014 - src.logic - DEBUG - Worker Tech_06 excederia limite diário: 8+3 > 8
2025-12-18 09:34:41,014 - src.logic - DEBUG - Worker Tech_07 excederia limite diário: 8+3 > 8
2025-12-18 09:34:41,014 - src.logic - DEBUG - Worker Tech_08 excederia limite diário: 8+3 > 8
2025-12-18 09:34:41,014 - src.logic - DEBUG - Worker Tech_09 excederia limite diário: 8+3 > 8
2025-12-18 09:34:41,014 - src.logic - DEBUG - Worker Tech_10 excederia limite diário: 8+3 > 8
2025-12-18 09:34:41,014 - src.logic - DEBUG - Worker Tech_01 excederia limite diário: 8+3 > 8
2025-12-18 09:34:41,014 - src.logic - DEBUG - Worker Tech_05 excederia limite diário: 8+3 > 8
2025-12-18 09:34:41,014 - src.logic - DEBUG - Worker Tech_06 excederia limite diário: 8+3 > 8
2025-12-18 09:34:41,014 - src.logic - DEBUG - Worker Tech_07 excederia limite diário: 8+3 > 8
2025-12-18 09:34:41,014 - src.logic - DEBUG - Worker Tech_08 excederia limite diário: 8+3 > 8
2025-12-18 09:34:41,014 - src.logic - DEBUG - Worker Tech_09 excederia limite diário: 8+3 > 8
2025-12-18 09:34:41,015 - src.logic - DEBUG - Worker Tech_10 excederia limite diário: 8+3 > 8
2025-12-18 09:34:41,015 - src.logic - DEBUG - Worker Tech_06 ocupado em 152-156
2025-12-18 09:34:41,015 - src.logic - DEBUG - Worker Tech_07 ocupado em 152-156
2025-12-18 09:34:41,015 - src.logic - DEBUG - Worker Tech_08 ocupado em 152-154
2025-12-18 09:34:41,016 - src.logic - DEBUG - Worker Tech_10 ocupado em 152-154
2025-12-18 09:34:41,016 - src.logic - DEBUG - Worker Tech_06 ocupado em 152-156
2025-12-18 09:34:41,016 - src.logic - DEBUG - Worker Tech_07 ocupado em 152-156
2025-12-18 09:34:41,016 - src.logic - DEBUG - Worker Tech_08 ocupado em 152-154
2025-12-18 09:34:41,016 - src.logic - DEBUG - Worker Tech_10 ocupado em 152-154
2025-12-18 09:34:41,016 - src.logic - DEBUG - Worker Tech_06 ocupado em 152-156
2025-12-18 09:34:41,016 - src.logic - DEBUG - Worker Tech_07 ocupado em 152-156
2025-12-18 09:34:41,017 - src.logic - DEBUG - Worker Tech_08 ocupado em 154-156
2025-12-18 09:34:41,017 - src.logic - DEBUG - Worker Tech_10 excederia limite diário: 7+3 > 8
2025-12-18 09:34:41,017 - src.logic - DEBUG - Worker Tech_06 ocupado em 152-156
2025-12-18 09:34:41,017 - src.logic - DEBUG - Worker Tech_07 ocupado em 152-156
2025-12-18 09:34:41,017 - src.logic - DEBUG - Worker Tech_08 ocupado em 154-156
2025-12-18 09:34:41,017 - src.logic - DEBUG - Worker Tech_10 ocupado em 157-160
2025-12-18 09:34:41,017 - src.logic - DEBUG - Worker Tech_06 excederia limite diário: 6+3 > 8
2025-12-18 09:34:41,017 - src.logic - DEBUG - Worker Tech_07 excederia limite diário: 6+3 > 8
2025-12-18 09:34:41,018 - src.logic - DEBUG - Worker Tech_08 excederia limite diário: 6+3 > 8
2025-12-18 09:34:41,018 - src.logic - DEBUG - Worker Tech_10 ocupado em 157-160
2025-12-18 09:34:41,018 - src.logic - DEBUG - Worker Tech_06 excederia limite diário: 6+3 > 8
2025-12-18 09:34:41,018 - src.logic - DEBUG - Worker Tech_07 excederia limite diário: 6+3 > 8
2025-12-18 09:34:41,018 - src.logic - DEBUG - Worker Tech_08 excederia limite diário: 6+3 > 8
2025-12-18 09:34:41,018 - src.logic - DEBUG - Worker Tech_10 ocupado em 157-160
2025-12-18 09:34:41,018 - src.logic - DEBUG - Worker Tech_06 excederia limite diário: 6+3 > 8
2025-12-18 09:34:41,018 - src.logic - DEBUG - Worker Tech_07 excederia limite diário: 6+3 > 8
2025-12-18 09:34:41,018 - src.logic - DEBUG - Worker Tech_08 excederia limite diário: 6+3 > 8
2025-12-18 09:34:41,018 - src.logic - DEBUG - Worker Tech_10 ocupado em 157-160
2025-12-18 09:34:41,019 - src.logic - DEBUG - Worker Tech_06 excederia limite diário: 6+3 > 8
2025-12-18 09:34:41,019 - src.logic - DEBUG - Worker Tech_07 excederia limite diário: 6+3 > 8
2025-12-18 09:34:41,019 - src.logic - DEBUG - Worker Tech_08 excederia limite diário: 6+3 > 8
2025-12-18 09:34:41,019 - src.logic - DEBUG - Worker Tech_10 ocupado em 157-160
2025-12-18 09:34:41,019 - src.logic - DEBUG - Worker Tech_06 excederia limite diário: 6+3 > 8
2025-12-18 09:34:41,019 - src.logic - DEBUG - Worker Tech_07 excederia limite diário: 6+3 > 8
2025-12-18 09:34:41,019 - src.logic - DEBUG - Worker Tech_08 excederia limite diário: 6+3 > 8
2025-12-18 09:34:41,019 - src.logic - DEBUG - Worker Tech_10 excederia limite diário: 7+3 > 8
2025-12-18 09:34:41,019 - src.logic - DEBUG - Worker Tech_06 excederia limite diário: 6+3 > 8
2025-12-18 09:34:41,019 - src.logic - DEBUG - Worker Tech_07 excederia limite diário: 6+3 > 8
2025-12-18 09:34:41,019 - src.logic - DEBUG - Worker Tech_08 excederia limite diário: 6+3 > 8
2025-12-18 09:34:41,019 - src.logic - DEBUG - Worker Tech_10 excederia limite diário: 7+3 > 8
2025-12-18 09:34:41,020 - src.logic - DEBUG - Server TEST_Email_02 ocupado em 126-128
2025-12-18 09:34:41,020 - src.logic - DEBUG - Server TEST_Email_02 ocupado em 126-128
2025-12-18 09:34:41,020 - src.logic - DEBUG - Worker Tech_01 ocupado em 128-131
2025-12-18 09:34:41,020 - src.logic - DEBUG - Worker Tech_05 ocupado em 128-131
2025-12-18 09:34:41,020 - src.logic - DEBUG - Worker Tech_06 ocupado em 128-131
2025-12-18 09:34:41,020 - src.logic - DEBUG - Worker Tech_07 ocupado em 128-131
2025-12-18 09:34:41,020 - src.logic - DEBUG - Worker Tech_08 ocupado em 128-131
2025-12-18 09:34:41,021 - src.logic - DEBUG - Worker Tech_09 ocupado em 128-131
2025-12-18 09:34:41,021 - src.logic - DEBUG - Worker Tech_10 ocupado em 128-131
2025-12-18 09:34:41,021 - src.logic - DEBUG - Worker Tech_01 ocupado em 128-131
2025-12-18 09:34:41,021 - src.logic - DEBUG - Worker Tech_05 ocupado em 128-131
2025-12-18 09:34:41,021 - src.logic - DEBUG - Worker Tech_06 ocupado em 128-131
2025-12-18 09:34:41,021 - src.logic - DEBUG - Worker Tech_07 ocupado em 128-131
2025-12-18 09:34:41,021 - src.logic - DEBUG - Worker Tech_08 ocupado em 128-131
2025-12-18 09:34:41,021 - src.logic - DEBUG - Worker Tech_09 ocupado em 128-131
2025-12-18 09:34:41,021 - src.logic - DEBUG - Worker Tech_10 ocupado em 128-131
2025-12-18 09:34:41,022 - src.logic - DEBUG - Worker Tech_01 ocupado em 128-131
2025-12-18 09:34:41,022 - src.logic - DEBUG - Worker Tech_05 ocupado em 128-131
2025-12-18 09:34:41,022 - src.logic - DEBUG - Worker Tech_06 ocupado em 128-131
2025-12-18 09:34:41,022 - src.logic - DEBUG - Worker Tech_07 ocupado em 128-131
2025-12-18 09:34:41,022 - src.logic - DEBUG - Worker Tech_08 ocupado em 128-131
2025-12-18 09:34:41,022 - src.logic - DEBUG - Worker Tech_09 ocupado em 128-131
2025-12-18 09:34:41,022 - src.logic - DEBUG - Worker Tech_10 ocupado em 128-131
2025-12-18 09:34:41,022 - src.logic - DEBUG - Worker Tech_01 ocupado em 131-134
2025-12-18 09:34:41,022 - src.logic - DEBUG - Worker Tech_05 ocupado em 131-134
2025-12-18 09:34:41,022 - src.logic - DEBUG - Worker Tech_06 ocupado em 131-134
2025-12-18 09:34:41,023 - src.logic - DEBUG - Worker Tech_07 ocupado em 131-134
2025-12-18 09:34:41,023 - src.logic - DEBUG - Worker Tech_08 ocupado em 131-134
2025-12-18 09:34:41,023 - src.logic - DEBUG - Worker Tech_09 ocupado em 131-133
2025-12-18 09:34:41,023 - src.logic - DEBUG - Worker Tech_10 ocupado em 131-133
2025-12-18 09:34:41,023 - src.logic - DEBUG - Worker Tech_01 ocupado em 131-134
2025-12-18 09:34:41,023 - src.logic - DEBUG - Worker Tech_05 ocupado em 131-134
2025-12-18 09:34:41,023 - src.logic - DEBUG - Worker Tech_06 ocupado em 131-134
2025-12-18 09:34:41,023 - src.logic - DEBUG - Worker Tech_07 ocupado em 131-134
2025-12-18 09:34:41,023 - src.logic - DEBUG - Worker Tech_08 ocupado em 131-134
2025-12-18 09:34:41,024 - src.logic - DEBUG - Worker Tech_09 ocupado em 131-133
2025-12-18 09:34:41,024 - src.logic - DEBUG - Worker Tech_10 ocupado em 131-133
2025-12-18 09:34:41,024 - src.logic - DEBUG - Worker Tech_01 ocupado em 131-134
2025-12-18 09:34:41,024 - src.logic - DEBUG - Worker Tech_05 ocupado em 131-134
2025-12-18 09:34:41,024 - src.logic - DEBUG - Worker Tech_06 ocupado em 131-134
2025-12-18 09:34:41,024 - src.logic - DEBUG - Worker Tech_07 ocupado em 131-134
2025-12-18 09:34:41,024 - src.logic - DEBUG - Worker Tech_08 ocupado em 131-134
2025-12-18 09:34:41,024 - src.logic - DEBUG - Worker Tech_09 ocupado em 133-134
2025-12-18 09:34:41,024 - src.logic - DEBUG - Worker Tech_10 ocupado em 133-134
2025-12-18 09:34:41,025 - src.logic - DEBUG - Worker Tech_01 excederia limite diário: 8+3 > 8
2025-12-18 09:34:41,025 - src.logic - DEBUG - Worker Tech_05 excederia limite diário: 8+3 > 8
2025-12-18 09:34:41,025 - src.logic - DEBUG - Worker Tech_06 excederia limite diário: 8+3 > 8
2025-12-18 09:34:41,025 - src.logic - DEBUG - Worker Tech_07 excederia limite diário: 8+3 > 8
2025-12-18 09:34:41,025 - src.logic - DEBUG - Worker Tech_08 excederia limite diário: 8+3 > 8
2025-12-18 09:34:41,025 - src.logic - DEBUG - Worker Tech_09 excederia limite diário: 8+3 > 8
2025-12-18 09:34:41,025 - src.logic - DEBUG - Worker Tech_10 excederia limite diário: 8+3 > 8
2025-12-18 09:34:41,025 - src.logic - DEBUG - Worker Tech_01 excederia limite diário: 8+3 > 8
2025-12-18 09:34:41,026 - src.logic - DEBUG - Worker Tech_05 excederia limite diário: 8+3 > 8
2025-12-18 09:34:41,026 - src.logic - DEBUG - Worker Tech_06 excederia limite diário: 8+3 > 8
2025-12-18 09:34:41,026 - src.logic - DEBUG - Worker Tech_07 excederia limite diário: 8+3 > 8
2025-12-18 09:34:41,026 - src.logic - DEBUG - Worker Tech_08 excederia limite diário: 8+3 > 8
2025-12-18 09:34:41,026 - src.logic - DEBUG - Worker Tech_09 excederia limite diário: 8+3 > 8
2025-12-18 09:34:41,026 - src.logic - DEBUG - Worker Tech_10 excederia limite diário: 8+3 > 8
2025-12-18 09:34:41,026 - src.logic - DEBUG - Worker Tech_01 excederia limite diário: 8+3 > 8
2025-12-18 09:34:41,027 - src.logic - DEBUG - Worker Tech_05 excederia limite diário: 8+3 > 8
2025-12-18 09:34:41,027 - src.logic - DEBUG - Worker Tech_06 excederia limite diário: 8+3 > 8
2025-12-18 09:34:41,027 - src.logic - DEBUG - Worker Tech_07 excederia limite diário: 8+3 > 8
2025-12-18 09:34:41,027 - src.logic - DEBUG - Worker Tech_08 excederia limite diário: 8+3 > 8
2025-12-18 09:34:41,027 - src.logic - DEBUG - Worker Tech_09 excederia limite diário: 8+3 > 8
2025-12-18 09:34:41,027 - src.logic - DEBUG - Worker Tech_10 excederia limite diário: 8+3 > 8
2025-12-18 09:34:41,027 - src.logic - DEBUG - Worker Tech_01 excederia limite diário: 8+3 > 8
2025-12-18 09:34:41,027 - src.logic - DEBUG - Worker Tech_05 excederia limite diário: 8+3 > 8
2025-12-18 09:34:41,028 - src.logic - DEBUG - Worker Tech_06 excederia limite diário: 8+3 > 8
2025-12-18 09:34:41,028 - src.logic - DEBUG - Worker Tech_07 excederia limite diário: 8+3 > 8
2025-12-18 09:34:41,028 - src.logic - DEBUG - Worker Tech_08 excederia limite diário: 8+3 > 8
2025-12-18 09:34:41,028 - src.logic - DEBUG - Worker Tech_09 excederia limite diário: 8+3 > 8
2025-12-18 09:34:41,028 - src.logic - DEBUG - Worker Tech_10 excederia limite diário: 8+3 > 8
2025-12-18 09:34:41,028 - src.logic - DEBUG - Worker Tech_06 ocupado em 152-156
2025-12-18 09:34:41,029 - src.logic - DEBUG - Worker Tech_07 ocupado em 152-156
2025-12-18 09:34:41,029 - src.logic - DEBUG - Worker Tech_08 ocupado em 152-154
2025-12-18 09:34:41,029 - src.logic - DEBUG - Worker Tech_10 ocupado em 152-154
2025-12-18 09:34:41,029 - src.logic - DEBUG - Worker Tech_06 ocupado em 152-156
2025-12-18 09:34:41,029 - src.logic - DEBUG - Worker Tech_07 ocupado em 152-156
2025-12-18 09:34:41,029 - src.logic - DEBUG - Worker Tech_08 ocupado em 152-154
2025-12-18 09:34:41,029 - src.logic - DEBUG - Worker Tech_10 ocupado em 152-154
2025-12-18 09:34:41,029 - src.logic - DEBUG - Worker Tech_06 ocupado em 152-156
2025-12-18 09:34:41,030 - src.logic - DEBUG - Worker Tech_07 ocupado em 152-156
2025-12-18 09:34:41,030 - src.logic - DEBUG - Worker Tech_08 ocupado em 154-156
2025-12-18 09:34:41,030 - src.logic - DEBUG - Worker Tech_10 excederia limite diário: 7+3 > 8
2025-12-18 09:34:41,030 - src.logic - DEBUG - Worker Tech_06 ocupado em 152-156
2025-12-18 09:34:41,030 - src.logic - DEBUG - Worker Tech_07 ocupado em 152-156
2025-12-18 09:34:41,030 - src.logic - DEBUG - Worker Tech_08 ocupado em 154-156
2025-12-18 09:34:41,030 - src.logic - DEBUG - Worker Tech_10 ocupado em 157-160
2025-12-18 09:34:41,030 - src.logic - DEBUG - Worker Tech_06 excederia limite diário: 6+3 > 8
2025-12-18 09:34:41,031 - src.logic - DEBUG - Worker Tech_07 excederia limite diário: 6+3 > 8
2025-12-18 09:34:41,031 - src.logic - DEBUG - Worker Tech_08 excederia limite diário: 6+3 > 8
2025-12-18 09:34:41,031 - src.logic - DEBUG - Worker Tech_10 ocupado em 157-160
2025-12-18 09:34:41,031 - src.logic - DEBUG - Worker Tech_06 excederia limite diário: 6+3 > 8
2025-12-18 09:34:41,031 - src.logic - DEBUG - Worker Tech_07 excederia limite diário: 6+3 > 8
2025-12-18 09:34:41,031 - src.logic - DEBUG - Worker Tech_08 excederia limite diário: 6+3 > 8
2025-12-18 09:34:41,031 - src.logic - DEBUG - Worker Tech_10 ocupado em 157-160
2025-12-18 09:34:41,031 - src.logic - DEBUG - Worker Tech_06 excederia limite diário: 6+3 > 8
2025-12-18 09:34:41,032 - src.logic - DEBUG - Worker Tech_07 excederia limite diário: 6+3 > 8
2025-12-18 09:34:41,032 - src.logic - DEBUG - Worker Tech_08 excederia limite diário: 6+3 > 8
2025-12-18 09:34:41,032 - src.logic - DEBUG - Worker Tech_10 ocupado em 157-160
2025-12-18 09:34:41,032 - src.logic - DEBUG - Worker Tech_06 excederia limite diário: 6+3 > 8
2025-12-18 09:34:41,032 - src.logic - DEBUG - Worker Tech_07 excederia limite diário: 6+3 > 8
2025-12-18 09:34:41,032 - src.logic - DEBUG - Worker Tech_08 excederia limite diário: 6+3 > 8
2025-12-18 09:34:41,032 - src.logic - DEBUG - Worker Tech_10 ocupado em 157-160
2025-12-18 09:34:41,032 - src.logic - DEBUG - Worker Tech_06 excederia limite diário: 6+3 > 8
2025-12-18 09:34:41,032 - src.logic - DEBUG - Worker Tech_07 excederia limite diário: 6+3 > 8
2025-12-18 09:34:41,033 - src.logic - DEBUG - Worker Tech_08 excederia limite diário: 6+3 > 8
2025-12-18 09:34:41,033 - src.logic - DEBUG - Worker Tech_10 excederia limite diário: 7+3 > 8
2025-12-18 09:34:41,033 - src.logic - DEBUG - Worker Tech_06 excederia limite diário: 6+3 > 8
2025-12-18 09:34:41,033 - src.logic - DEBUG - Worker Tech_07 excederia limite diário: 6+3 > 8
2025-12-18 09:34:41,033 - src.logic - DEBUG - Worker Tech_08 excederia limite diário: 6+3 > 8
2025-12-18 09:34:41,033 - src.logic - DEBUG - Worker Tech_10 excederia limite diário: 7+3 > 8
2025-12-18 09:34:41,033 - src.logic - DEBUG - Worker Tech_05 ocupado em 18-20
2025-12-18 09:34:41,034 - src.logic - DEBUG - Worker Tech_07 ocupado em 18-20
2025-12-18 09:34:41,034 - src.logic - DEBUG - Worker Tech_05 ocupado em 42-44
2025-12-18 09:34:41,034 - src.logic - DEBUG - Worker Tech_07 ocupado em 42-44
2025-12-18 09:34:41,035 - src.logic - DEBUG - Server DEV_Email_01 ocupado em 66-68
2025-12-18 09:34:41,035 - src.logic - DEBUG - Server DEV_Email_01 ocupado em 66-68
2025-12-18 09:34:41,035 - src.logic - DEBUG - Worker Tech_05 ocupado em 90-92
2025-12-18 09:34:41,035 - src.logic - DEBUG - Worker Tech_07 ocupado em 90-92
2025-12-18 09:34:41,036 - src.logic - DEBUG - Worker Tech_05 ocupado em 114-116
2025-12-18 09:34:41,036 - src.logic - DEBUG - Worker Tech_07 ocupado em 114-116
2025-12-18 09:34:41,037 - src.logic - DEBUG - Worker Tech_01 ocupado em 128-131
2025-12-18 09:34:41,037 - src.logic - DEBUG - Worker Tech_04 ocupado em 128-131
2025-12-18 09:34:41,037 - src.logic - DEBUG - Worker Tech_05 ocupado em 128-131
2025-12-18 09:34:41,037 - src.logic - DEBUG - Worker Tech_06 ocupado em 128-131
2025-12-18 09:34:41,037 - src.logic - DEBUG - Worker Tech_07 ocupado em 128-131
2025-12-18 09:34:41,037 - src.logic - DEBUG - Worker Tech_08 ocupado em 128-131
2025-12-18 09:34:41,037 - src.logic - DEBUG - Worker Tech_09 ocupado em 128-131
2025-12-18 09:34:41,038 - src.logic - DEBUG - Worker Tech_10 ocupado em 128-131
2025-12-18 09:34:41,038 - src.logic - DEBUG - Worker Tech_01 ocupado em 128-131
2025-12-18 09:34:41,038 - src.logic - DEBUG - Worker Tech_04 ocupado em 128-131
2025-12-18 09:34:41,038 - src.logic - DEBUG - Worker Tech_05 ocupado em 128-131
2025-12-18 09:34:41,038 - src.logic - DEBUG - Worker Tech_06 ocupado em 128-131
2025-12-18 09:34:41,038 - src.logic - DEBUG - Worker Tech_07 ocupado em 128-131
2025-12-18 09:34:41,039 - src.logic - DEBUG - Worker Tech_08 ocupado em 128-131
2025-12-18 09:34:41,039 - src.logic - DEBUG - Worker Tech_09 ocupado em 128-131
2025-12-18 09:34:41,039 - src.logic - DEBUG - Worker Tech_10 ocupado em 128-131
2025-12-18 09:34:41,039 - src.logic - DEBUG - Worker Tech_01 ocupado em 128-131
2025-12-18 09:34:41,039 - src.logic - DEBUG - Worker Tech_03 ocupado em 130-133
2025-12-18 09:34:41,039 - src.logic - DEBUG - Worker Tech_04 ocupado em 128-131
2025-12-18 09:34:41,039 - src.logic - DEBUG - Worker Tech_05 ocupado em 128-131
2025-12-18 09:34:41,040 - src.logic - DEBUG - Worker Tech_06 ocupado em 128-131
2025-12-18 09:34:41,040 - src.logic - DEBUG - Worker Tech_07 ocupado em 128-131
2025-12-18 09:34:41,040 - src.logic - DEBUG - Worker Tech_08 ocupado em 128-131
2025-12-18 09:34:41,040 - src.logic - DEBUG - Worker Tech_09 ocupado em 128-131
2025-12-18 09:34:41,040 - src.logic - DEBUG - Worker Tech_10 ocupado em 128-131
2025-12-18 09:34:41,040 - src.logic - DEBUG - Worker Tech_01 ocupado em 131-134
2025-12-18 09:34:41,040 - src.logic - DEBUG - Worker Tech_03 ocupado em 130-133
2025-12-18 09:34:41,041 - src.logic - DEBUG - Worker Tech_04 excederia limite diário: 7+2 > 8
2025-12-18 09:34:41,041 - src.logic - DEBUG - Worker Tech_05 ocupado em 131-134
2025-12-18 09:34:41,041 - src.logic - DEBUG - Worker Tech_06 ocupado em 131-134
2025-12-18 09:34:41,041 - src.logic - DEBUG - Worker Tech_07 ocupado em 131-134
2025-12-18 09:34:41,041 - src.logic - DEBUG - Worker Tech_08 ocupado em 131-134
2025-12-18 09:34:41,041 - src.logic - DEBUG - Worker Tech_09 ocupado em 131-133
2025-12-18 09:34:41,041 - src.logic - DEBUG - Worker Tech_10 ocupado em 131-133
2025-12-18 09:34:41,041 - src.logic - DEBUG - Worker Tech_01 ocupado em 131-134
2025-12-18 09:34:41,041 - src.logic - DEBUG - Worker Tech_03 ocupado em 130-133
2025-12-18 09:34:41,042 - src.logic - DEBUG - Worker Tech_04 excederia limite diário: 7+2 > 8
2025-12-18 09:34:41,042 - src.logic - DEBUG - Worker Tech_05 ocupado em 131-134
2025-12-18 09:34:41,042 - src.logic - DEBUG - Worker Tech_06 ocupado em 131-134
2025-12-18 09:34:41,042 - src.logic - DEBUG - Worker Tech_07 ocupado em 131-134
2025-12-18 09:34:41,042 - src.logic - DEBUG - Worker Tech_08 ocupado em 131-134
2025-12-18 09:34:41,042 - src.logic - DEBUG - Worker Tech_09 ocupado em 131-133
2025-12-18 09:34:41,043 - src.logic - DEBUG - Worker Tech_10 ocupado em 131-133
2025-12-18 09:34:41,043 - src.logic - DEBUG - Worker Tech_01 ocupado em 131-134
2025-12-18 09:34:41,043 - src.logic - DEBUG - Worker Tech_04 excederia limite diário: 7+2 > 8
2025-12-18 09:34:41,043 - src.logic - DEBUG - Worker Tech_05 ocupado em 131-134
2025-12-18 09:34:41,043 - src.logic - DEBUG - Worker Tech_06 ocupado em 131-134
2025-12-18 09:34:41,043 - src.logic - DEBUG - Worker Tech_07 ocupado em 131-134
2025-12-18 09:34:41,043 - src.logic - DEBUG - Worker Tech_08 ocupado em 131-134
2025-12-18 09:34:41,044 - src.logic - DEBUG - Worker Tech_09 ocupado em 133-134
2025-12-18 09:34:41,044 - src.logic - DEBUG - Worker Tech_10 ocupado em 133-134
2025-12-18 09:34:41,044 - src.logic - DEBUG - Worker Tech_01 excederia limite diário: 8+2 > 8
2025-12-18 09:34:41,044 - src.logic - DEBUG - Worker Tech_04 ocupado em 135-139
2025-12-18 09:34:41,044 - src.logic - DEBUG - Worker Tech_05 excederia limite diário: 8+2 > 8
2025-12-18 09:34:41,044 - src.logic - DEBUG - Worker Tech_06 excederia limite diário: 8+2 > 8
2025-12-18 09:34:41,045 - src.logic - DEBUG - Worker Tech_07 excederia limite diário: 8+2 > 8
2025-12-18 09:34:41,045 - src.logic - DEBUG - Worker Tech_08 excederia limite diário: 8+2 > 8
2025-12-18 09:34:41,045 - src.logic - DEBUG - Worker Tech_09 excederia limite diário: 8+2 > 8
2025-12-18 09:34:41,045 - src.logic - DEBUG - Worker Tech_10 excederia limite diário: 8+2 > 8
2025-12-18 09:34:41,045 - src.logic - DEBUG - Worker Tech_01 excederia limite diário: 8+2 > 8
2025-12-18 09:34:41,046 - src.logic - DEBUG - Worker Tech_03 ocupado em 135-139
2025-12-18 09:34:41,046 - src.logic - DEBUG - Worker Tech_04 ocupado em 135-139
2025-12-18 09:34:41,046 - src.logic - DEBUG - Worker Tech_05 excederia limite diário: 8+2 > 8
2025-12-18 09:34:41,046 - src.logic - DEBUG - Worker Tech_06 excederia limite diário: 8+2 > 8
2025-12-18 09:34:41,046 - src.logic - DEBUG - Worker Tech_07 excederia limite diário: 8+2 > 8
2025-12-18 09:34:41,046 - src.logic - DEBUG - Worker Tech_08 excederia limite diário: 8+2 > 8
2025-12-18 09:34:41,046 - src.logic - DEBUG - Worker Tech_09 excederia limite diário: 8+2 > 8
2025-12-18 09:34:41,046 - src.logic - DEBUG - Worker Tech_10 excederia limite diário: 8+2 > 8
2025-12-18 09:34:41,046 - src.logic - DEBUG - Worker Tech_01 excederia limite diário: 8+2 > 8
2025-12-18 09:34:41,047 - src.logic - DEBUG - Worker Tech_03 ocupado em 135-139
2025-12-18 09:34:41,047 - src.logic - DEBUG - Worker Tech_04 ocupado em 135-139
2025-12-18 09:34:41,047 - src.logic - DEBUG - Worker Tech_05 excederia limite diário: 8+2 > 8
2025-12-18 09:34:41,047 - src.logic - DEBUG - Worker Tech_06 excederia limite diário: 8+2 > 8
2025-12-18 09:34:41,047 - src.logic - DEBUG - Worker Tech_07 excederia limite diário: 8+2 > 8
2025-12-18 09:34:41,047 - src.logic - DEBUG - Worker Tech_08 excederia limite diário: 8+2 > 8
2025-12-18 09:34:41,047 - src.logic - DEBUG - Worker Tech_09 excederia limite diário: 8+2 > 8
2025-12-18 09:34:41,047 - src.logic - DEBUG - Worker Tech_10 excederia limite diário: 8+2 > 8
2025-12-18 09:34:41,047 - src.logic - DEBUG - Worker Tech_01 excederia limite diário: 8+2 > 8
2025-12-18 09:34:41,048 - src.logic - DEBUG - Worker Tech_03 ocupado em 135-139
2025-12-18 09:34:41,048 - src.logic - DEBUG - Worker Tech_04 ocupado em 135-139
2025-12-18 09:34:41,048 - src.logic - DEBUG - Worker Tech_05 excederia limite diário: 8+2 > 8
2025-12-18 09:34:41,048 - src.logic - DEBUG - Worker Tech_06 excederia limite diário: 8+2 > 8
2025-12-18 09:34:41,048 - src.logic - DEBUG - Worker Tech_07 excederia limite diário: 8+2 > 8
2025-12-18 09:34:41,048 - src.logic - DEBUG - Worker Tech_08 excederia limite diário: 8+2 > 8
2025-12-18 09:34:41,048 - src.logic - DEBUG - Worker Tech_09 excederia limite diário: 8+2 > 8
2025-12-18 09:34:41,048 - src.logic - DEBUG - Worker Tech_10 excederia limite diário: 8+2 > 8
2025-12-18 09:34:41,048 - src.logic - DEBUG - Worker Tech_01 excederia limite diário: 8+2 > 8
2025-12-18 09:34:41,049 - src.logic - DEBUG - Worker Tech_04 ocupado em 135-139
2025-12-18 09:34:41,049 - src.logic - DEBUG - Worker Tech_05 excederia limite diário: 8+2 > 8
2025-12-18 09:34:41,049 - src.logic - DEBUG - Worker Tech_06 excederia limite diário: 8+2 > 8
2025-12-18 09:34:41,049 - src.logic - DEBUG - Worker Tech_07 excederia limite diário: 8+2 > 8
2025-12-18 09:34:41,049 - src.logic - DEBUG - Worker Tech_08 excederia limite diário: 8+2 > 8
2025-12-18 09:34:41,049 - src.logic - DEBUG - Worker Tech_09 excederia limite diário: 8+2 > 8
2025-12-18 09:34:41,049 - src.logic - DEBUG - Worker Tech_10 excederia limite diário: 8+2 > 8
2025-12-18 09:34:41,049 - src.logic - DEBUG - Worker Tech_01 excederia limite diário: 8+2 > 8
2025-12-18 09:34:41,050 - src.logic - DEBUG - Worker Tech_04 excederia limite diário: 7+2 > 8
2025-12-18 09:34:41,050 - src.logic - DEBUG - Worker Tech_05 excederia limite diário: 8+2 > 8
2025-12-18 09:34:41,050 - src.logic - DEBUG - Worker Tech_06 excederia limite diário: 8+2 > 8
2025-12-18 09:34:41,050 - src.logic - DEBUG - Worker Tech_07 excederia limite diário: 8+2 > 8
2025-12-18 09:34:41,050 - src.logic - DEBUG - Worker Tech_08 excederia limite diário: 8+2 > 8
2025-12-18 09:34:41,051 - src.logic - DEBUG - Worker Tech_09 excederia limite diário: 8+2 > 8
2025-12-18 09:34:41,051 - src.logic - DEBUG - Worker Tech_10 excederia limite diário: 8+2 > 8
2025-12-18 09:34:41,051 - src.logic - DEBUG - Worker Tech_01 excederia limite diário: 8+2 > 8
2025-12-18 09:34:41,051 - src.logic - DEBUG - Worker Tech_04 excederia limite diário: 7+2 > 8
2025-12-18 09:34:41,051 - src.logic - DEBUG - Worker Tech_05 excederia limite diário: 8+2 > 8
2025-12-18 09:34:41,051 - src.logic - DEBUG - Worker Tech_06 excederia limite diário: 8+2 > 8
2025-12-18 09:34:41,051 - src.logic - DEBUG - Worker Tech_07 excederia limite diário: 8+2 > 8
2025-12-18 09:34:41,052 - src.logic - DEBUG - Worker Tech_08 excederia limite diário: 8+2 > 8
2025-12-18 09:34:41,052 - src.logic - DEBUG - Worker Tech_09 excederia limite diário: 8+2 > 8
2025-12-18 09:34:41,052 - src.logic - DEBUG - Worker Tech_10 excederia limite diário: 8+2 > 8
2025-12-18 09:34:41,052 - src.logic - DEBUG - Worker Tech_01 excederia limite diário: 8+2 > 8
2025-12-18 09:34:41,052 - src.logic - DEBUG - Worker Tech_04 excederia limite diário: 7+2 > 8
2025-12-18 09:34:41,052 - src.logic - DEBUG - Worker Tech_05 excederia limite diário: 8+2 > 8
2025-12-18 09:34:41,052 - src.logic - DEBUG - Worker Tech_06 excederia limite diário: 8+2 > 8
2025-12-18 09:34:41,052 - src.logic - DEBUG - Worker Tech_07 excederia limite diário: 8+2 > 8
2025-12-18 09:34:41,053 - src.logic - DEBUG - Worker Tech_08 excederia limite diário: 8+2 > 8
2025-12-18 09:34:41,053 - src.logic - DEBUG - Worker Tech_09 excederia limite diário: 8+2 > 8
2025-12-18 09:34:41,053 - src.logic - DEBUG - Worker Tech_10 excederia limite diário: 8+2 > 8
2025-12-18 09:34:41,053 - src.logic - DEBUG - Worker Tech_04 ocupado em 152-154
2025-12-18 09:34:41,053 - src.logic - DEBUG - Worker Tech_06 ocupado em 152-156
2025-12-18 09:34:41,053 - src.logic - DEBUG - Worker Tech_07 ocupado em 152-156
2025-12-18 09:34:41,053 - src.logic - DEBUG - Worker Tech_08 ocupado em 152-154
2025-12-18 09:34:41,054 - src.logic - DEBUG - Worker Tech_10 ocupado em 152-154
2025-12-18 09:34:41,054 - src.logic - DEBUG - Server DEV_Email_01 ocupado em 154-157
2025-12-18 09:34:41,054 - src.logic - DEBUG - Server DEV_Email_01 ocupado em 154-157
2025-12-18 09:34:41,054 - src.logic - DEBUG - Server DEV_Email_01 ocupado em 154-157
2025-12-18 09:34:41,054 - src.logic - DEBUG - Server DEV_Email_01 ocupado em 154-157
2025-12-18 09:34:41,054 - src.logic - DEBUG - Worker Tech_04 ocupado em 157-160
2025-12-18 09:34:41,054 - src.logic - DEBUG - Worker Tech_10 ocupado em 157-160
2025-12-18 09:34:41,054 - src.planner - DEBUG - Server DEV_Email_01 reservado: 157h-159h (dia 6)
2025-12-18 09:34:41,055 - src.planner - DEBUG - Worker Tech_06 reservado: 157h-159h (dia 6)
2025-12-18 09:34:41,055 - src.logic - DEBUG - Worker Tech_05 ocupado em 18-20
2025-12-18 09:34:41,055 - src.logic - DEBUG - Worker Tech_07 ocupado em 18-20
2025-12-18 09:34:41,056 - src.logic - DEBUG - Worker Tech_05 ocupado em 42-44
2025-12-18 09:34:41,056 - src.logic - DEBUG - Worker Tech_07 ocupado em 42-44
2025-12-18 09:34:41,056 - src.logic - DEBUG - Server DEV_Email_02 ocupado em 66-68
2025-12-18 09:34:41,056 - src.logic - DEBUG - Server DEV_Email_02 ocupado em 66-68
2025-12-18 09:34:41,057 - src.logic - DEBUG - Worker Tech_05 ocupado em 90-92
2025-12-18 09:34:41,057 - src.logic - DEBUG - Worker Tech_07 ocupado em 90-92
2025-12-18 09:34:41,057 - src.logic - DEBUG - Worker Tech_05 ocupado em 114-116
2025-12-18 09:34:41,058 - src.logic - DEBUG - Worker Tech_07 ocupado em 114-116
2025-12-18 09:34:41,058 - src.logic - DEBUG - Worker Tech_01 ocupado em 128-131
2025-12-18 09:34:41,058 - src.logic - DEBUG - Worker Tech_04 ocupado em 128-131
2025-12-18 09:34:41,058 - src.logic - DEBUG - Worker Tech_05 ocupado em 128-131
2025-12-18 09:34:41,059 - src.logic - DEBUG - Worker Tech_06 ocupado em 128-131
2025-12-18 09:34:41,059 - src.logic - DEBUG - Worker Tech_07 ocupado em 128-131
2025-12-18 09:34:41,059 - src.logic - DEBUG - Worker Tech_08 ocupado em 128-131
2025-12-18 09:34:41,059 - src.logic - DEBUG - Worker Tech_09 ocupado em 128-131
2025-12-18 09:34:41,059 - src.logic - DEBUG - Worker Tech_10 ocupado em 128-131
2025-12-18 09:34:41,060 - src.logic - DEBUG - Worker Tech_01 ocupado em 128-131
2025-12-18 09:34:41,060 - src.logic - DEBUG - Worker Tech_04 ocupado em 128-131
2025-12-18 09:34:41,060 - src.logic - DEBUG - Worker Tech_05 ocupado em 128-131
2025-12-18 09:34:41,060 - src.logic - DEBUG - Worker Tech_06 ocupado em 128-131
2025-12-18 09:34:41,060 - src.logic - DEBUG - Worker Tech_07 ocupado em 128-131
2025-12-18 09:34:41,061 - src.logic - DEBUG - Worker Tech_08 ocupado em 128-131
2025-12-18 09:34:41,061 - src.logic - DEBUG - Worker Tech_09 ocupado em 128-131
2025-12-18 09:34:41,061 - src.logic - DEBUG - Worker Tech_10 ocupado em 128-131
2025-12-18 09:34:41,061 - src.logic - DEBUG - Worker Tech_01 ocupado em 128-131
2025-12-18 09:34:41,061 - src.logic - DEBUG - Worker Tech_03 ocupado em 130-133
2025-12-18 09:34:41,061 - src.logic - DEBUG - Worker Tech_04 ocupado em 128-131
2025-12-18 09:34:41,061 - src.logic - DEBUG - Worker Tech_05 ocupado em 128-131
2025-12-18 09:34:41,062 - src.logic - DEBUG - Worker Tech_06 ocupado em 128-131
2025-12-18 09:34:41,062 - src.logic - DEBUG - Worker Tech_07 ocupado em 128-131
2025-12-18 09:34:41,062 - src.logic - DEBUG - Worker Tech_08 ocupado em 128-131
2025-12-18 09:34:41,062 - src.logic - DEBUG - Worker Tech_09 ocupado em 128-131
2025-12-18 09:34:41,063 - src.logic - DEBUG - Worker Tech_10 ocupado em 128-131
2025-12-18 09:34:41,063 - src.logic - DEBUG - Worker Tech_01 ocupado em 131-134
2025-12-18 09:34:41,063 - src.logic - DEBUG - Worker Tech_03 ocupado em 130-133
2025-12-18 09:34:41,063 - src.logic - DEBUG - Worker Tech_04 excederia limite diário: 7+2 > 8
2025-12-18 09:34:41,063 - src.logic - DEBUG - Worker Tech_05 ocupado em 131-134
2025-12-18 09:34:41,063 - src.logic - DEBUG - Worker Tech_06 ocupado em 131-134
2025-12-18 09:34:41,063 - src.logic - DEBUG - Worker Tech_07 ocupado em 131-134
2025-12-18 09:34:41,063 - src.logic - DEBUG - Worker Tech_08 ocupado em 131-134
2025-12-18 09:34:41,063 - src.logic - DEBUG - Worker Tech_09 ocupado em 131-133
2025-12-18 09:34:41,064 - src.logic - DEBUG - Worker Tech_10 ocupado em 131-133
2025-12-18 09:34:41,064 - src.logic - DEBUG - Worker Tech_01 ocupado em 131-134
2025-12-18 09:34:41,064 - src.logic - DEBUG - Worker Tech_03 ocupado em 130-133
2025-12-18 09:34:41,064 - src.logic - DEBUG - Worker Tech_04 excederia limite diário: 7+2 > 8
2025-12-18 09:34:41,064 - src.logic - DEBUG - Worker Tech_05 ocupado em 131-134
2025-12-18 09:34:41,064 - src.logic - DEBUG - Worker Tech_06 ocupado em 131-134
2025-12-18 09:34:41,064 - src.logic - DEBUG - Worker Tech_07 ocupado em 131-134
2025-12-18 09:34:41,064 - src.logic - DEBUG - Worker Tech_08 ocupado em 131-134
2025-12-18 09:34:41,064 - src.logic - DEBUG - Worker Tech_09 ocupado em 131-133
2025-12-18 09:34:41,065 - src.logic - DEBUG - Worker Tech_10 ocupado em 131-133
2025-12-18 09:34:41,065 - src.logic - DEBUG - Worker Tech_01 ocupado em 131-134
2025-12-18 09:34:41,065 - src.logic - DEBUG - Worker Tech_04 excederia limite diário: 7+2 > 8
2025-12-18 09:34:41,065 - src.logic - DEBUG - Worker Tech_05 ocupado em 131-134
2025-12-18 09:34:41,065 - src.logic - DEBUG - Worker Tech_06 ocupado em 131-134
2025-12-18 09:34:41,065 - src.logic - DEBUG - Worker Tech_07 ocupado em 131-134
2025-12-18 09:34:41,065 - src.logic - DEBUG - Worker Tech_08 ocupado em 131-134
2025-12-18 09:34:41,065 - src.logic - DEBUG - Worker Tech_09 ocupado em 133-134
2025-12-18 09:34:41,065 - src.logic - DEBUG - Worker Tech_10 ocupado em 133-134
2025-12-18 09:34:41,066 - src.logic - DEBUG - Worker Tech_01 excederia limite diário: 8+2 > 8
2025-12-18 09:34:41,066 - src.logic - DEBUG - Worker Tech_04 ocupado em 135-139
2025-12-18 09:34:41,066 - src.logic - DEBUG - Worker Tech_05 excederia limite diário: 8+2 > 8
2025-12-18 09:34:41,066 - src.logic - DEBUG - Worker Tech_06 excederia limite diário: 8+2 > 8
2025-12-18 09:34:41,066 - src.logic - DEBUG - Worker Tech_07 excederia limite diário: 8+2 > 8
2025-12-18 09:34:41,066 - src.logic - DEBUG - Worker Tech_08 excederia limite diário: 8+2 > 8
2025-12-18 09:34:41,066 - src.logic - DEBUG - Worker Tech_09 excederia limite diário: 8+2 > 8
2025-12-18 09:34:41,069 - src.logic - DEBUG - Worker Tech_10 excederia limite diário: 8+2 > 8
2025-12-18 09:34:41,071 - src.logic - DEBUG - Worker Tech_01 excederia limite diário: 8+2 > 8
2025-12-18 09:34:41,071 - src.logic - DEBUG - Worker Tech_03 ocupado em 135-139
2025-12-18 09:34:41,071 - src.logic - DEBUG - Worker Tech_04 ocupado em 135-139
2025-12-18 09:34:41,071 - src.logic - DEBUG - Worker Tech_05 excederia limite diário: 8+2 > 8
2025-12-18 09:34:41,071 - src.logic - DEBUG - Worker Tech_06 excederia limite diário: 8+2 > 8
2025-12-18 09:34:41,071 - src.logic - DEBUG - Worker Tech_07 excederia limite diário: 8+2 > 8
2025-12-18 09:34:41,072 - src.logic - DEBUG - Worker Tech_08 excederia limite diário: 8+2 > 8
2025-12-18 09:34:41,072 - src.logic - DEBUG - Worker Tech_09 excederia limite diário: 8+2 > 8
2025-12-18 09:34:41,072 - src.logic - DEBUG - Worker Tech_10 excederia limite diário: 8+2 > 8
2025-12-18 09:34:41,072 - src.logic - DEBUG - Worker Tech_01 excederia limite diário: 8+2 > 8
2025-12-18 09:34:41,134 - src.logic - DEBUG - Worker Tech_03 ocupado em 135-139
2025-12-18 09:34:41,134 - src.logic - DEBUG - Worker Tech_04 ocupado em 135-139
2025-12-18 09:34:41,135 - src.logic - DEBUG - Worker Tech_05 excederia limite diário: 8+2 > 8
2025-12-18 09:34:41,135 - src.logic - DEBUG - Worker Tech_06 excederia limite diário: 8+2 > 8
2025-12-18 09:34:41,135 - src.logic - DEBUG - Worker Tech_07 excederia limite diário: 8+2 > 8
2025-12-18 09:34:41,135 - src.logic - DEBUG - Worker Tech_08 excederia limite diário: 8+2 > 8
2025-12-18 09:34:41,136 - src.logic - DEBUG - Worker Tech_09 excederia limite diário: 8+2 > 8
2025-12-18 09:34:41,136 - src.logic - DEBUG - Worker Tech_10 excederia limite diário: 8+2 > 8
2025-12-18 09:34:41,136 - src.logic - DEBUG - Worker Tech_01 excederia limite diário: 8+2 > 8
2025-12-18 09:34:41,136 - src.logic - DEBUG - Worker Tech_03 ocupado em 135-139
2025-12-18 09:34:41,136 - src.logic - DEBUG - Worker Tech_04 ocupado em 135-139
2025-12-18 09:34:41,137 - src.logic - DEBUG - Worker Tech_05 excederia limite diário: 8+2 > 8
2025-12-18 09:34:41,137 - src.logic - DEBUG - Worker Tech_06 excederia limite diário: 8+2 > 8
2025-12-18 09:34:41,137 - src.logic - DEBUG - Worker Tech_07 excederia limite diário: 8+2 > 8
2025-12-18 09:34:41,137 - src.logic - DEBUG - Worker Tech_08 excederia limite diário: 8+2 > 8
2025-12-18 09:34:41,138 - src.logic - DEBUG - Worker Tech_09 excederia limite diário: 8+2 > 8
2025-12-18 09:34:41,138 - src.logic - DEBUG - Worker Tech_10 excederia limite diário: 8+2 > 8
2025-12-18 09:34:41,138 - src.logic - DEBUG - Worker Tech_01 excederia limite diário: 8+2 > 8
2025-12-18 09:34:41,138 - src.logic - DEBUG - Worker Tech_04 ocupado em 135-139
2025-12-18 09:34:41,138 - src.logic - DEBUG - Worker Tech_05 excederia limite diário: 8+2 > 8
2025-12-18 09:34:41,138 - src.logic - DEBUG - Worker Tech_06 excederia limite diário: 8+2 > 8
2025-12-18 09:34:41,138 - src.logic - DEBUG - Worker Tech_07 excederia limite diário: 8+2 > 8
2025-12-18 09:34:41,138 - src.logic - DEBUG - Worker Tech_08 excederia limite diário: 8+2 > 8
2025-12-18 09:34:41,139 - src.logic - DEBUG - Worker Tech_09 excederia limite diário: 8+2 > 8
2025-12-18 09:34:41,139 - src.logic - DEBUG - Worker Tech_10 excederia limite diário: 8+2 > 8
2025-12-18 09:34:41,139 - src.logic - DEBUG - Worker Tech_01 excederia limite diário: 8+2 > 8
2025-12-18 09:34:41,139 - src.logic - DEBUG - Worker Tech_04 excederia limite diário: 7+2 > 8
2025-12-18 09:34:41,139 - src.logic - DEBUG - Worker Tech_05 excederia limite diário: 8+2 > 8
2025-12-18 09:34:41,139 - src.logic - DEBUG - Worker Tech_06 excederia limite diário: 8+2 > 8
2025-12-18 09:34:41,140 - src.logic - DEBUG - Worker Tech_07 excederia limite diário: 8+2 > 8
2025-12-18 09:34:41,140 - src.logic - DEBUG - Worker Tech_08 excederia limite diário: 8+2 > 8
2025-12-18 09:34:41,140 - src.logic - DEBUG - Worker Tech_09 excederia limite diário: 8+2 > 8
2025-12-18 09:34:41,140 - src.logic - DEBUG - Worker Tech_10 excederia limite diário: 8+2 > 8
2025-12-18 09:34:41,140 - src.logic - DEBUG - Worker Tech_01 excederia limite diário: 8+2 > 8
2025-12-18 09:34:41,140 - src.logic - DEBUG - Worker Tech_04 excederia limite diário: 7+2 > 8
2025-12-18 09:34:41,141 - src.logic - DEBUG - Worker Tech_05 excederia limite diário: 8+2 > 8
2025-12-18 09:34:41,141 - src.logic - DEBUG - Worker Tech_06 excederia limite diário: 8+2 > 8
2025-12-18 09:34:41,141 - src.logic - DEBUG - Worker Tech_07 excederia limite diário: 8+2 > 8
2025-12-18 09:34:41,141 - src.logic - DEBUG - Worker Tech_08 excederia limite diário: 8+2 > 8
2025-12-18 09:34:41,142 - src.logic - DEBUG - Worker Tech_09 excederia limite diário: 8+2 > 8
2025-12-18 09:34:41,143 - src.logic - DEBUG - Worker Tech_10 excederia limite diário: 8+2 > 8
2025-12-18 09:34:41,143 - src.logic - DEBUG - Worker Tech_01 excederia limite diário: 8+2 > 8
2025-12-18 09:34:41,143 - src.logic - DEBUG - Worker Tech_04 excederia limite diário: 7+2 > 8
2025-12-18 09:34:41,143 - src.logic - DEBUG - Worker Tech_05 excederia limite diário: 8+2 > 8
2025-12-18 09:34:41,144 - src.logic - DEBUG - Worker Tech_06 excederia limite diário: 8+2 > 8
2025-12-18 09:34:41,147 - src.logic - DEBUG - Worker Tech_07 excederia limite diário: 8+2 > 8
2025-12-18 09:34:41,148 - src.logic - DEBUG - Worker Tech_08 excederia limite diário: 8+2 > 8
2025-12-18 09:34:41,148 - src.logic - DEBUG - Worker Tech_09 excederia limite diário: 8+2 > 8
2025-12-18 09:34:41,148 - src.logic - DEBUG - Worker Tech_10 excederia limite diário: 8+2 > 8
2025-12-18 09:34:41,148 - src.logic - DEBUG - Worker Tech_04 ocupado em 152-154
2025-12-18 09:34:41,148 - src.logic - DEBUG - Worker Tech_06 ocupado em 152-156
2025-12-18 09:34:41,148 - src.logic - DEBUG - Worker Tech_07 ocupado em 152-156
2025-12-18 09:34:41,150 - src.logic - DEBUG - Worker Tech_08 ocupado em 152-154
2025-12-18 09:34:41,152 - src.logic - DEBUG - Worker Tech_10 ocupado em 152-154
2025-12-18 09:34:41,154 - src.logic - DEBUG - Worker Tech_04 ocupado em 152-154
2025-12-18 09:34:41,154 - src.logic - DEBUG - Worker Tech_06 ocupado em 152-156
2025-12-18 09:34:41,154 - src.logic - DEBUG - Worker Tech_07 ocupado em 152-156
2025-12-18 09:34:41,156 - src.logic - DEBUG - Worker Tech_08 ocupado em 152-154
2025-12-18 09:34:41,157 - src.logic - DEBUG - Worker Tech_10 ocupado em 152-154
2025-12-18 09:34:41,157 - src.logic - DEBUG - Worker Tech_03 ocupado em 154-157
2025-12-18 09:34:41,157 - src.logic - DEBUG - Worker Tech_04 ocupado em 154-157
2025-12-18 09:34:41,157 - src.logic - DEBUG - Worker Tech_06 ocupado em 152-156
2025-12-18 09:34:41,157 - src.logic - DEBUG - Worker Tech_07 ocupado em 152-156
2025-12-18 09:34:41,157 - src.logic - DEBUG - Worker Tech_08 ocupado em 154-156
2025-12-18 09:34:41,157 - src.logic - DEBUG - Worker Tech_10 excederia limite diário: 7+2 > 8
2025-12-18 09:34:41,157 - src.logic - DEBUG - Worker Tech_03 ocupado em 154-157
2025-12-18 09:34:41,158 - src.logic - DEBUG - Worker Tech_04 ocupado em 154-157
2025-12-18 09:34:41,158 - src.logic - DEBUG - Worker Tech_06 ocupado em 152-156
2025-12-18 09:34:41,158 - src.logic - DEBUG - Worker Tech_07 ocupado em 152-156
2025-12-18 09:34:41,160 - src.logic - DEBUG - Worker Tech_08 ocupado em 154-156
2025-12-18 09:34:41,160 - src.logic - DEBUG - Worker Tech_10 excederia limite diário: 7+2 > 8
2025-12-18 09:34:41,160 - src.logic - DEBUG - Server DEV_Email_02 ocupado em 157-160
2025-12-18 09:34:41,160 - src.logic - DEBUG - Server DEV_Email_02 ocupado em 157-160
2025-12-18 09:34:41,160 - src.logic - DEBUG - Server DEV_Email_02 ocupado em 157-160
2025-12-18 09:34:41,160 - src.logic - DEBUG - Server DEV_Email_02 ocupado em 157-160
2025-12-18 09:34:41,160 - src.logic - DEBUG - Worker Tech_04 excederia limite diário: 8+2 > 8
2025-12-18 09:34:41,160 - src.logic - DEBUG - Worker Tech_06 excederia limite diário: 8+2 > 8
2025-12-18 09:34:41,161 - src.logic - DEBUG - Worker Tech_10 excederia limite diário: 7+2 > 8
2025-12-18 09:34:41,161 - src.planner - DEBUG - Server DEV_Email_02 reservado: 160h-162h (dia 6)
2025-12-18 09:34:41,161 - src.planner - DEBUG - Worker Tech_03 reservado: 160h-162h (dia 6)
2025-12-18 09:34:41,161 - src.logic - DEBUG - Server TEST_Email_01 ocupado em 126-128
2025-12-18 09:34:41,161 - src.logic - DEBUG - Server TEST_Email_01 ocupado em 126-128
2025-12-18 09:34:41,162 - src.logic - DEBUG - Worker Tech_01 ocupado em 128-131
2025-12-18 09:34:41,162 - src.logic - DEBUG - Worker Tech_05 ocupado em 128-131
2025-12-18 09:34:41,162 - src.logic - DEBUG - Worker Tech_06 ocupado em 128-131
2025-12-18 09:34:41,162 - src.logic - DEBUG - Worker Tech_07 ocupado em 128-131
2025-12-18 09:34:41,162 - src.logic - DEBUG - Worker Tech_08 ocupado em 128-131
2025-12-18 09:34:41,163 - src.logic - DEBUG - Worker Tech_09 ocupado em 128-131
2025-12-18 09:34:41,178 - src.logic - DEBUG - Worker Tech_10 ocupado em 128-131
2025-12-18 09:34:41,179 - src.logic - DEBUG - Worker Tech_01 ocupado em 128-131
2025-12-18 09:34:41,179 - src.logic - DEBUG - Worker Tech_05 ocupado em 128-131
2025-12-18 09:34:41,179 - src.logic - DEBUG - Worker Tech_06 ocupado em 128-131
2025-12-18 09:34:41,180 - src.logic - DEBUG - Worker Tech_07 ocupado em 128-131
2025-12-18 09:34:41,180 - src.logic - DEBUG - Worker Tech_08 ocupado em 128-131
2025-12-18 09:34:41,180 - src.logic - DEBUG - Worker Tech_09 ocupado em 128-131
2025-12-18 09:34:41,180 - src.logic - DEBUG - Worker Tech_10 ocupado em 128-131
2025-12-18 09:34:41,180 - src.logic - DEBUG - Worker Tech_01 ocupado em 128-131
2025-12-18 09:34:41,180 - src.logic - DEBUG - Worker Tech_05 ocupado em 128-131
2025-12-18 09:34:41,181 - src.logic - DEBUG - Worker Tech_06 ocupado em 128-131
2025-12-18 09:34:41,181 - src.logic - DEBUG - Worker Tech_07 ocupado em 128-131
2025-12-18 09:34:41,181 - src.logic - DEBUG - Worker Tech_08 ocupado em 128-131
2025-12-18 09:34:41,181 - src.logic - DEBUG - Worker Tech_09 ocupado em 128-131
2025-12-18 09:34:41,181 - src.logic - DEBUG - Worker Tech_10 ocupado em 128-131
2025-12-18 09:34:41,182 - src.logic - DEBUG - Worker Tech_01 ocupado em 131-134
2025-12-18 09:34:41,182 - src.logic - DEBUG - Worker Tech_05 ocupado em 131-134
2025-12-18 09:34:41,182 - src.logic - DEBUG - Worker Tech_06 ocupado em 131-134
2025-12-18 09:34:41,182 - src.logic - DEBUG - Worker Tech_07 ocupado em 131-134
2025-12-18 09:34:41,182 - src.logic - DEBUG - Worker Tech_08 ocupado em 131-134
2025-12-18 09:34:41,182 - src.logic - DEBUG - Worker Tech_09 ocupado em 131-133
2025-12-18 09:34:41,182 - src.logic - DEBUG - Worker Tech_10 ocupado em 131-133
2025-12-18 09:34:41,182 - src.logic - DEBUG - Worker Tech_01 ocupado em 131-134
2025-12-18 09:34:41,182 - src.logic - DEBUG - Worker Tech_05 ocupado em 131-134
2025-12-18 09:34:41,182 - src.logic - DEBUG - Worker Tech_06 ocupado em 131-134
2025-12-18 09:34:41,182 - src.logic - DEBUG - Worker Tech_07 ocupado em 131-134
2025-12-18 09:34:41,183 - src.logic - DEBUG - Worker Tech_08 ocupado em 131-134
2025-12-18 09:34:41,183 - src.logic - DEBUG - Worker Tech_09 ocupado em 131-133
2025-12-18 09:34:41,183 - src.logic - DEBUG - Worker Tech_10 ocupado em 131-133
2025-12-18 09:34:41,183 - src.logic - DEBUG - Worker Tech_01 ocupado em 131-134
2025-12-18 09:34:41,183 - src.logic - DEBUG - Worker Tech_05 ocupado em 131-134
2025-12-18 09:34:41,183 - src.logic - DEBUG - Worker Tech_06 ocupado em 131-134
2025-12-18 09:34:41,183 - src.logic - DEBUG - Worker Tech_07 ocupado em 131-134
2025-12-18 09:34:41,183 - src.logic - DEBUG - Worker Tech_08 ocupado em 131-134
2025-12-18 09:34:41,183 - src.logic - DEBUG - Worker Tech_09 ocupado em 133-134
2025-12-18 09:34:41,183 - src.logic - DEBUG - Worker Tech_10 ocupado em 133-134
2025-12-18 09:34:41,183 - src.logic - DEBUG - Worker Tech_01 excederia limite diário: 8+2 > 8
2025-12-18 09:34:41,183 - src.logic - DEBUG - Worker Tech_05 excederia limite diário: 8+2 > 8
2025-12-18 09:34:41,184 - src.logic - DEBUG - Worker Tech_06 excederia limite diário: 8+2 > 8
2025-12-18 09:34:41,184 - src.logic - DEBUG - Worker Tech_07 excederia limite diário: 8+2 > 8
2025-12-18 09:34:41,184 - src.logic - DEBUG - Worker Tech_08 excederia limite diário: 8+2 > 8
2025-12-18 09:34:41,184 - src.logic - DEBUG - Worker Tech_09 excederia limite diário: 8+2 > 8
2025-12-18 09:34:41,184 - src.logic - DEBUG - Worker Tech_10 excederia limite diário: 8+2 > 8
2025-12-18 09:34:41,184 - src.logic - DEBUG - Worker Tech_01 excederia limite diário: 8+2 > 8
2025-12-18 09:34:41,184 - src.logic - DEBUG - Worker Tech_05 excederia limite diário: 8+2 > 8
2025-12-18 09:34:41,184 - src.logic - DEBUG - Worker Tech_06 excederia limite diário: 8+2 > 8
2025-12-18 09:34:41,184 - src.logic - DEBUG - Worker Tech_07 excederia limite diário: 8+2 > 8
2025-12-18 09:34:41,184 - src.logic - DEBUG - Worker Tech_08 excederia limite diário: 8+2 > 8
2025-12-18 09:34:41,185 - src.logic - DEBUG - Worker Tech_09 excederia limite diário: 8+2 > 8
2025-12-18 09:34:41,185 - src.logic - DEBUG - Worker Tech_10 excederia limite diário: 8+2 > 8
2025-12-18 09:34:41,185 - src.logic - DEBUG - Worker Tech_01 excederia limite diário: 8+2 > 8
2025-12-18 09:34:41,185 - src.logic - DEBUG - Worker Tech_05 excederia limite diário: 8+2 > 8
2025-12-18 09:34:41,185 - src.logic - DEBUG - Worker Tech_06 excederia limite diário: 8+2 > 8
2025-12-18 09:34:41,185 - src.logic - DEBUG - Worker Tech_07 excederia limite diário: 8+2 > 8
2025-12-18 09:34:41,185 - src.logic - DEBUG - Worker Tech_08 excederia limite diário: 8+2 > 8
2025-12-18 09:34:41,185 - src.logic - DEBUG - Worker Tech_09 excederia limite diário: 8+2 > 8
2025-12-18 09:34:41,185 - src.logic - DEBUG - Worker Tech_10 excederia limite diário: 8+2 > 8
2025-12-18 09:34:41,185 - src.logic - DEBUG - Worker Tech_01 excederia limite diário: 8+2 > 8
2025-12-18 09:34:41,186 - src.logic - DEBUG - Worker Tech_05 excederia limite diário: 8+2 > 8
2025-12-18 09:34:41,186 - src.logic - DEBUG - Worker Tech_06 excederia limite diário: 8+2 > 8
2025-12-18 09:34:41,186 - src.logic - DEBUG - Worker Tech_07 excederia limite diário: 8+2 > 8
2025-12-18 09:34:41,186 - src.logic - DEBUG - Worker Tech_08 excederia limite diário: 8+2 > 8
2025-12-18 09:34:41,186 - src.logic - DEBUG - Worker Tech_09 excederia limite diário: 8+2 > 8
2025-12-18 09:34:41,186 - src.logic - DEBUG - Worker Tech_10 excederia limite diário: 8+2 > 8
2025-12-18 09:34:41,186 - src.logic - DEBUG - Worker Tech_01 excederia limite diário: 8+2 > 8
2025-12-18 09:34:41,186 - src.logic - DEBUG - Worker Tech_05 excederia limite diário: 8+2 > 8
2025-12-18 09:34:41,186 - src.logic - DEBUG - Worker Tech_06 excederia limite diário: 8+2 > 8
2025-12-18 09:34:41,186 - src.logic - DEBUG - Worker Tech_07 excederia limite diário: 8+2 > 8
2025-12-18 09:34:41,186 - src.logic - DEBUG - Worker Tech_08 excederia limite diário: 8+2 > 8
2025-12-18 09:34:41,186 - src.logic - DEBUG - Worker Tech_09 excederia limite diário: 8+2 > 8
2025-12-18 09:34:41,187 - src.logic - DEBUG - Worker Tech_10 excederia limite diário: 8+2 > 8
2025-12-18 09:34:41,187 - src.logic - DEBUG - Worker Tech_01 excederia limite diário: 8+2 > 8
2025-12-18 09:34:41,187 - src.logic - DEBUG - Worker Tech_05 excederia limite diário: 8+2 > 8
2025-12-18 09:34:41,187 - src.logic - DEBUG - Worker Tech_06 excederia limite diário: 8+2 > 8
2025-12-18 09:34:41,187 - src.logic - DEBUG - Worker Tech_07 excederia limite diário: 8+2 > 8
2025-12-18 09:34:41,187 - src.logic - DEBUG - Worker Tech_08 excederia limite diário: 8+2 > 8
2025-12-18 09:34:41,187 - src.logic - DEBUG - Worker Tech_09 excederia limite diário: 8+2 > 8
2025-12-18 09:34:41,187 - src.logic - DEBUG - Worker Tech_10 excederia limite diário: 8+2 > 8
2025-12-18 09:34:41,187 - src.logic - DEBUG - Worker Tech_06 ocupado em 150-151
2025-12-18 09:34:41,187 - src.logic - DEBUG - Worker Tech_07 ocupado em 150-151
2025-12-18 09:34:41,187 - src.logic - DEBUG - Worker Tech_08 ocupado em 150-152
2025-12-18 09:34:41,187 - src.logic - DEBUG - Worker Tech_10 ocupado em 150-152
2025-12-18 09:34:41,188 - src.logic - DEBUG - Worker Tech_06 ocupado em 152-156
2025-12-18 09:34:41,188 - src.logic - DEBUG - Worker Tech_07 ocupado em 152-156
2025-12-18 09:34:41,188 - src.logic - DEBUG - Worker Tech_08 ocupado em 152-154
2025-12-18 09:34:41,188 - src.logic - DEBUG - Worker Tech_10 ocupado em 152-154
2025-12-18 09:34:41,188 - src.logic - DEBUG - Worker Tech_06 ocupado em 152-156
2025-12-18 09:34:41,188 - src.logic - DEBUG - Worker Tech_07 ocupado em 152-156
2025-12-18 09:34:41,188 - src.logic - DEBUG - Worker Tech_08 ocupado em 152-154
2025-12-18 09:34:41,188 - src.logic - DEBUG - Worker Tech_10 ocupado em 152-154
2025-12-18 09:34:41,188 - src.logic - DEBUG - Worker Tech_06 ocupado em 152-156
2025-12-18 09:34:41,188 - src.logic - DEBUG - Worker Tech_07 ocupado em 152-156
2025-12-18 09:34:41,188 - src.logic - DEBUG - Worker Tech_08 ocupado em 154-156
2025-12-18 09:34:41,188 - src.logic - DEBUG - Worker Tech_10 excederia limite diário: 7+2 > 8
2025-12-18 09:34:41,188 - src.logic - DEBUG - Worker Tech_06 ocupado em 152-156
2025-12-18 09:34:41,189 - src.logic - DEBUG - Worker Tech_07 ocupado em 152-156
2025-12-18 09:34:41,189 - src.logic - DEBUG - Worker Tech_08 ocupado em 154-156
2025-12-18 09:34:41,189 - src.logic - DEBUG - Worker Tech_10 excederia limite diário: 7+2 > 8
2025-12-18 09:34:41,189 - src.logic - DEBUG - Worker Tech_06 ocupado em 157-159
2025-12-18 09:34:41,189 - src.logic - DEBUG - Worker Tech_10 ocupado em 157-160
2025-12-18 09:34:41,189 - src.planner - DEBUG - Server TEST_Email_01 reservado: 156h-158h (dia 6)
2025-12-18 09:34:41,189 - src.planner - DEBUG - Worker Tech_07 reservado: 156h-158h (dia 6)
2025-12-18 09:34:41,190 - src.logic - DEBUG - Server TEST_Email_02 ocupado em 126-128
2025-12-18 09:34:41,190 - src.logic - DEBUG - Server TEST_Email_02 ocupado em 126-128
2025-12-18 09:34:41,190 - src.logic - DEBUG - Worker Tech_01 ocupado em 128-131
2025-12-18 09:34:41,190 - src.logic - DEBUG - Worker Tech_05 ocupado em 128-131
2025-12-18 09:34:41,190 - src.logic - DEBUG - Worker Tech_06 ocupado em 128-131
2025-12-18 09:34:41,191 - src.logic - DEBUG - Worker Tech_07 ocupado em 128-131
2025-12-18 09:34:41,191 - src.logic - DEBUG - Worker Tech_08 ocupado em 128-131
2025-12-18 09:34:41,191 - src.logic - DEBUG - Worker Tech_09 ocupado em 128-131
2025-12-18 09:34:41,191 - src.logic - DEBUG - Worker Tech_10 ocupado em 128-131
2025-12-18 09:34:41,191 - src.logic - DEBUG - Worker Tech_01 ocupado em 128-131
2025-12-18 09:34:41,191 - src.logic - DEBUG - Worker Tech_05 ocupado em 128-131
2025-12-18 09:34:41,191 - src.logic - DEBUG - Worker Tech_06 ocupado em 128-131
2025-12-18 09:34:41,191 - src.logic - DEBUG - Worker Tech_07 ocupado em 128-131
2025-12-18 09:34:41,192 - src.logic - DEBUG - Worker Tech_08 ocupado em 128-131
2025-12-18 09:34:41,192 - src.logic - DEBUG - Worker Tech_09 ocupado em 128-131
2025-12-18 09:34:41,192 - src.logic - DEBUG - Worker Tech_10 ocupado em 128-131
2025-12-18 09:34:41,192 - src.logic - DEBUG - Worker Tech_01 ocupado em 128-131
2025-12-18 09:34:41,192 - src.logic - DEBUG - Worker Tech_05 ocupado em 128-131
2025-12-18 09:34:41,192 - src.logic - DEBUG - Worker Tech_06 ocupado em 128-131
2025-12-18 09:34:41,192 - src.logic - DEBUG - Worker Tech_07 ocupado em 128-131
2025-12-18 09:34:41,193 - src.logic - DEBUG - Worker Tech_08 ocupado em 128-131
2025-12-18 09:34:41,193 - src.logic - DEBUG - Worker Tech_09 ocupado em 128-131
2025-12-18 09:34:41,193 - src.logic - DEBUG - Worker Tech_10 ocupado em 128-131
2025-12-18 09:34:41,193 - src.logic - DEBUG - Worker Tech_01 ocupado em 131-134
2025-12-18 09:34:41,193 - src.logic - DEBUG - Worker Tech_05 ocupado em 131-134
2025-12-18 09:34:41,193 - src.logic - DEBUG - Worker Tech_06 ocupado em 131-134
2025-12-18 09:34:41,194 - src.logic - DEBUG - Worker Tech_07 ocupado em 131-134
2025-12-18 09:34:41,194 - src.logic - DEBUG - Worker Tech_08 ocupado em 131-134
2025-12-18 09:34:41,194 - src.logic - DEBUG - Worker Tech_09 ocupado em 131-133
2025-12-18 09:34:41,194 - src.logic - DEBUG - Worker Tech_10 ocupado em 131-133
2025-12-18 09:34:41,195 - src.logic - DEBUG - Worker Tech_01 ocupado em 131-134
2025-12-18 09:34:41,195 - src.logic - DEBUG - Worker Tech_05 ocupado em 131-134
2025-12-18 09:34:41,195 - src.logic - DEBUG - Worker Tech_06 ocupado em 131-134
2025-12-18 09:34:41,195 - src.logic - DEBUG - Worker Tech_07 ocupado em 131-134
2025-12-18 09:34:41,196 - src.logic - DEBUG - Worker Tech_08 ocupado em 131-134
2025-12-18 09:34:41,196 - src.logic - DEBUG - Worker Tech_09 ocupado em 131-133
2025-12-18 09:34:41,196 - src.logic - DEBUG - Worker Tech_10 ocupado em 131-133
2025-12-18 09:34:41,196 - src.logic - DEBUG - Worker Tech_01 ocupado em 131-134
2025-12-18 09:34:41,196 - src.logic - DEBUG - Worker Tech_05 ocupado em 131-134
2025-12-18 09:34:41,196 - src.logic - DEBUG - Worker Tech_06 ocupado em 131-134
2025-12-18 09:34:41,197 - src.logic - DEBUG - Worker Tech_07 ocupado em 131-134
2025-12-18 09:34:41,197 - src.logic - DEBUG - Worker Tech_08 ocupado em 131-134
2025-12-18 09:34:41,215 - src.logic - DEBUG - Worker Tech_09 ocupado em 133-134
2025-12-18 09:34:41,215 - src.logic - DEBUG - Worker Tech_10 ocupado em 133-134
2025-12-18 09:34:41,215 - src.logic - DEBUG - Worker Tech_01 excederia limite diário: 8+2 > 8
2025-12-18 09:34:41,224 - src.logic - DEBUG - Worker Tech_05 excederia limite diário: 8+2 > 8
2025-12-18 09:34:41,225 - src.logic - DEBUG - Worker Tech_06 excederia limite diário: 8+2 > 8
2025-12-18 09:34:41,225 - src.logic - DEBUG - Worker Tech_07 excederia limite diário: 8+2 > 8
2025-12-18 09:34:41,225 - src.logic - DEBUG - Worker Tech_08 excederia limite diário: 8+2 > 8
2025-12-18 09:34:41,225 - src.logic - DEBUG - Worker Tech_09 excederia limite diário: 8+2 > 8
2025-12-18 09:34:41,225 - src.logic - DEBUG - Worker Tech_10 excederia limite diário: 8+2 > 8
2025-12-18 09:34:41,225 - src.logic - DEBUG - Worker Tech_01 excederia limite diário: 8+2 > 8
2025-12-18 09:34:41,226 - src.logic - DEBUG - Worker Tech_05 excederia limite diário: 8+2 > 8
2025-12-18 09:34:41,226 - src.logic - DEBUG - Worker Tech_06 excederia limite diário: 8+2 > 8
2025-12-18 09:34:41,226 - src.logic - DEBUG - Worker Tech_07 excederia limite diário: 8+2 > 8
2025-12-18 09:34:41,226 - src.logic - DEBUG - Worker Tech_08 excederia limite diário: 8+2 > 8
2025-12-18 09:34:41,226 - src.logic - DEBUG - Worker Tech_09 excederia limite diário: 8+2 > 8
2025-12-18 09:34:41,226 - src.logic - DEBUG - Worker Tech_10 excederia limite diário: 8+2 > 8
2025-12-18 09:34:41,226 - src.logic - DEBUG - Worker Tech_01 excederia limite diário: 8+2 > 8
2025-12-18 09:34:41,227 - src.logic - DEBUG - Worker Tech_05 excederia limite diário: 8+2 > 8
2025-12-18 09:34:41,227 - src.logic - DEBUG - Worker Tech_06 excederia limite diário: 8+2 > 8
2025-12-18 09:34:41,227 - src.logic - DEBUG - Worker Tech_07 excederia limite diário: 8+2 > 8
2025-12-18 09:34:41,227 - src.logic - DEBUG - Worker Tech_08 excederia limite diário: 8+2 > 8
2025-12-18 09:34:41,227 - src.logic - DEBUG - Worker Tech_09 excederia limite diário: 8+2 > 8
2025-12-18 09:34:41,227 - src.logic - DEBUG - Worker Tech_10 excederia limite diário: 8+2 > 8
2025-12-18 09:34:41,227 - src.logic - DEBUG - Worker Tech_01 excederia limite diário: 8+2 > 8
2025-12-18 09:34:41,227 - src.logic - DEBUG - Worker Tech_05 excederia limite diário: 8+2 > 8
2025-12-18 09:34:41,228 - src.logic - DEBUG - Worker Tech_06 excederia limite diário: 8+2 > 8
2025-12-18 09:34:41,228 - src.logic - DEBUG - Worker Tech_07 excederia limite diário: 8+2 > 8
2025-12-18 09:34:41,228 - src.logic - DEBUG - Worker Tech_08 excederia limite diário: 8+2 > 8
2025-12-18 09:34:41,228 - src.logic - DEBUG - Worker Tech_09 excederia limite diário: 8+2 > 8
2025-12-18 09:34:41,228 - src.logic - DEBUG - Worker Tech_10 excederia limite diário: 8+2 > 8
2025-12-18 09:34:41,228 - src.logic - DEBUG - Worker Tech_01 excederia limite diário: 8+2 > 8
2025-12-18 09:34:41,229 - src.logic - DEBUG - Worker Tech_05 excederia limite diário: 8+2 > 8
2025-12-18 09:34:41,229 - src.logic - DEBUG - Worker Tech_06 excederia limite diário: 8+2 > 8
2025-12-18 09:34:41,229 - src.logic - DEBUG - Worker Tech_07 excederia limite diário: 8+2 > 8
2025-12-18 09:34:41,229 - src.logic - DEBUG - Worker Tech_08 excederia limite diário: 8+2 > 8
2025-12-18 09:34:41,229 - src.logic - DEBUG - Worker Tech_09 excederia limite diário: 8+2 > 8
2025-12-18 09:34:41,229 - src.logic - DEBUG - Worker Tech_10 excederia limite diário: 8+2 > 8
2025-12-18 09:34:41,229 - src.logic - DEBUG - Worker Tech_01 excederia limite diário: 8+2 > 8
2025-12-18 09:34:41,229 - src.logic - DEBUG - Worker Tech_05 excederia limite diário: 8+2 > 8
2025-12-18 09:34:41,229 - src.logic - DEBUG - Worker Tech_06 excederia limite diário: 8+2 > 8
2025-12-18 09:34:41,229 - src.logic - DEBUG - Worker Tech_07 excederia limite diário: 8+2 > 8
2025-12-18 09:34:41,230 - src.logic - DEBUG - Worker Tech_08 excederia limite diário: 8+2 > 8
2025-12-18 09:34:41,230 - src.logic - DEBUG - Worker Tech_09 excederia limite diário: 8+2 > 8
2025-12-18 09:34:41,230 - src.logic - DEBUG - Worker Tech_10 excederia limite diário: 8+2 > 8
2025-12-18 09:34:41,231 - src.logic - DEBUG - Worker Tech_06 ocupado em 150-151
2025-12-18 09:34:41,231 - src.logic - DEBUG - Worker Tech_07 ocupado em 150-151
2025-12-18 09:34:41,231 - src.logic - DEBUG - Worker Tech_08 ocupado em 150-152
2025-12-18 09:34:41,231 - src.logic - DEBUG - Worker Tech_10 ocupado em 150-152
2025-12-18 09:34:41,233 - src.logic - DEBUG - Worker Tech_06 ocupado em 152-156
2025-12-18 09:34:41,233 - src.logic - DEBUG - Worker Tech_07 ocupado em 152-156
2025-12-18 09:34:41,233 - src.logic - DEBUG - Worker Tech_08 ocupado em 152-154
2025-12-18 09:34:41,233 - src.logic - DEBUG - Worker Tech_10 ocupado em 152-154
2025-12-18 09:34:41,234 - src.logic - DEBUG - Worker Tech_06 ocupado em 152-156
2025-12-18 09:34:41,234 - src.logic - DEBUG - Worker Tech_07 ocupado em 152-156
2025-12-18 09:34:41,234 - src.logic - DEBUG - Worker Tech_08 ocupado em 152-154
2025-12-18 09:34:41,234 - src.logic - DEBUG - Worker Tech_10 ocupado em 152-154
2025-12-18 09:34:41,234 - src.logic - DEBUG - Worker Tech_06 ocupado em 152-156
2025-12-18 09:34:41,234 - src.logic - DEBUG - Worker Tech_07 ocupado em 152-156
2025-12-18 09:34:41,235 - src.logic - DEBUG - Worker Tech_08 ocupado em 154-156
2025-12-18 09:34:41,235 - src.logic - DEBUG - Worker Tech_10 excederia limite diário: 7+2 > 8
2025-12-18 09:34:41,235 - src.logic - DEBUG - Worker Tech_06 ocupado em 152-156
2025-12-18 09:34:41,235 - src.logic - DEBUG - Worker Tech_07 ocupado em 152-156
2025-12-18 09:34:41,235 - src.logic - DEBUG - Worker Tech_08 ocupado em 154-156
2025-12-18 09:34:41,236 - src.logic - DEBUG - Worker Tech_10 excederia limite diário: 7+2 > 8
2025-12-18 09:34:41,236 - src.logic - DEBUG - Worker Tech_06 ocupado em 157-159
2025-12-18 09:34:41,236 - src.logic - DEBUG - Worker Tech_07 ocupado em 156-158
2025-12-18 09:34:41,236 - src.logic - DEBUG - Worker Tech_10 ocupado em 157-160
2025-12-18 09:34:41,237 - src.planner - DEBUG - Server TEST_Email_02 reservado: 156h-158h (dia 6)
2025-12-18 09:34:41,237 - src.planner - DEBUG - Worker Tech_08 reservado: 156h-158h (dia 6)
2025-12-18 09:34:41,237 - src.logic - DEBUG - Server DEV_Database_02 ocupado em 18-20
2025-12-18 09:34:41,237 - src.logic - DEBUG - Server DEV_Database_02 ocupado em 18-20
2025-12-18 09:34:41,237 - src.logic - DEBUG - Worker Tech_05 ocupado em 42-44
2025-12-18 09:34:41,237 - src.logic - DEBUG - Worker Tech_07 ocupado em 42-44
2025-12-18 09:34:41,238 - src.logic - DEBUG - Worker Tech_05 ocupado em 66-68
2025-12-18 09:34:41,238 - src.logic - DEBUG - Worker Tech_07 ocupado em 66-68
2025-12-18 09:34:41,238 - src.logic - DEBUG - Server DEV_Database_02 ocupado em 90-92
2025-12-18 09:34:41,238 - src.logic - DEBUG - Server DEV_Database_02 ocupado em 90-92
2025-12-18 09:34:41,238 - src.logic - DEBUG - Worker Tech_05 ocupado em 114-116
2025-12-18 09:34:41,238 - src.logic - DEBUG - Worker Tech_07 ocupado em 114-116
2025-12-18 09:34:41,239 - src.logic - DEBUG - Worker Tech_01 ocupado em 128-131
2025-12-18 09:34:41,239 - src.logic - DEBUG - Worker Tech_04 ocupado em 128-131
2025-12-18 09:34:41,239 - src.logic - DEBUG - Worker Tech_05 ocupado em 128-131
2025-12-18 09:34:41,239 - src.logic - DEBUG - Worker Tech_06 ocupado em 128-131
2025-12-18 09:34:41,239 - src.logic - DEBUG - Worker Tech_07 ocupado em 128-131
2025-12-18 09:34:41,239 - src.logic - DEBUG - Worker Tech_08 ocupado em 128-131
2025-12-18 09:34:41,239 - src.logic - DEBUG - Worker Tech_09 ocupado em 128-131
2025-12-18 09:34:41,240 - src.logic - DEBUG - Worker Tech_10 ocupado em 128-131
2025-12-18 09:34:41,240 - src.logic - DEBUG - Worker Tech_01 ocupado em 128-131
2025-12-18 09:34:41,240 - src.logic - DEBUG - Worker Tech_04 ocupado em 128-131
2025-12-18 09:34:41,240 - src.logic - DEBUG - Worker Tech_05 ocupado em 128-131
2025-12-18 09:34:41,240 - src.logic - DEBUG - Worker Tech_06 ocupado em 128-131
2025-12-18 09:34:41,241 - src.logic - DEBUG - Worker Tech_07 ocupado em 128-131
2025-12-18 09:34:41,241 - src.logic - DEBUG - Worker Tech_08 ocupado em 128-131
2025-12-18 09:34:41,241 - src.logic - DEBUG - Worker Tech_09 ocupado em 128-131
2025-12-18 09:34:41,241 - src.logic - DEBUG - Worker Tech_10 ocupado em 128-131
2025-12-18 09:34:41,241 - src.logic - DEBUG - Worker Tech_01 ocupado em 128-131
2025-12-18 09:34:41,241 - src.logic - DEBUG - Worker Tech_03 ocupado em 130-133
2025-12-18 09:34:41,241 - src.logic - DEBUG - Worker Tech_04 ocupado em 128-131
2025-12-18 09:34:41,241 - src.logic - DEBUG - Worker Tech_05 ocupado em 128-131
2025-12-18 09:34:41,241 - src.logic - DEBUG - Worker Tech_06 ocupado em 128-131
2025-12-18 09:34:41,242 - src.logic - DEBUG - Worker Tech_07 ocupado em 128-131
2025-12-18 09:34:41,242 - src.logic - DEBUG - Worker Tech_08 ocupado em 128-131
2025-12-18 09:34:41,242 - src.logic - DEBUG - Worker Tech_09 ocupado em 128-131
2025-12-18 09:34:41,242 - src.logic - DEBUG - Worker Tech_10 ocupado em 128-131
2025-12-18 09:34:41,242 - src.logic - DEBUG - Worker Tech_01 ocupado em 131-134
2025-12-18 09:34:41,242 - src.logic - DEBUG - Worker Tech_03 ocupado em 130-133
2025-12-18 09:34:41,242 - src.logic - DEBUG - Worker Tech_04 excederia limite diário: 7+2 > 8
2025-12-18 09:34:41,242 - src.logic - DEBUG - Worker Tech_05 ocupado em 131-134
2025-12-18 09:34:41,242 - src.logic - DEBUG - Worker Tech_06 ocupado em 131-134
2025-12-18 09:34:41,242 - src.logic - DEBUG - Worker Tech_07 ocupado em 131-134
2025-12-18 09:34:41,243 - src.logic - DEBUG - Worker Tech_08 ocupado em 131-134
2025-12-18 09:34:41,243 - src.logic - DEBUG - Worker Tech_09 ocupado em 131-133
2025-12-18 09:34:41,243 - src.logic - DEBUG - Worker Tech_10 ocupado em 131-133
2025-12-18 09:34:41,243 - src.logic - DEBUG - Worker Tech_01 ocupado em 131-134
2025-12-18 09:34:41,243 - src.logic - DEBUG - Worker Tech_03 ocupado em 130-133
2025-12-18 09:34:41,243 - src.logic - DEBUG - Worker Tech_04 excederia limite diário: 7+2 > 8
2025-12-18 09:34:41,243 - src.logic - DEBUG - Worker Tech_05 ocupado em 131-134
2025-12-18 09:34:41,244 - src.logic - DEBUG - Worker Tech_06 ocupado em 131-134
2025-12-18 09:34:41,244 - src.logic - DEBUG - Worker Tech_07 ocupado em 131-134
2025-12-18 09:34:41,244 - src.logic - DEBUG - Worker Tech_08 ocupado em 131-134
2025-12-18 09:34:41,244 - src.logic - DEBUG - Worker Tech_09 ocupado em 131-133
2025-12-18 09:34:41,245 - src.logic - DEBUG - Worker Tech_10 ocupado em 131-133
2025-12-18 09:34:41,247 - src.logic - DEBUG - Worker Tech_01 ocupado em 131-134
2025-12-18 09:34:41,248 - src.logic - DEBUG - Worker Tech_04 excederia limite diário: 7+2 > 8
2025-12-18 09:34:41,248 - src.logic - DEBUG - Worker Tech_05 ocupado em 131-134
2025-12-18 09:34:41,248 - src.logic - DEBUG - Worker Tech_06 ocupado em 131-134
2025-12-18 09:34:41,249 - src.logic - DEBUG - Worker Tech_07 ocupado em 131-134
2025-12-18 09:34:41,249 - src.logic - DEBUG - Worker Tech_08 ocupado em 131-134
2025-12-18 09:34:41,249 - src.logic - DEBUG - Worker Tech_09 ocupado em 133-134
2025-12-18 09:34:41,249 - src.logic - DEBUG - Worker Tech_10 ocupado em 133-134
2025-12-18 09:34:41,249 - src.logic - DEBUG - Worker Tech_01 excederia limite diário: 8+2 > 8
2025-12-18 09:34:41,249 - src.logic - DEBUG - Worker Tech_04 ocupado em 135-139
2025-12-18 09:34:41,250 - src.logic - DEBUG - Worker Tech_05 excederia limite diário: 8+2 > 8
2025-12-18 09:34:41,250 - src.logic - DEBUG - Worker Tech_06 excederia limite diário: 8+2 > 8
2025-12-18 09:34:41,250 - src.logic - DEBUG - Worker Tech_07 excederia limite diário: 8+2 > 8
2025-12-18 09:34:41,250 - src.logic - DEBUG - Worker Tech_08 excederia limite diário: 8+2 > 8
2025-12-18 09:34:41,250 - src.logic - DEBUG - Worker Tech_09 excederia limite diário: 8+2 > 8
2025-12-18 09:34:41,250 - src.logic - DEBUG - Worker Tech_10 excederia limite diário: 8+2 > 8
2025-12-18 09:34:41,250 - src.logic - DEBUG - Worker Tech_01 excederia limite diário: 8+2 > 8
2025-12-18 09:34:41,250 - src.logic - DEBUG - Worker Tech_03 ocupado em 135-139
2025-12-18 09:34:41,250 - src.logic - DEBUG - Worker Tech_04 ocupado em 135-139
2025-12-18 09:34:41,250 - src.logic - DEBUG - Worker Tech_05 excederia limite diário: 8+2 > 8
2025-12-18 09:34:41,250 - src.logic - DEBUG - Worker Tech_06 excederia limite diário: 8+2 > 8
2025-12-18 09:34:41,250 - src.logic - DEBUG - Worker Tech_07 excederia limite diário: 8+2 > 8
2025-12-18 09:34:41,250 - src.logic - DEBUG - Worker Tech_08 excederia limite diário: 8+2 > 8
2025-12-18 09:34:41,251 - src.logic - DEBUG - Worker Tech_09 excederia limite diário: 8+2 > 8
2025-12-18 09:34:41,251 - src.logic - DEBUG - Worker Tech_10 excederia limite diário: 8+2 > 8
2025-12-18 09:34:41,251 - src.logic - DEBUG - Worker Tech_01 excederia limite diário: 8+2 > 8
2025-12-18 09:34:41,251 - src.logic - DEBUG - Worker Tech_03 ocupado em 135-139
2025-12-18 09:34:41,251 - src.logic - DEBUG - Worker Tech_04 ocupado em 135-139
2025-12-18 09:34:41,251 - src.logic - DEBUG - Worker Tech_05 excederia limite diário: 8+2 > 8
2025-12-18 09:34:41,251 - src.logic - DEBUG - Worker Tech_06 excederia limite diário: 8+2 > 8
2025-12-18 09:34:41,251 - src.logic - DEBUG - Worker Tech_07 excederia limite diário: 8+2 > 8
2025-12-18 09:34:41,251 - src.logic - DEBUG - Worker Tech_08 excederia limite diário: 8+2 > 8
2025-12-18 09:34:41,251 - src.logic - DEBUG - Worker Tech_09 excederia limite diário: 8+2 > 8
2025-12-18 09:34:41,251 - src.logic - DEBUG - Worker Tech_10 excederia limite diário: 8+2 > 8
2025-12-18 09:34:41,251 - src.logic - DEBUG - Worker Tech_01 excederia limite diário: 8+2 > 8
2025-12-18 09:34:41,251 - src.logic - DEBUG - Worker Tech_03 ocupado em 135-139
2025-12-18 09:34:41,251 - src.logic - DEBUG - Worker Tech_04 ocupado em 135-139
2025-12-18 09:34:41,252 - src.logic - DEBUG - Worker Tech_05 excederia limite diário: 8+2 > 8
2025-12-18 09:34:41,252 - src.logic - DEBUG - Worker Tech_06 excederia limite diário: 8+2 > 8
2025-12-18 09:34:41,252 - src.logic - DEBUG - Worker Tech_07 excederia limite diário: 8+2 > 8
2025-12-18 09:34:41,252 - src.logic - DEBUG - Worker Tech_08 excederia limite diário: 8+2 > 8
2025-12-18 09:34:41,252 - src.logic - DEBUG - Worker Tech_09 excederia limite diário: 8+2 > 8
2025-12-18 09:34:41,252 - src.logic - DEBUG - Worker Tech_10 excederia limite diário: 8+2 > 8
2025-12-18 09:34:41,252 - src.logic - DEBUG - Worker Tech_01 excederia limite diário: 8+2 > 8
2025-12-18 09:34:41,252 - src.logic - DEBUG - Worker Tech_04 ocupado em 135-139
2025-12-18 09:34:41,252 - src.logic - DEBUG - Worker Tech_05 excederia limite diário: 8+2 > 8
2025-12-18 09:34:41,252 - src.logic - DEBUG - Worker Tech_06 excederia limite diário: 8+2 > 8
2025-12-18 09:34:41,252 - src.logic - DEBUG - Worker Tech_07 excederia limite diário: 8+2 > 8
2025-12-18 09:34:41,252 - src.logic - DEBUG - Worker Tech_08 excederia limite diário: 8+2 > 8
2025-12-18 09:34:41,252 - src.logic - DEBUG - Worker Tech_09 excederia limite diário: 8+2 > 8
2025-12-18 09:34:41,252 - src.logic - DEBUG - Worker Tech_10 excederia limite diário: 8+2 > 8
2025-12-18 09:34:41,253 - src.logic - DEBUG - Worker Tech_01 excederia limite diário: 8+2 > 8
2025-12-18 09:34:41,253 - src.logic - DEBUG - Worker Tech_04 excederia limite diário: 7+2 > 8
2025-12-18 09:34:41,253 - src.logic - DEBUG - Worker Tech_05 excederia limite diário: 8+2 > 8
2025-12-18 09:34:41,253 - src.logic - DEBUG - Worker Tech_06 excederia limite diário: 8+2 > 8
2025-12-18 09:34:41,253 - src.logic - DEBUG - Worker Tech_07 excederia limite diário: 8+2 > 8
2025-12-18 09:34:41,253 - src.logic - DEBUG - Worker Tech_08 excederia limite diário: 8+2 > 8
2025-12-18 09:34:41,253 - src.logic - DEBUG - Worker Tech_09 excederia limite diário: 8+2 > 8
2025-12-18 09:34:41,253 - src.logic - DEBUG - Worker Tech_10 excederia limite diário: 8+2 > 8
2025-12-18 09:34:41,253 - src.logic - DEBUG - Worker Tech_01 excederia limite diário: 8+2 > 8
2025-12-18 09:34:41,253 - src.logic - DEBUG - Worker Tech_04 excederia limite diário: 7+2 > 8
2025-12-18 09:34:41,253 - src.logic - DEBUG - Worker Tech_05 excederia limite diário: 8+2 > 8
2025-12-18 09:34:41,254 - src.logic - DEBUG - Worker Tech_06 excederia limite diário: 8+2 > 8
2025-12-18 09:34:41,254 - src.logic - DEBUG - Worker Tech_07 excederia limite diário: 8+2 > 8
2025-12-18 09:34:41,254 - src.logic - DEBUG - Worker Tech_08 excederia limite diário: 8+2 > 8
2025-12-18 09:34:41,254 - src.logic - DEBUG - Worker Tech_09 excederia limite diário: 8+2 > 8
2025-12-18 09:34:41,254 - src.logic - DEBUG - Worker Tech_10 excederia limite diário: 8+2 > 8
2025-12-18 09:34:41,254 - src.logic - DEBUG - Worker Tech_01 excederia limite diário: 8+2 > 8
2025-12-18 09:34:41,254 - src.logic - DEBUG - Worker Tech_04 excederia limite diário: 7+2 > 8
2025-12-18 09:34:41,254 - src.logic - DEBUG - Worker Tech_05 excederia limite diário: 8+2 > 8
2025-12-18 09:34:41,254 - src.logic - DEBUG - Worker Tech_06 excederia limite diário: 8+2 > 8
2025-12-18 09:34:41,254 - src.logic - DEBUG - Worker Tech_07 excederia limite diário: 8+2 > 8
2025-12-18 09:34:41,254 - src.logic - DEBUG - Worker Tech_08 excederia limite diário: 8+2 > 8
2025-12-18 09:34:41,254 - src.logic - DEBUG - Worker Tech_09 excederia limite diário: 8+2 > 8
2025-12-18 09:34:41,254 - src.logic - DEBUG - Worker Tech_10 excederia limite diário: 8+2 > 8
2025-12-18 09:34:41,255 - src.logic - DEBUG - Server DEV_Database_02 ocupado em 152-154
2025-12-18 09:34:41,255 - src.logic - DEBUG - Server DEV_Database_02 ocupado em 152-154
2025-12-18 09:34:41,255 - src.logic - DEBUG - Worker Tech_03 ocupado em 154-157
2025-12-18 09:34:41,255 - src.logic - DEBUG - Worker Tech_04 ocupado em 154-157
2025-12-18 09:34:41,255 - src.logic - DEBUG - Worker Tech_06 ocupado em 152-156
2025-12-18 09:34:41,255 - src.logic - DEBUG - Worker Tech_07 ocupado em 152-156
2025-12-18 09:34:41,255 - src.logic - DEBUG - Worker Tech_08 ocupado em 154-156
2025-12-18 09:34:41,255 - src.logic - DEBUG - Worker Tech_10 excederia limite diário: 7+2 > 8
2025-12-18 09:34:41,255 - src.logic - DEBUG - Worker Tech_03 ocupado em 154-157
2025-12-18 09:34:41,255 - src.logic - DEBUG - Worker Tech_04 ocupado em 154-157
2025-12-18 09:34:41,255 - src.logic - DEBUG - Worker Tech_06 ocupado em 152-156
2025-12-18 09:34:41,256 - src.logic - DEBUG - Worker Tech_07 ocupado em 152-156
2025-12-18 09:34:41,256 - src.logic - DEBUG - Worker Tech_08 ocupado em 154-156
2025-12-18 09:34:41,256 - src.logic - DEBUG - Worker Tech_10 excederia limite diário: 7+2 > 8
2025-12-18 09:34:41,256 - src.logic - DEBUG - Worker Tech_03 ocupado em 154-157
2025-12-18 09:34:41,256 - src.logic - DEBUG - Worker Tech_04 ocupado em 154-157
2025-12-18 09:34:41,256 - src.logic - DEBUG - Worker Tech_06 ocupado em 157-159
2025-12-18 09:34:41,256 - src.logic - DEBUG - Worker Tech_07 ocupado em 156-158
2025-12-18 09:34:41,256 - src.logic - DEBUG - Worker Tech_08 ocupado em 156-158
2025-12-18 09:34:41,256 - src.logic - DEBUG - Worker Tech_10 ocupado em 157-160
2025-12-18 09:34:41,257 - src.logic - DEBUG - Worker Tech_04 ocupado em 157-160
2025-12-18 09:34:41,257 - src.logic - DEBUG - Worker Tech_06 ocupado em 157-159
2025-12-18 09:34:41,257 - src.logic - DEBUG - Worker Tech_07 ocupado em 156-158
2025-12-18 09:34:41,257 - src.logic - DEBUG - Worker Tech_08 ocupado em 156-158
2025-12-18 09:34:41,257 - src.logic - DEBUG - Worker Tech_10 ocupado em 157-160
2025-12-18 09:34:41,257 - src.logic - DEBUG - Worker Tech_04 ocupado em 157-160
2025-12-18 09:34:41,257 - src.logic - DEBUG - Worker Tech_06 ocupado em 157-159
2025-12-18 09:34:41,257 - src.logic - DEBUG - Worker Tech_07 excederia limite diário: 8+2 > 8
2025-12-18 09:34:41,257 - src.logic - DEBUG - Worker Tech_08 excederia limite diário: 8+2 > 8
2025-12-18 09:34:41,258 - src.logic - DEBUG - Worker Tech_10 ocupado em 157-160
2025-12-18 09:34:41,258 - src.logic - DEBUG - Worker Tech_03 ocupado em 160-162
2025-12-18 09:34:41,258 - src.logic - DEBUG - Worker Tech_04 ocupado em 157-160
2025-12-18 09:34:41,258 - src.logic - DEBUG - Worker Tech_06 excederia limite diário: 8+2 > 8
2025-12-18 09:34:41,258 - src.logic - DEBUG - Worker Tech_07 excederia limite diário: 8+2 > 8
2025-12-18 09:34:41,258 - src.logic - DEBUG - Worker Tech_08 excederia limite diário: 8+2 > 8
2025-12-18 09:34:41,258 - src.logic - DEBUG - Worker Tech_10 ocupado em 157-160
2025-12-18 09:34:41,258 - src.logic - DEBUG - Worker Tech_03 ocupado em 160-162
2025-12-18 09:34:41,258 - src.logic - DEBUG - Worker Tech_04 excederia limite diário: 8+2 > 8
2025-12-18 09:34:41,258 - src.logic - DEBUG - Worker Tech_06 excederia limite diário: 8+2 > 8
2025-12-18 09:34:41,258 - src.logic - DEBUG - Worker Tech_07 excederia limite diário: 8+2 > 8
2025-12-18 09:34:41,258 - src.logic - DEBUG - Worker Tech_08 excederia limite diário: 8+2 > 8
2025-12-18 09:34:41,259 - src.logic - DEBUG - Worker Tech_10 excederia limite diário: 7+2 > 8
2025-12-18 09:34:41,259 - src.logic - DEBUG - Worker Tech_03 ocupado em 160-162
2025-12-18 09:34:41,259 - src.logic - DEBUG - Worker Tech_04 excederia limite diário: 8+2 > 8
2025-12-18 09:34:41,259 - src.logic - DEBUG - Worker Tech_06 excederia limite diário: 8+2 > 8
2025-12-18 09:34:41,259 - src.logic - DEBUG - Worker Tech_07 excederia limite diário: 8+2 > 8
2025-12-18 09:34:41,259 - src.logic - DEBUG - Worker Tech_08 excederia limite diário: 8+2 > 8
2025-12-18 09:34:41,259 - src.logic - DEBUG - Worker Tech_10 excederia limite diário: 7+2 > 8
2025-12-18 09:34:41,259 - src.logic - DEBUG - Worker Tech_04 excederia limite diário: 8+2 > 8
2025-12-18 09:34:41,259 - src.logic - DEBUG - Worker Tech_06 excederia limite diário: 8+2 > 8
2025-12-18 09:34:41,259 - src.logic - DEBUG - Worker Tech_07 excederia limite diário: 8+2 > 8
2025-12-18 09:34:41,259 - src.logic - DEBUG - Worker Tech_08 excederia limite diário: 8+2 > 8
2025-12-18 09:34:41,259 - src.logic - DEBUG - Worker Tech_10 excederia limite diário: 7+2 > 8
2025-12-18 09:34:41,259 - src.logic - DEBUG - Worker Tech_04 excederia limite diário: 8+2 > 8
2025-12-18 09:34:41,259 - src.logic - DEBUG - Worker Tech_06 excederia limite diário: 8+2 > 8
2025-12-18 09:34:41,260 - src.logic - DEBUG - Worker Tech_07 excederia limite diário: 8+2 > 8
2025-12-18 09:34:41,260 - src.logic - DEBUG - Worker Tech_08 excederia limite diário: 8+2 > 8
2025-12-18 09:34:41,260 - src.logic - DEBUG - Worker Tech_10 excederia limite diário: 7+2 > 8
2025-12-18 09:34:41,260 - src.logic - DEBUG - Worker Tech_04 excederia limite diário: 8+2 > 8
2025-12-18 09:34:41,260 - src.logic - DEBUG - Worker Tech_06 excederia limite diário: 8+2 > 8
2025-12-18 09:34:41,260 - src.logic - DEBUG - Worker Tech_07 excederia limite diário: 8+2 > 8
2025-12-18 09:34:41,260 - src.logic - DEBUG - Worker Tech_08 excederia limite diário: 8+2 > 8
2025-12-18 09:34:41,260 - src.logic - DEBUG - Worker Tech_10 excederia limite diário: 7+2 > 8
2025-12-18 09:34:41,260 - src.logic - DEBUG - Worker Tech_04 excederia limite diário: 8+2 > 8
2025-12-18 09:34:41,260 - src.logic - DEBUG - Worker Tech_06 excederia limite diário: 8+2 > 8
2025-12-18 09:34:41,260 - src.logic - DEBUG - Worker Tech_07 excederia limite diário: 8+2 > 8
2025-12-18 09:34:41,260 - src.logic - DEBUG - Worker Tech_08 excederia limite diário: 8+2 > 8
2025-12-18 09:34:41,260 - src.logic - DEBUG - Worker Tech_10 excederia limite diário: 7+2 > 8
2025-12-18 09:34:41,260 - src.logic - DEBUG - Worker Tech_05 ocupado em 18-20
2025-12-18 09:34:41,261 - src.logic - DEBUG - Worker Tech_07 ocupado em 18-20
2025-12-18 09:34:41,261 - src.logic - DEBUG - Server DEV_Monitoring_02 ocupado em 42-44
2025-12-18 09:34:41,261 - src.logic - DEBUG - Server DEV_Monitoring_02 ocupado em 42-44
2025-12-18 09:34:41,262 - src.logic - DEBUG - Worker Tech_05 ocupado em 66-68
2025-12-18 09:34:41,262 - src.logic - DEBUG - Worker Tech_07 ocupado em 66-68
2025-12-18 09:34:41,263 - src.logic - DEBUG - Server DEV_Monitoring_02 ocupado em 90-92
2025-12-18 09:34:41,263 - src.logic - DEBUG - Server DEV_Monitoring_02 ocupado em 90-92
2025-12-18 09:34:41,263 - src.logic - DEBUG - Worker Tech_05 ocupado em 114-116
2025-12-18 09:34:41,264 - src.logic - DEBUG - Worker Tech_07 ocupado em 114-116
2025-12-18 09:34:41,264 - src.logic - DEBUG - Worker Tech_01 ocupado em 128-131
2025-12-18 09:34:41,264 - src.logic - DEBUG - Worker Tech_04 ocupado em 128-131
2025-12-18 09:34:41,264 - src.logic - DEBUG - Worker Tech_05 ocupado em 128-131
2025-12-18 09:34:41,264 - src.logic - DEBUG - Worker Tech_06 ocupado em 128-131
2025-12-18 09:34:41,264 - src.logic - DEBUG - Worker Tech_07 ocupado em 128-131
2025-12-18 09:34:41,264 - src.logic - DEBUG - Worker Tech_08 ocupado em 128-131
2025-12-18 09:34:41,264 - src.logic - DEBUG - Worker Tech_09 ocupado em 128-131
2025-12-18 09:34:41,264 - src.logic - DEBUG - Worker Tech_10 ocupado em 128-131
2025-12-18 09:34:41,264 - src.logic - DEBUG - Worker Tech_01 ocupado em 128-131
2025-12-18 09:34:41,265 - src.logic - DEBUG - Worker Tech_04 ocupado em 128-131
2025-12-18 09:34:41,265 - src.logic - DEBUG - Worker Tech_05 ocupado em 128-131
2025-12-18 09:34:41,265 - src.logic - DEBUG - Worker Tech_06 ocupado em 128-131
2025-12-18 09:34:41,265 - src.logic - DEBUG - Worker Tech_07 ocupado em 128-131
2025-12-18 09:34:41,265 - src.logic - DEBUG - Worker Tech_08 ocupado em 128-131
2025-12-18 09:34:41,265 - src.logic - DEBUG - Worker Tech_09 ocupado em 128-131
2025-12-18 09:34:41,265 - src.logic - DEBUG - Worker Tech_10 ocupado em 128-131
2025-12-18 09:34:41,265 - src.logic - DEBUG - Worker Tech_01 ocupado em 128-131
2025-12-18 09:34:41,265 - src.logic - DEBUG - Worker Tech_03 ocupado em 130-133
2025-12-18 09:34:41,265 - src.logic - DEBUG - Worker Tech_04 ocupado em 128-131
2025-12-18 09:34:41,265 - src.logic - DEBUG - Worker Tech_05 ocupado em 128-131
2025-12-18 09:34:41,265 - src.logic - DEBUG - Worker Tech_06 ocupado em 128-131
2025-12-18 09:34:41,265 - src.logic - DEBUG - Worker Tech_07 ocupado em 128-131
2025-12-18 09:34:41,265 - src.logic - DEBUG - Worker Tech_08 ocupado em 128-131
2025-12-18 09:34:41,265 - src.logic - DEBUG - Worker Tech_09 ocupado em 128-131
2025-12-18 09:34:41,266 - src.logic - DEBUG - Worker Tech_10 ocupado em 128-131
2025-12-18 09:34:41,266 - src.logic - DEBUG - Worker Tech_01 ocupado em 131-134
2025-12-18 09:34:41,266 - src.logic - DEBUG - Worker Tech_03 ocupado em 130-133
2025-12-18 09:34:41,266 - src.logic - DEBUG - Worker Tech_04 excederia limite diário: 7+2 > 8
2025-12-18 09:34:41,266 - src.logic - DEBUG - Worker Tech_05 ocupado em 131-134
2025-12-18 09:34:41,266 - src.logic - DEBUG - Worker Tech_06 ocupado em 131-134
2025-12-18 09:34:41,266 - src.logic - DEBUG - Worker Tech_07 ocupado em 131-134
2025-12-18 09:34:41,266 - src.logic - DEBUG - Worker Tech_08 ocupado em 131-134
2025-12-18 09:34:41,266 - src.logic - DEBUG - Worker Tech_09 ocupado em 131-133
2025-12-18 09:34:41,266 - src.logic - DEBUG - Worker Tech_10 ocupado em 131-133
2025-12-18 09:34:41,266 - src.logic - DEBUG - Worker Tech_01 ocupado em 131-134
2025-12-18 09:34:41,267 - src.logic - DEBUG - Worker Tech_03 ocupado em 130-133
2025-12-18 09:34:41,267 - src.logic - DEBUG - Worker Tech_04 excederia limite diário: 7+2 > 8
2025-12-18 09:34:41,267 - src.logic - DEBUG - Worker Tech_05 ocupado em 131-134
2025-12-18 09:34:41,267 - src.logic - DEBUG - Worker Tech_06 ocupado em 131-134
2025-12-18 09:34:41,267 - src.logic - DEBUG - Worker Tech_07 ocupado em 131-134
2025-12-18 09:34:41,267 - src.logic - DEBUG - Worker Tech_08 ocupado em 131-134
2025-12-18 09:34:41,267 - src.logic - DEBUG - Worker Tech_09 ocupado em 131-133
2025-12-18 09:34:41,268 - src.logic - DEBUG - Worker Tech_10 ocupado em 131-133
2025-12-18 09:34:41,268 - src.logic - DEBUG - Worker Tech_01 ocupado em 131-134
2025-12-18 09:34:41,268 - src.logic - DEBUG - Worker Tech_04 excederia limite diário: 7+2 > 8
2025-12-18 09:34:41,268 - src.logic - DEBUG - Worker Tech_05 ocupado em 131-134
2025-12-18 09:34:41,268 - src.logic - DEBUG - Worker Tech_06 ocupado em 131-134
2025-12-18 09:34:41,268 - src.logic - DEBUG - Worker Tech_07 ocupado em 131-134
2025-12-18 09:34:41,268 - src.logic - DEBUG - Worker Tech_08 ocupado em 131-134
2025-12-18 09:34:41,268 - src.logic - DEBUG - Worker Tech_09 ocupado em 133-134
2025-12-18 09:34:41,268 - src.logic - DEBUG - Worker Tech_10 ocupado em 133-134
2025-12-18 09:34:41,269 - src.logic - DEBUG - Worker Tech_01 excederia limite diário: 8+2 > 8
2025-12-18 09:34:41,269 - src.logic - DEBUG - Worker Tech_04 ocupado em 135-139
2025-12-18 09:34:41,269 - src.logic - DEBUG - Worker Tech_05 excederia limite diário: 8+2 > 8
2025-12-18 09:34:41,269 - src.logic - DEBUG - Worker Tech_06 excederia limite diário: 8+2 > 8
2025-12-18 09:34:41,269 - src.logic - DEBUG - Worker Tech_07 excederia limite diário: 8+2 > 8
2025-12-18 09:34:41,269 - src.logic - DEBUG - Worker Tech_08 excederia limite diário: 8+2 > 8
2025-12-18 09:34:41,269 - src.logic - DEBUG - Worker Tech_09 excederia limite diário: 8+2 > 8
2025-12-18 09:34:41,269 - src.logic - DEBUG - Worker Tech_10 excederia limite diário: 8+2 > 8
2025-12-18 09:34:41,269 - src.logic - DEBUG - Worker Tech_01 excederia limite diário: 8+2 > 8
2025-12-18 09:34:41,269 - src.logic - DEBUG - Worker Tech_03 ocupado em 135-139
2025-12-18 09:34:41,270 - src.logic - DEBUG - Worker Tech_04 ocupado em 135-139
2025-12-18 09:34:41,270 - src.logic - DEBUG - Worker Tech_05 excederia limite diário: 8+2 > 8
2025-12-18 09:34:41,270 - src.logic - DEBUG - Worker Tech_06 excederia limite diário: 8+2 > 8
2025-12-18 09:34:41,270 - src.logic - DEBUG - Worker Tech_07 excederia limite diário: 8+2 > 8
2025-12-18 09:34:41,270 - src.logic - DEBUG - Worker Tech_08 excederia limite diário: 8+2 > 8
2025-12-18 09:34:41,270 - src.logic - DEBUG - Worker Tech_09 excederia limite diário: 8+2 > 8
2025-12-18 09:34:41,270 - src.logic - DEBUG - Worker Tech_10 excederia limite diário: 8+2 > 8
2025-12-18 09:34:41,270 - src.logic - DEBUG - Worker Tech_01 excederia limite diário: 8+2 > 8
2025-12-18 09:34:41,270 - src.logic - DEBUG - Worker Tech_03 ocupado em 135-139
2025-12-18 09:34:41,271 - src.logic - DEBUG - Worker Tech_04 ocupado em 135-139
2025-12-18 09:34:41,271 - src.logic - DEBUG - Worker Tech_05 excederia limite diário: 8+2 > 8
2025-12-18 09:34:41,271 - src.logic - DEBUG - Worker Tech_06 excederia limite diário: 8+2 > 8
2025-12-18 09:34:41,271 - src.logic - DEBUG - Worker Tech_07 excederia limite diário: 8+2 > 8
2025-12-18 09:34:41,271 - src.logic - DEBUG - Worker Tech_08 excederia limite diário: 8+2 > 8
2025-12-18 09:34:41,271 - src.logic - DEBUG - Worker Tech_09 excederia limite diário: 8+2 > 8
2025-12-18 09:34:41,271 - src.logic - DEBUG - Worker Tech_10 excederia limite diário: 8+2 > 8
2025-12-18 09:34:41,271 - src.logic - DEBUG - Worker Tech_01 excederia limite diário: 8+2 > 8
2025-12-18 09:34:41,271 - src.logic - DEBUG - Worker Tech_03 ocupado em 135-139
2025-12-18 09:34:41,271 - src.logic - DEBUG - Worker Tech_04 ocupado em 135-139
2025-12-18 09:34:41,272 - src.logic - DEBUG - Worker Tech_05 excederia limite diário: 8+2 > 8
2025-12-18 09:34:41,272 - src.logic - DEBUG - Worker Tech_06 excederia limite diário: 8+2 > 8
2025-12-18 09:34:41,272 - src.logic - DEBUG - Worker Tech_07 excederia limite diário: 8+2 > 8
2025-12-18 09:34:41,272 - src.logic - DEBUG - Worker Tech_08 excederia limite diário: 8+2 > 8
2025-12-18 09:34:41,272 - src.logic - DEBUG - Worker Tech_09 excederia limite diário: 8+2 > 8
2025-12-18 09:34:41,272 - src.logic - DEBUG - Worker Tech_10 excederia limite diário: 8+2 > 8
2025-12-18 09:34:41,272 - src.logic - DEBUG - Worker Tech_01 excederia limite diário: 8+2 > 8
2025-12-18 09:34:41,272 - src.logic - DEBUG - Worker Tech_04 ocupado em 135-139
2025-12-18 09:34:41,272 - src.logic - DEBUG - Worker Tech_05 excederia limite diário: 8+2 > 8
2025-12-18 09:34:41,272 - src.logic - DEBUG - Worker Tech_06 excederia limite diário: 8+2 > 8
2025-12-18 09:34:41,272 - src.logic - DEBUG - Worker Tech_07 excederia limite diário: 8+2 > 8
2025-12-18 09:34:41,273 - src.logic - DEBUG - Worker Tech_08 excederia limite diário: 8+2 > 8
2025-12-18 09:34:41,273 - src.logic - DEBUG - Worker Tech_09 excederia limite diário: 8+2 > 8
2025-12-18 09:34:41,273 - src.logic - DEBUG - Worker Tech_10 excederia limite diário: 8+2 > 8
2025-12-18 09:34:41,274 - src.logic - DEBUG - Worker Tech_01 excederia limite diário: 8+2 > 8
2025-12-18 09:34:41,274 - src.logic - DEBUG - Worker Tech_04 excederia limite diário: 7+2 > 8
2025-12-18 09:34:41,274 - src.logic - DEBUG - Worker Tech_05 excederia limite diário: 8+2 > 8
2025-12-18 09:34:41,274 - src.logic - DEBUG - Worker Tech_06 excederia limite diário: 8+2 > 8
2025-12-18 09:34:41,274 - src.logic - DEBUG - Worker Tech_07 excederia limite diário: 8+2 > 8
2025-12-18 09:34:41,274 - src.logic - DEBUG - Worker Tech_08 excederia limite diário: 8+2 > 8
2025-12-18 09:34:41,274 - src.logic - DEBUG - Worker Tech_09 excederia limite diário: 8+2 > 8
2025-12-18 09:34:41,274 - src.logic - DEBUG - Worker Tech_10 excederia limite diário: 8+2 > 8
2025-12-18 09:34:41,275 - src.logic - DEBUG - Worker Tech_01 excederia limite diário: 8+2 > 8
2025-12-18 09:34:41,275 - src.logic - DEBUG - Worker Tech_04 excederia limite diário: 7+2 > 8
2025-12-18 09:34:41,275 - src.logic - DEBUG - Worker Tech_05 excederia limite diário: 8+2 > 8
2025-12-18 09:34:41,275 - src.logic - DEBUG - Worker Tech_06 excederia limite diário: 8+2 > 8
2025-12-18 09:34:41,275 - src.logic - DEBUG - Worker Tech_07 excederia limite diário: 8+2 > 8
2025-12-18 09:34:41,275 - src.logic - DEBUG - Worker Tech_08 excederia limite diário: 8+2 > 8
2025-12-18 09:34:41,275 - src.logic - DEBUG - Worker Tech_09 excederia limite diário: 8+2 > 8
2025-12-18 09:34:41,275 - src.logic - DEBUG - Worker Tech_10 excederia limite diário: 8+2 > 8
2025-12-18 09:34:41,275 - src.logic - DEBUG - Worker Tech_01 excederia limite diário: 8+2 > 8
2025-12-18 09:34:41,275 - src.logic - DEBUG - Worker Tech_04 excederia limite diário: 7+2 > 8
2025-12-18 09:34:41,275 - src.logic - DEBUG - Worker Tech_05 excederia limite diário: 8+2 > 8
2025-12-18 09:34:41,276 - src.logic - DEBUG - Worker Tech_06 excederia limite diário: 8+2 > 8
2025-12-18 09:34:41,276 - src.logic - DEBUG - Worker Tech_07 excederia limite diário: 8+2 > 8
2025-12-18 09:34:41,276 - src.logic - DEBUG - Worker Tech_08 excederia limite diário: 8+2 > 8
2025-12-18 09:34:41,276 - src.logic - DEBUG - Worker Tech_09 excederia limite diário: 8+2 > 8
2025-12-18 09:34:41,276 - src.logic - DEBUG - Worker Tech_10 excederia limite diário: 8+2 > 8
2025-12-18 09:34:41,276 - src.logic - DEBUG - Worker Tech_04 ocupado em 152-154
2025-12-18 09:34:41,276 - src.logic - DEBUG - Worker Tech_06 ocupado em 152-156
2025-12-18 09:34:41,276 - src.logic - DEBUG - Worker Tech_07 ocupado em 152-156
2025-12-18 09:34:41,277 - src.logic - DEBUG - Worker Tech_08 ocupado em 152-154
2025-12-18 09:34:41,277 - src.logic - DEBUG - Worker Tech_10 ocupado em 152-154
2025-12-18 09:34:41,277 - src.logic - DEBUG - Worker Tech_04 ocupado em 152-154
2025-12-18 09:34:41,277 - src.logic - DEBUG - Worker Tech_06 ocupado em 152-156
2025-12-18 09:34:41,277 - src.logic - DEBUG - Worker Tech_07 ocupado em 152-156
2025-12-18 09:34:41,277 - src.logic - DEBUG - Worker Tech_08 ocupado em 152-154
2025-12-18 09:34:41,277 - src.logic - DEBUG - Worker Tech_10 ocupado em 152-154
2025-12-18 09:34:41,277 - src.logic - DEBUG - Worker Tech_03 ocupado em 154-157
2025-12-18 09:34:41,277 - src.logic - DEBUG - Worker Tech_04 ocupado em 154-157
2025-12-18 09:34:41,277 - src.logic - DEBUG - Worker Tech_06 ocupado em 152-156
2025-12-18 09:34:41,278 - src.logic - DEBUG - Worker Tech_07 ocupado em 152-156
2025-12-18 09:34:41,278 - src.logic - DEBUG - Worker Tech_08 ocupado em 154-156
2025-12-18 09:34:41,278 - src.logic - DEBUG - Worker Tech_10 excederia limite diário: 7+2 > 8
2025-12-18 09:34:41,279 - src.logic - DEBUG - Worker Tech_03 ocupado em 154-157
2025-12-18 09:34:41,280 - src.logic - DEBUG - Worker Tech_04 ocupado em 154-157
2025-12-18 09:34:41,281 - src.logic - DEBUG - Worker Tech_06 ocupado em 152-156
2025-12-18 09:34:41,281 - src.logic - DEBUG - Worker Tech_07 ocupado em 152-156
2025-12-18 09:34:41,281 - src.logic - DEBUG - Worker Tech_08 ocupado em 154-156
2025-12-18 09:34:41,281 - src.logic - DEBUG - Worker Tech_10 excederia limite diário: 7+2 > 8
2025-12-18 09:34:41,281 - src.logic - DEBUG - Worker Tech_03 ocupado em 154-157
2025-12-18 09:34:41,281 - src.logic - DEBUG - Worker Tech_04 ocupado em 154-157
2025-12-18 09:34:41,281 - src.logic - DEBUG - Worker Tech_06 ocupado em 157-159
2025-12-18 09:34:41,282 - src.logic - DEBUG - Worker Tech_07 ocupado em 156-158
2025-12-18 09:34:41,282 - src.logic - DEBUG - Worker Tech_08 ocupado em 156-158
2025-12-18 09:34:41,282 - src.logic - DEBUG - Worker Tech_10 ocupado em 157-160
2025-12-18 09:34:41,282 - src.logic - DEBUG - Worker Tech_04 ocupado em 157-160
2025-12-18 09:34:41,282 - src.logic - DEBUG - Worker Tech_06 ocupado em 157-159
2025-12-18 09:34:41,282 - src.logic - DEBUG - Worker Tech_07 ocupado em 156-158
2025-12-18 09:34:41,282 - src.logic - DEBUG - Worker Tech_08 ocupado em 156-158
2025-12-18 09:34:41,282 - src.logic - DEBUG - Worker Tech_10 ocupado em 157-160
2025-12-18 09:34:41,283 - src.logic - DEBUG - Worker Tech_04 ocupado em 157-160
2025-12-18 09:34:41,283 - src.logic - DEBUG - Worker Tech_06 ocupado em 157-159
2025-12-18 09:34:41,283 - src.logic - DEBUG - Worker Tech_07 excederia limite diário: 8+2 > 8
2025-12-18 09:34:41,283 - src.logic - DEBUG - Worker Tech_08 excederia limite diário: 8+2 > 8
2025-12-18 09:34:41,283 - src.logic - DEBUG - Worker Tech_10 ocupado em 157-160
2025-12-18 09:34:41,283 - src.logic - DEBUG - Worker Tech_03 ocupado em 160-162
2025-12-18 09:34:41,283 - src.logic - DEBUG - Worker Tech_04 ocupado em 157-160
2025-12-18 09:34:41,283 - src.logic - DEBUG - Worker Tech_06 excederia limite diário: 8+2 > 8
2025-12-18 09:34:41,283 - src.logic - DEBUG - Worker Tech_07 excederia limite diário: 8+2 > 8
2025-12-18 09:34:41,283 - src.logic - DEBUG - Worker Tech_08 excederia limite diário: 8+2 > 8
2025-12-18 09:34:41,283 - src.logic - DEBUG - Worker Tech_10 ocupado em 157-160
2025-12-18 09:34:41,284 - src.logic - DEBUG - Worker Tech_03 ocupado em 160-162
2025-12-18 09:34:41,284 - src.logic - DEBUG - Worker Tech_04 excederia limite diário: 8+2 > 8
2025-12-18 09:34:41,284 - src.logic - DEBUG - Worker Tech_06 excederia limite diário: 8+2 > 8
2025-12-18 09:34:41,284 - src.logic - DEBUG - Worker Tech_07 excederia limite diário: 8+2 > 8
2025-12-18 09:34:41,284 - src.logic - DEBUG - Worker Tech_08 excederia limite diário: 8+2 > 8
2025-12-18 09:34:41,284 - src.logic - DEBUG - Worker Tech_10 excederia limite diário: 7+2 > 8
2025-12-18 09:34:41,284 - src.logic - DEBUG - Worker Tech_03 ocupado em 160-162
2025-12-18 09:34:41,284 - src.logic - DEBUG - Worker Tech_04 excederia limite diário: 8+2 > 8
2025-12-18 09:34:41,284 - src.logic - DEBUG - Worker Tech_06 excederia limite diário: 8+2 > 8
2025-12-18 09:34:41,284 - src.logic - DEBUG - Worker Tech_07 excederia limite diário: 8+2 > 8
2025-12-18 09:34:41,284 - src.logic - DEBUG - Worker Tech_08 excederia limite diário: 8+2 > 8
2025-12-18 09:34:41,284 - src.logic - DEBUG - Worker Tech_10 excederia limite diário: 7+2 > 8
2025-12-18 09:34:41,284 - src.logic - DEBUG - Worker Tech_04 excederia limite diário: 8+2 > 8
2025-12-18 09:34:41,284 - src.logic - DEBUG - Worker Tech_06 excederia limite diário: 8+2 > 8
2025-12-18 09:34:41,284 - src.logic - DEBUG - Worker Tech_07 excederia limite diário: 8+2 > 8
2025-12-18 09:34:41,285 - src.logic - DEBUG - Worker Tech_08 excederia limite diário: 8+2 > 8
2025-12-18 09:34:41,285 - src.logic - DEBUG - Worker Tech_10 excederia limite diário: 7+2 > 8
2025-12-18 09:34:41,285 - src.logic - DEBUG - Worker Tech_04 excederia limite diário: 8+2 > 8
2025-12-18 09:34:41,285 - src.logic - DEBUG - Worker Tech_06 excederia limite diário: 8+2 > 8
2025-12-18 09:34:41,285 - src.logic - DEBUG - Worker Tech_07 excederia limite diário: 8+2 > 8
2025-12-18 09:34:41,285 - src.logic - DEBUG - Worker Tech_08 excederia limite diário: 8+2 > 8
2025-12-18 09:34:41,285 - src.logic - DEBUG - Worker Tech_10 excederia limite diário: 7+2 > 8
2025-12-18 09:34:41,285 - src.logic - DEBUG - Worker Tech_04 excederia limite diário: 8+2 > 8
2025-12-18 09:34:41,285 - src.logic - DEBUG - Worker Tech_06 excederia limite diário: 8+2 > 8
2025-12-18 09:34:41,285 - src.logic - DEBUG - Worker Tech_07 excederia limite diário: 8+2 > 8
2025-12-18 09:34:41,285 - src.logic - DEBUG - Worker Tech_08 excederia limite diário: 8+2 > 8
2025-12-18 09:34:41,285 - src.logic - DEBUG - Worker Tech_10 excederia limite diário: 7+2 > 8
2025-12-18 09:34:41,285 - src.logic - DEBUG - Worker Tech_04 excederia limite diário: 8+2 > 8
2025-12-18 09:34:41,286 - src.logic - DEBUG - Worker Tech_06 excederia limite diário: 8+2 > 8
2025-12-18 09:34:41,286 - src.logic - DEBUG - Worker Tech_07 excederia limite diário: 8+2 > 8
2025-12-18 09:34:41,286 - src.logic - DEBUG - Worker Tech_08 excederia limite diário: 8+2 > 8
2025-12-18 09:34:41,286 - src.logic - DEBUG - Worker Tech_10 excederia limite diário: 7+2 > 8
2025-12-18 09:34:41,286 - src.logic - DEBUG - Server TEST_Database_02 ocupado em 126-128
2025-12-18 09:34:41,286 - src.logic - DEBUG - Server TEST_Database_02 ocupado em 126-128
2025-12-18 09:34:41,287 - src.logic - DEBUG - Worker Tech_01 ocupado em 128-131
2025-12-18 09:34:41,287 - src.logic - DEBUG - Worker Tech_05 ocupado em 128-131
2025-12-18 09:34:41,287 - src.logic - DEBUG - Worker Tech_06 ocupado em 128-131
2025-12-18 09:34:41,287 - src.logic - DEBUG - Worker Tech_07 ocupado em 128-131
2025-12-18 09:34:41,287 - src.logic - DEBUG - Worker Tech_08 ocupado em 128-131
2025-12-18 09:34:41,287 - src.logic - DEBUG - Worker Tech_09 ocupado em 128-131
2025-12-18 09:34:41,287 - src.logic - DEBUG - Worker Tech_10 ocupado em 128-131
2025-12-18 09:34:41,287 - src.logic - DEBUG - Worker Tech_01 ocupado em 128-131
2025-12-18 09:34:41,287 - src.logic - DEBUG - Worker Tech_05 ocupado em 128-131
2025-12-18 09:34:41,287 - src.logic - DEBUG - Worker Tech_06 ocupado em 128-131
2025-12-18 09:34:41,287 - src.logic - DEBUG - Worker Tech_07 ocupado em 128-131
2025-12-18 09:34:41,287 - src.logic - DEBUG - Worker Tech_08 ocupado em 128-131
2025-12-18 09:34:41,287 - src.logic - DEBUG - Worker Tech_09 ocupado em 128-131
2025-12-18 09:34:41,288 - src.logic - DEBUG - Worker Tech_10 ocupado em 128-131
2025-12-18 09:34:41,288 - src.logic - DEBUG - Server TEST_Database_02 ocupado em 131-133
2025-12-18 09:34:41,288 - src.logic - DEBUG - Server TEST_Database_02 ocupado em 131-133
2025-12-18 09:34:41,288 - src.logic - DEBUG - Server TEST_Database_02 ocupado em 131-133
2025-12-18 09:34:41,288 - src.logic - DEBUG - Worker Tech_01 ocupado em 131-134
2025-12-18 09:34:41,288 - src.logic - DEBUG - Worker Tech_05 ocupado em 131-134
2025-12-18 09:34:41,288 - src.logic - DEBUG - Worker Tech_06 ocupado em 131-134
2025-12-18 09:34:41,288 - src.logic - DEBUG - Worker Tech_07 ocupado em 131-134
2025-12-18 09:34:41,288 - src.logic - DEBUG - Worker Tech_08 ocupado em 131-134
2025-12-18 09:34:41,288 - src.logic - DEBUG - Worker Tech_09 ocupado em 133-134
2025-12-18 09:34:41,288 - src.logic - DEBUG - Worker Tech_10 ocupado em 133-134
2025-12-18 09:34:41,288 - src.logic - DEBUG - Worker Tech_01 excederia limite diário: 8+2 > 8
2025-12-18 09:34:41,288 - src.logic - DEBUG - Worker Tech_05 excederia limite diário: 8+2 > 8
2025-12-18 09:34:41,288 - src.logic - DEBUG - Worker Tech_06 excederia limite diário: 8+2 > 8
2025-12-18 09:34:41,289 - src.logic - DEBUG - Worker Tech_07 excederia limite diário: 8+2 > 8
2025-12-18 09:34:41,289 - src.logic - DEBUG - Worker Tech_08 excederia limite diário: 8+2 > 8
2025-12-18 09:34:41,289 - src.logic - DEBUG - Worker Tech_09 excederia limite diário: 8+2 > 8
2025-12-18 09:34:41,289 - src.logic - DEBUG - Worker Tech_10 excederia limite diário: 8+2 > 8
2025-12-18 09:34:41,289 - src.logic - DEBUG - Worker Tech_01 excederia limite diário: 8+2 > 8
2025-12-18 09:34:41,289 - src.logic - DEBUG - Worker Tech_05 excederia limite diário: 8+2 > 8
2025-12-18 09:34:41,289 - src.logic - DEBUG - Worker Tech_06 excederia limite diário: 8+2 > 8
2025-12-18 09:34:41,289 - src.logic - DEBUG - Worker Tech_07 excederia limite diário: 8+2 > 8
2025-12-18 09:34:41,289 - src.logic - DEBUG - Worker Tech_08 excederia limite diário: 8+2 > 8
2025-12-18 09:34:41,290 - src.logic - DEBUG - Worker Tech_09 excederia limite diário: 8+2 > 8
2025-12-18 09:34:41,290 - src.logic - DEBUG - Worker Tech_10 excederia limite diário: 8+2 > 8
2025-12-18 09:34:41,290 - src.logic - DEBUG - Worker Tech_01 excederia limite diário: 8+2 > 8
2025-12-18 09:34:41,290 - src.logic - DEBUG - Worker Tech_05 excederia limite diário: 8+2 > 8
2025-12-18 09:34:41,290 - src.logic - DEBUG - Worker Tech_06 excederia limite diário: 8+2 > 8
2025-12-18 09:34:41,290 - src.logic - DEBUG - Worker Tech_07 excederia limite diário: 8+2 > 8
2025-12-18 09:34:41,290 - src.logic - DEBUG - Worker Tech_08 excederia limite diário: 8+2 > 8
2025-12-18 09:34:41,290 - src.logic - DEBUG - Worker Tech_09 excederia limite diário: 8+2 > 8
2025-12-18 09:34:41,290 - src.logic - DEBUG - Worker Tech_10 excederia limite diário: 8+2 > 8
2025-12-18 09:34:41,290 - src.logic - DEBUG - Worker Tech_01 excederia limite diário: 8+2 > 8
2025-12-18 09:34:41,290 - src.logic - DEBUG - Worker Tech_05 excederia limite diário: 8+2 > 8
2025-12-18 09:34:41,290 - src.logic - DEBUG - Worker Tech_06 excederia limite diário: 8+2 > 8
2025-12-18 09:34:41,290 - src.logic - DEBUG - Worker Tech_07 excederia limite diário: 8+2 > 8
2025-12-18 09:34:41,290 - src.logic - DEBUG - Worker Tech_08 excederia limite diário: 8+2 > 8
2025-12-18 09:34:41,290 - src.logic - DEBUG - Worker Tech_09 excederia limite diário: 8+2 > 8
2025-12-18 09:34:41,290 - src.logic - DEBUG - Worker Tech_10 excederia limite diário: 8+2 > 8
2025-12-18 09:34:41,291 - src.logic - DEBUG - Worker Tech_01 excederia limite diário: 8+2 > 8
2025-12-18 09:34:41,291 - src.logic - DEBUG - Worker Tech_05 excederia limite diário: 8+2 > 8
2025-12-18 09:34:41,291 - src.logic - DEBUG - Worker Tech_06 excederia limite diário: 8+2 > 8
2025-12-18 09:34:41,291 - src.logic - DEBUG - Worker Tech_07 excederia limite diário: 8+2 > 8
2025-12-18 09:34:41,291 - src.logic - DEBUG - Worker Tech_08 excederia limite diário: 8+2 > 8
2025-12-18 09:34:41,291 - src.logic - DEBUG - Worker Tech_09 excederia limite diário: 8+2 > 8
2025-12-18 09:34:41,291 - src.logic - DEBUG - Worker Tech_10 excederia limite diário: 8+2 > 8
2025-12-18 09:34:41,291 - src.logic - DEBUG - Worker Tech_01 excederia limite diário: 8+2 > 8
2025-12-18 09:34:41,291 - src.logic - DEBUG - Worker Tech_05 excederia limite diário: 8+2 > 8
2025-12-18 09:34:41,292 - src.logic - DEBUG - Worker Tech_06 excederia limite diário: 8+2 > 8
2025-12-18 09:34:41,292 - src.logic - DEBUG - Worker Tech_07 excederia limite diário: 8+2 > 8
2025-12-18 09:34:41,292 - src.logic - DEBUG - Worker Tech_08 excederia limite diário: 8+2 > 8
2025-12-18 09:34:41,292 - src.logic - DEBUG - Worker Tech_09 excederia limite diário: 8+2 > 8
2025-12-18 09:34:41,292 - src.logic - DEBUG - Worker Tech_10 excederia limite diário: 8+2 > 8
2025-12-18 09:34:41,292 - src.logic - DEBUG - Worker Tech_06 ocupado em 150-151
2025-12-18 09:34:41,292 - src.logic - DEBUG - Worker Tech_07 ocupado em 150-151
2025-12-18 09:34:41,292 - src.logic - DEBUG - Worker Tech_08 ocupado em 150-152
2025-12-18 09:34:41,292 - src.logic - DEBUG - Worker Tech_10 ocupado em 150-152
2025-12-18 09:34:41,292 - src.logic - DEBUG - Server TEST_Database_02 ocupado em 152-154
2025-12-18 09:34:41,292 - src.logic - DEBUG - Server TEST_Database_02 ocupado em 152-154
2025-12-18 09:34:41,292 - src.logic - DEBUG - Server TEST_Database_02 ocupado em 152-154
2025-12-18 09:34:41,292 - src.logic - DEBUG - Worker Tech_06 ocupado em 152-156
2025-12-18 09:34:41,292 - src.logic - DEBUG - Worker Tech_07 ocupado em 152-156
2025-12-18 09:34:41,292 - src.logic - DEBUG - Worker Tech_08 ocupado em 154-156
2025-12-18 09:34:41,293 - src.logic - DEBUG - Worker Tech_10 excederia limite diário: 7+2 > 8
2025-12-18 09:34:41,293 - src.logic - DEBUG - Worker Tech_06 ocupado em 152-156
2025-12-18 09:34:41,293 - src.logic - DEBUG - Worker Tech_07 ocupado em 152-156
2025-12-18 09:34:41,293 - src.logic - DEBUG - Worker Tech_08 ocupado em 154-156
2025-12-18 09:34:41,293 - src.logic - DEBUG - Worker Tech_10 excederia limite diário: 7+2 > 8
2025-12-18 09:34:41,293 - src.logic - DEBUG - Worker Tech_06 ocupado em 157-159
2025-12-18 09:34:41,293 - src.logic - DEBUG - Worker Tech_07 ocupado em 156-158
2025-12-18 09:34:41,293 - src.logic - DEBUG - Worker Tech_08 ocupado em 156-158
2025-12-18 09:34:41,293 - src.logic - DEBUG - Worker Tech_10 ocupado em 157-160
2025-12-18 09:34:41,293 - src.logic - DEBUG - Worker Tech_06 ocupado em 157-159
2025-12-18 09:34:41,293 - src.logic - DEBUG - Worker Tech_07 ocupado em 156-158
2025-12-18 09:34:41,293 - src.logic - DEBUG - Worker Tech_08 ocupado em 156-158
2025-12-18 09:34:41,293 - src.logic - DEBUG - Worker Tech_10 ocupado em 157-160
2025-12-18 09:34:41,293 - src.logic - DEBUG - Worker Tech_06 ocupado em 157-159
2025-12-18 09:34:41,293 - src.logic - DEBUG - Worker Tech_07 excederia limite diário: 8+2 > 8
2025-12-18 09:34:41,293 - src.logic - DEBUG - Worker Tech_08 excederia limite diário: 8+2 > 8
2025-12-18 09:34:41,294 - src.logic - DEBUG - Worker Tech_10 ocupado em 157-160
2025-12-18 09:34:41,294 - src.logic - DEBUG - Worker Tech_06 excederia limite diário: 8+2 > 8
2025-12-18 09:34:41,294 - src.logic - DEBUG - Worker Tech_07 excederia limite diário: 8+2 > 8
2025-12-18 09:34:41,294 - src.logic - DEBUG - Worker Tech_08 excederia limite diário: 8+2 > 8
2025-12-18 09:34:41,294 - src.logic - DEBUG - Worker Tech_10 ocupado em 157-160
2025-12-18 09:34:41,294 - src.logic - DEBUG - Worker Tech_06 excederia limite diário: 8+2 > 8
2025-12-18 09:34:41,294 - src.logic - DEBUG - Worker Tech_07 excederia limite diário: 8+2 > 8
2025-12-18 09:34:41,294 - src.logic - DEBUG - Worker Tech_08 excederia limite diário: 8+2 > 8
2025-12-18 09:34:41,294 - src.logic - DEBUG - Worker Tech_10 excederia limite diário: 7+2 > 8
2025-12-18 09:34:41,294 - src.logic - DEBUG - Worker Tech_06 excederia limite diário: 8+2 > 8
2025-12-18 09:34:41,294 - src.logic - DEBUG - Worker Tech_07 excederia limite diário: 8+2 > 8
2025-12-18 09:34:41,294 - src.logic - DEBUG - Worker Tech_08 excederia limite diário: 8+2 > 8
2025-12-18 09:34:41,294 - src.logic - DEBUG - Worker Tech_10 excederia limite diário: 7+2 > 8
2025-12-18 09:34:41,294 - src.logic - DEBUG - Worker Tech_06 excederia limite diário: 8+2 > 8
2025-12-18 09:34:41,295 - src.logic - DEBUG - Worker Tech_07 excederia limite diário: 8+2 > 8
2025-12-18 09:34:41,295 - src.logic - DEBUG - Worker Tech_08 excederia limite diário: 8+2 > 8
2025-12-18 09:34:41,295 - src.logic - DEBUG - Worker Tech_10 excederia limite diário: 7+2 > 8
2025-12-18 09:34:41,295 - src.logic - DEBUG - Worker Tech_06 excederia limite diário: 8+2 > 8
2025-12-18 09:34:41,295 - src.logic - DEBUG - Worker Tech_07 excederia limite diário: 8+2 > 8
2025-12-18 09:34:41,295 - src.logic - DEBUG - Worker Tech_08 excederia limite diário: 8+2 > 8
2025-12-18 09:34:41,295 - src.logic - DEBUG - Worker Tech_10 excederia limite diário: 7+2 > 8
2025-12-18 09:34:41,295 - src.logic - DEBUG - Server TEST_Monitoring_02 ocupado em 126-128
2025-12-18 09:34:41,295 - src.logic - DEBUG - Server TEST_Monitoring_02 ocupado em 126-128
2025-12-18 09:34:41,295 - src.logic - DEBUG - Worker Tech_01 ocupado em 128-131
2025-12-18 09:34:41,295 - src.logic - DEBUG - Worker Tech_05 ocupado em 128-131
2025-12-18 09:34:41,295 - src.logic - DEBUG - Worker Tech_06 ocupado em 128-131
2025-12-18 09:34:41,296 - src.logic - DEBUG - Worker Tech_07 ocupado em 128-131
2025-12-18 09:34:41,296 - src.logic - DEBUG - Worker Tech_08 ocupado em 128-131
2025-12-18 09:34:41,296 - src.logic - DEBUG - Worker Tech_09 ocupado em 128-131
2025-12-18 09:34:41,297 - src.logic - DEBUG - Worker Tech_10 ocupado em 128-131
2025-12-18 09:34:41,297 - src.logic - DEBUG - Worker Tech_01 ocupado em 128-131
2025-12-18 09:34:41,297 - src.logic - DEBUG - Worker Tech_05 ocupado em 128-131
2025-12-18 09:34:41,297 - src.logic - DEBUG - Worker Tech_06 ocupado em 128-131
2025-12-18 09:34:41,298 - src.logic - DEBUG - Worker Tech_07 ocupado em 128-131
2025-12-18 09:34:41,298 - src.logic - DEBUG - Worker Tech_08 ocupado em 128-131
2025-12-18 09:34:41,298 - src.logic - DEBUG - Worker Tech_09 ocupado em 128-131
2025-12-18 09:34:41,298 - src.logic - DEBUG - Worker Tech_10 ocupado em 128-131
2025-12-18 09:34:41,298 - src.logic - DEBUG - Server TEST_Monitoring_02 ocupado em 131-133
2025-12-18 09:34:41,298 - src.logic - DEBUG - Server TEST_Monitoring_02 ocupado em 131-133
2025-12-18 09:34:41,299 - src.logic - DEBUG - Server TEST_Monitoring_02 ocupado em 131-133
2025-12-18 09:34:41,299 - src.logic - DEBUG - Worker Tech_01 ocupado em 131-134
2025-12-18 09:34:41,299 - src.logic - DEBUG - Worker Tech_05 ocupado em 131-134
2025-12-18 09:34:41,299 - src.logic - DEBUG - Worker Tech_06 ocupado em 131-134
2025-12-18 09:34:41,299 - src.logic - DEBUG - Worker Tech_07 ocupado em 131-134
2025-12-18 09:34:41,299 - src.logic - DEBUG - Worker Tech_08 ocupado em 131-134
2025-12-18 09:34:41,299 - src.logic - DEBUG - Worker Tech_09 ocupado em 133-134
2025-12-18 09:34:41,299 - src.logic - DEBUG - Worker Tech_10 ocupado em 133-134
2025-12-18 09:34:41,299 - src.logic - DEBUG - Worker Tech_01 excederia limite diário: 8+2 > 8
2025-12-18 09:34:41,299 - src.logic - DEBUG - Worker Tech_05 excederia limite diário: 8+2 > 8
2025-12-18 09:34:41,299 - src.logic - DEBUG - Worker Tech_06 excederia limite diário: 8+2 > 8
2025-12-18 09:34:41,299 - src.logic - DEBUG - Worker Tech_07 excederia limite diário: 8+2 > 8
2025-12-18 09:34:41,299 - src.logic - DEBUG - Worker Tech_08 excederia limite diário: 8+2 > 8
2025-12-18 09:34:41,299 - src.logic - DEBUG - Worker Tech_09 excederia limite diário: 8+2 > 8
2025-12-18 09:34:41,299 - src.logic - DEBUG - Worker Tech_10 excederia limite diário: 8+2 > 8
2025-12-18 09:34:41,300 - src.logic - DEBUG - Worker Tech_01 excederia limite diário: 8+2 > 8
2025-12-18 09:34:41,300 - src.logic - DEBUG - Worker Tech_05 excederia limite diário: 8+2 > 8
2025-12-18 09:34:41,300 - src.logic - DEBUG - Worker Tech_06 excederia limite diário: 8+2 > 8
2025-12-18 09:34:41,300 - src.logic - DEBUG - Worker Tech_07 excederia limite diário: 8+2 > 8
2025-12-18 09:34:41,300 - src.logic - DEBUG - Worker Tech_08 excederia limite diário: 8+2 > 8
2025-12-18 09:34:41,300 - src.logic - DEBUG - Worker Tech_09 excederia limite diário: 8+2 > 8
2025-12-18 09:34:41,300 - src.logic - DEBUG - Worker Tech_10 excederia limite diário: 8+2 > 8
2025-12-18 09:34:41,300 - src.logic - DEBUG - Worker Tech_01 excederia limite diário: 8+2 > 8
2025-12-18 09:34:41,300 - src.logic - DEBUG - Worker Tech_05 excederia limite diário: 8+2 > 8
2025-12-18 09:34:41,300 - src.logic - DEBUG - Worker Tech_06 excederia limite diário: 8+2 > 8
2025-12-18 09:34:41,300 - src.logic - DEBUG - Worker Tech_07 excederia limite diário: 8+2 > 8
2025-12-18 09:34:41,300 - src.logic - DEBUG - Worker Tech_08 excederia limite diário: 8+2 > 8
2025-12-18 09:34:41,300 - src.logic - DEBUG - Worker Tech_09 excederia limite diário: 8+2 > 8
2025-12-18 09:34:41,300 - src.logic - DEBUG - Worker Tech_10 excederia limite diário: 8+2 > 8
2025-12-18 09:34:41,300 - src.logic - DEBUG - Worker Tech_01 excederia limite diário: 8+2 > 8
2025-12-18 09:34:41,301 - src.logic - DEBUG - Worker Tech_05 excederia limite diário: 8+2 > 8
2025-12-18 09:34:41,301 - src.logic - DEBUG - Worker Tech_06 excederia limite diário: 8+2 > 8
2025-12-18 09:34:41,301 - src.logic - DEBUG - Worker Tech_07 excederia limite diário: 8+2 > 8
2025-12-18 09:34:41,301 - src.logic - DEBUG - Worker Tech_08 excederia limite diário: 8+2 > 8
2025-12-18 09:34:41,301 - src.logic - DEBUG - Worker Tech_09 excederia limite diário: 8+2 > 8
2025-12-18 09:34:41,301 - src.logic - DEBUG - Worker Tech_10 excederia limite diário: 8+2 > 8
2025-12-18 09:34:41,301 - src.logic - DEBUG - Worker Tech_01 excederia limite diário: 8+2 > 8
2025-12-18 09:34:41,301 - src.logic - DEBUG - Worker Tech_05 excederia limite diário: 8+2 > 8
2025-12-18 09:34:41,302 - src.logic - DEBUG - Worker Tech_06 excederia limite diário: 8+2 > 8
2025-12-18 09:34:41,302 - src.logic - DEBUG - Worker Tech_07 excederia limite diário: 8+2 > 8
2025-12-18 09:34:41,302 - src.logic - DEBUG - Worker Tech_08 excederia limite diário: 8+2 > 8
2025-12-18 09:34:41,302 - src.logic - DEBUG - Worker Tech_09 excederia limite diário: 8+2 > 8
2025-12-18 09:34:41,302 - src.logic - DEBUG - Worker Tech_10 excederia limite diário: 8+2 > 8
2025-12-18 09:34:41,303 - src.logic - DEBUG - Worker Tech_01 excederia limite diário: 8+2 > 8
2025-12-18 09:34:41,303 - src.logic - DEBUG - Worker Tech_05 excederia limite diário: 8+2 > 8
2025-12-18 09:34:41,303 - src.logic - DEBUG - Worker Tech_06 excederia limite diário: 8+2 > 8
2025-12-18 09:34:41,303 - src.logic - DEBUG - Worker Tech_07 excederia limite diário: 8+2 > 8
2025-12-18 09:34:41,303 - src.logic - DEBUG - Worker Tech_08 excederia limite diário: 8+2 > 8
2025-12-18 09:34:41,303 - src.logic - DEBUG - Worker Tech_09 excederia limite diário: 8+2 > 8
2025-12-18 09:34:41,303 - src.logic - DEBUG - Worker Tech_10 excederia limite diário: 8+2 > 8
2025-12-18 09:34:41,304 - src.logic - DEBUG - Worker Tech_06 ocupado em 150-151
2025-12-18 09:34:41,304 - src.logic - DEBUG - Worker Tech_07 ocupado em 150-151
2025-12-18 09:34:41,304 - src.logic - DEBUG - Worker Tech_08 ocupado em 150-152
2025-12-18 09:34:41,304 - src.logic - DEBUG - Worker Tech_10 ocupado em 150-152
2025-12-18 09:34:41,304 - src.logic - DEBUG - Worker Tech_06 ocupado em 152-156
2025-12-18 09:34:41,304 - src.logic - DEBUG - Worker Tech_07 ocupado em 152-156
2025-12-18 09:34:41,304 - src.logic - DEBUG - Worker Tech_08 ocupado em 152-154
2025-12-18 09:34:41,304 - src.logic - DEBUG - Worker Tech_10 ocupado em 152-154
2025-12-18 09:34:41,305 - src.logic - DEBUG - Worker Tech_06 ocupado em 152-156
2025-12-18 09:34:41,305 - src.logic - DEBUG - Worker Tech_07 ocupado em 152-156
2025-12-18 09:34:41,305 - src.logic - DEBUG - Worker Tech_08 ocupado em 152-154
2025-12-18 09:34:41,305 - src.logic - DEBUG - Worker Tech_10 ocupado em 152-154
2025-12-18 09:34:41,305 - src.logic - DEBUG - Worker Tech_06 ocupado em 152-156
2025-12-18 09:34:41,305 - src.logic - DEBUG - Worker Tech_07 ocupado em 152-156
2025-12-18 09:34:41,305 - src.logic - DEBUG - Worker Tech_08 ocupado em 154-156
2025-12-18 09:34:41,305 - src.logic - DEBUG - Worker Tech_10 excederia limite diário: 7+2 > 8
2025-12-18 09:34:41,305 - src.logic - DEBUG - Worker Tech_06 ocupado em 152-156
2025-12-18 09:34:41,305 - src.logic - DEBUG - Worker Tech_07 ocupado em 152-156
2025-12-18 09:34:41,306 - src.logic - DEBUG - Worker Tech_08 ocupado em 154-156
2025-12-18 09:34:41,306 - src.logic - DEBUG - Worker Tech_10 excederia limite diário: 7+2 > 8
2025-12-18 09:34:41,306 - src.logic - DEBUG - Worker Tech_06 ocupado em 157-159
2025-12-18 09:34:41,306 - src.logic - DEBUG - Worker Tech_07 ocupado em 156-158
2025-12-18 09:34:41,306 - src.logic - DEBUG - Worker Tech_08 ocupado em 156-158
2025-12-18 09:34:41,306 - src.logic - DEBUG - Worker Tech_10 ocupado em 157-160
2025-12-18 09:34:41,306 - src.logic - DEBUG - Worker Tech_06 ocupado em 157-159
2025-12-18 09:34:41,306 - src.logic - DEBUG - Worker Tech_07 ocupado em 156-158
2025-12-18 09:34:41,306 - src.logic - DEBUG - Worker Tech_08 ocupado em 156-158
2025-12-18 09:34:41,306 - src.logic - DEBUG - Worker Tech_10 ocupado em 157-160
2025-12-18 09:34:41,306 - src.logic - DEBUG - Worker Tech_06 ocupado em 157-159
2025-12-18 09:34:41,306 - src.logic - DEBUG - Worker Tech_07 excederia limite diário: 8+2 > 8
2025-12-18 09:34:41,306 - src.logic - DEBUG - Worker Tech_08 excederia limite diário: 8+2 > 8
2025-12-18 09:34:41,306 - src.logic - DEBUG - Worker Tech_10 ocupado em 157-160
2025-12-18 09:34:41,306 - src.logic - DEBUG - Worker Tech_06 excederia limite diário: 8+2 > 8
2025-12-18 09:34:41,307 - src.logic - DEBUG - Worker Tech_07 excederia limite diário: 8+2 > 8
2025-12-18 09:34:41,307 - src.logic - DEBUG - Worker Tech_08 excederia limite diário: 8+2 > 8
2025-12-18 09:34:41,307 - src.logic - DEBUG - Worker Tech_10 ocupado em 157-160
2025-12-18 09:34:41,307 - src.logic - DEBUG - Worker Tech_06 excederia limite diário: 8+2 > 8
2025-12-18 09:34:41,307 - src.logic - DEBUG - Worker Tech_07 excederia limite diário: 8+2 > 8
2025-12-18 09:34:41,307 - src.logic - DEBUG - Worker Tech_08 excederia limite diário: 8+2 > 8
2025-12-18 09:34:41,307 - src.logic - DEBUG - Worker Tech_10 excederia limite diário: 7+2 > 8
2025-12-18 09:34:41,308 - src.logic - DEBUG - Worker Tech_06 excederia limite diário: 8+2 > 8
2025-12-18 09:34:41,308 - src.logic - DEBUG - Worker Tech_07 excederia limite diário: 8+2 > 8
2025-12-18 09:34:41,308 - src.logic - DEBUG - Worker Tech_08 excederia limite diário: 8+2 > 8
2025-12-18 09:34:41,308 - src.logic - DEBUG - Worker Tech_10 excederia limite diário: 7+2 > 8
2025-12-18 09:34:41,308 - src.logic - DEBUG - Worker Tech_06 excederia limite diário: 8+2 > 8
2025-12-18 09:34:41,308 - src.logic - DEBUG - Worker Tech_07 excederia limite diário: 8+2 > 8
2025-12-18 09:34:41,308 - src.logic - DEBUG - Worker Tech_08 excederia limite diário: 8+2 > 8
2025-12-18 09:34:41,308 - src.logic - DEBUG - Worker Tech_10 excederia limite diário: 7+2 > 8
2025-12-18 09:34:41,308 - src.logic - DEBUG - Worker Tech_06 excederia limite diário: 8+2 > 8
2025-12-18 09:34:41,308 - src.logic - DEBUG - Worker Tech_07 excederia limite diário: 8+2 > 8
2025-12-18 09:34:41,308 - src.logic - DEBUG - Worker Tech_08 excederia limite diário: 8+2 > 8
2025-12-18 09:34:41,309 - src.logic - DEBUG - Worker Tech_10 excederia limite diário: 7+2 > 8
2025-12-18 09:34:41,309 - src.logic - DEBUG - Worker Tech_05 ocupado em 18-20
2025-12-18 09:34:41,309 - src.logic - DEBUG - Worker Tech_07 ocupado em 18-20
2025-12-18 09:34:41,309 - src.logic - DEBUG - Worker Tech_05 ocupado em 42-44
2025-12-18 09:34:41,309 - src.logic - DEBUG - Worker Tech_07 ocupado em 42-44
2025-12-18 09:34:41,310 - src.logic - DEBUG - Worker Tech_05 ocupado em 66-68
2025-12-18 09:34:41,310 - src.logic - DEBUG - Worker Tech_07 ocupado em 66-68
2025-12-18 09:34:41,310 - src.logic - DEBUG - Worker Tech_05 ocupado em 90-92
2025-12-18 09:34:41,310 - src.logic - DEBUG - Worker Tech_07 ocupado em 90-92
2025-12-18 09:34:41,310 - src.logic - DEBUG - Worker Tech_05 ocupado em 114-116
2025-12-18 09:34:41,310 - src.logic - DEBUG - Worker Tech_07 ocupado em 114-116
2025-12-18 09:34:41,310 - src.logic - DEBUG - Server DEV_ERP_01 ocupado em 128-131
2025-12-18 09:34:41,310 - src.logic - DEBUG - Server DEV_ERP_01 ocupado em 128-131
2025-12-18 09:34:41,310 - src.logic - DEBUG - Server DEV_ERP_01 ocupado em 128-131
2025-12-18 09:34:41,311 - src.logic - DEBUG - Worker Tech_01 ocupado em 131-134
2025-12-18 09:34:41,311 - src.logic - DEBUG - Worker Tech_03 ocupado em 130-133
2025-12-18 09:34:41,311 - src.logic - DEBUG - Worker Tech_04 excederia limite diário: 7+2 > 8
2025-12-18 09:34:41,311 - src.logic - DEBUG - Worker Tech_05 ocupado em 131-134
2025-12-18 09:34:41,311 - src.logic - DEBUG - Worker Tech_06 ocupado em 131-134
2025-12-18 09:34:41,311 - src.logic - DEBUG - Worker Tech_07 ocupado em 131-134
2025-12-18 09:34:41,311 - src.logic - DEBUG - Worker Tech_08 ocupado em 131-134
2025-12-18 09:34:41,311 - src.logic - DEBUG - Worker Tech_09 ocupado em 131-133
2025-12-18 09:34:41,311 - src.logic - DEBUG - Worker Tech_10 ocupado em 131-133
2025-12-18 09:34:41,311 - src.logic - DEBUG - Worker Tech_01 ocupado em 131-134
2025-12-18 09:34:41,311 - src.logic - DEBUG - Worker Tech_03 ocupado em 130-133
2025-12-18 09:34:41,311 - src.logic - DEBUG - Worker Tech_04 excederia limite diário: 7+2 > 8
2025-12-18 09:34:41,311 - src.logic - DEBUG - Worker Tech_05 ocupado em 131-134
2025-12-18 09:34:41,311 - src.logic - DEBUG - Worker Tech_06 ocupado em 131-134
2025-12-18 09:34:41,311 - src.logic - DEBUG - Worker Tech_07 ocupado em 131-134
2025-12-18 09:34:41,311 - src.logic - DEBUG - Worker Tech_08 ocupado em 131-134
2025-12-18 09:34:41,311 - src.logic - DEBUG - Worker Tech_09 ocupado em 131-133
2025-12-18 09:34:41,312 - src.logic - DEBUG - Worker Tech_10 ocupado em 131-133
2025-12-18 09:34:41,312 - src.logic - DEBUG - Worker Tech_01 ocupado em 131-134
2025-12-18 09:34:41,312 - src.logic - DEBUG - Worker Tech_04 excederia limite diário: 7+2 > 8
2025-12-18 09:34:41,312 - src.logic - DEBUG - Worker Tech_05 ocupado em 131-134
2025-12-18 09:34:41,312 - src.logic - DEBUG - Worker Tech_06 ocupado em 131-134
2025-12-18 09:34:41,312 - src.logic - DEBUG - Worker Tech_07 ocupado em 131-134
2025-12-18 09:34:41,313 - src.logic - DEBUG - Worker Tech_08 ocupado em 131-134
2025-12-18 09:34:41,313 - src.logic - DEBUG - Worker Tech_09 ocupado em 133-134
2025-12-18 09:34:41,313 - src.logic - DEBUG - Worker Tech_10 ocupado em 133-134
2025-12-18 09:34:41,313 - src.logic - DEBUG - Worker Tech_01 excederia limite diário: 8+2 > 8
2025-12-18 09:34:41,313 - src.logic - DEBUG - Worker Tech_04 ocupado em 135-139
2025-12-18 09:34:41,313 - src.logic - DEBUG - Worker Tech_05 excederia limite diário: 8+2 > 8
2025-12-18 09:34:41,313 - src.logic - DEBUG - Worker Tech_06 excederia limite diário: 8+2 > 8
2025-12-18 09:34:41,314 - src.logic - DEBUG - Worker Tech_07 excederia limite diário: 8+2 > 8
2025-12-18 09:34:41,314 - src.logic - DEBUG - Worker Tech_08 excederia limite diário: 8+2 > 8
2025-12-18 09:34:41,314 - src.logic - DEBUG - Worker Tech_09 excederia limite diário: 8+2 > 8
2025-12-18 09:34:41,314 - src.logic - DEBUG - Worker Tech_10 excederia limite diário: 8+2 > 8
2025-12-18 09:34:41,314 - src.logic - DEBUG - Worker Tech_01 excederia limite diário: 8+2 > 8
2025-12-18 09:34:41,314 - src.logic - DEBUG - Worker Tech_03 ocupado em 135-139
2025-12-18 09:34:41,314 - src.logic - DEBUG - Worker Tech_04 ocupado em 135-139
2025-12-18 09:34:41,315 - src.logic - DEBUG - Worker Tech_05 excederia limite diário: 8+2 > 8
2025-12-18 09:34:41,315 - src.logic - DEBUG - Worker Tech_06 excederia limite diário: 8+2 > 8
2025-12-18 09:34:41,315 - src.logic - DEBUG - Worker Tech_07 excederia limite diário: 8+2 > 8
2025-12-18 09:34:41,315 - src.logic - DEBUG - Worker Tech_08 excederia limite diário: 8+2 > 8
2025-12-18 09:34:41,315 - src.logic - DEBUG - Worker Tech_09 excederia limite diário: 8+2 > 8
2025-12-18 09:34:41,315 - src.logic - DEBUG - Worker Tech_10 excederia limite diário: 8+2 > 8
2025-12-18 09:34:41,315 - src.logic - DEBUG - Worker Tech_01 excederia limite diário: 8+2 > 8
2025-12-18 09:34:41,316 - src.logic - DEBUG - Worker Tech_03 ocupado em 135-139
2025-12-18 09:34:41,316 - src.logic - DEBUG - Worker Tech_04 ocupado em 135-139
2025-12-18 09:34:41,316 - src.logic - DEBUG - Worker Tech_05 excederia limite diário: 8+2 > 8
2025-12-18 09:34:41,316 - src.logic - DEBUG - Worker Tech_06 excederia limite diário: 8+2 > 8
2025-12-18 09:34:41,316 - src.logic - DEBUG - Worker Tech_07 excederia limite diário: 8+2 > 8
2025-12-18 09:34:41,316 - src.logic - DEBUG - Worker Tech_08 excederia limite diário: 8+2 > 8
2025-12-18 09:34:41,316 - src.logic - DEBUG - Worker Tech_09 excederia limite diário: 8+2 > 8
2025-12-18 09:34:41,316 - src.logic - DEBUG - Worker Tech_10 excederia limite diário: 8+2 > 8
2025-12-18 09:34:41,316 - src.logic - DEBUG - Worker Tech_01 excederia limite diário: 8+2 > 8
2025-12-18 09:34:41,316 - src.logic - DEBUG - Worker Tech_03 ocupado em 135-139
2025-12-18 09:34:41,316 - src.logic - DEBUG - Worker Tech_04 ocupado em 135-139
2025-12-18 09:34:41,317 - src.logic - DEBUG - Worker Tech_05 excederia limite diário: 8+2 > 8
2025-12-18 09:34:41,317 - src.logic - DEBUG - Worker Tech_06 excederia limite diário: 8+2 > 8
2025-12-18 09:34:41,317 - src.logic - DEBUG - Worker Tech_07 excederia limite diário: 8+2 > 8
2025-12-18 09:34:41,317 - src.logic - DEBUG - Worker Tech_08 excederia limite diário: 8+2 > 8
2025-12-18 09:34:41,317 - src.logic - DEBUG - Worker Tech_09 excederia limite diário: 8+2 > 8
2025-12-18 09:34:41,317 - src.logic - DEBUG - Worker Tech_10 excederia limite diário: 8+2 > 8
2025-12-18 09:34:41,317 - src.logic - DEBUG - Worker Tech_01 excederia limite diário: 8+2 > 8
2025-12-18 09:34:41,317 - src.logic - DEBUG - Worker Tech_04 ocupado em 135-139
2025-12-18 09:34:41,317 - src.logic - DEBUG - Worker Tech_05 excederia limite diário: 8+2 > 8
2025-12-18 09:34:41,317 - src.logic - DEBUG - Worker Tech_06 excederia limite diário: 8+2 > 8
2025-12-18 09:34:41,318 - src.logic - DEBUG - Worker Tech_07 excederia limite diário: 8+2 > 8
2025-12-18 09:34:41,318 - src.logic - DEBUG - Worker Tech_08 excederia limite diário: 8+2 > 8
2025-12-18 09:34:41,318 - src.logic - DEBUG - Worker Tech_09 excederia limite diário: 8+2 > 8
2025-12-18 09:34:41,318 - src.logic - DEBUG - Worker Tech_10 excederia limite diário: 8+2 > 8
2025-12-18 09:34:41,318 - src.logic - DEBUG - Worker Tech_01 excederia limite diário: 8+2 > 8
2025-12-18 09:34:41,318 - src.logic - DEBUG - Worker Tech_04 excederia limite diário: 7+2 > 8
2025-12-18 09:34:41,319 - src.logic - DEBUG - Worker Tech_05 excederia limite diário: 8+2 > 8
2025-12-18 09:34:41,319 - src.logic - DEBUG - Worker Tech_06 excederia limite diário: 8+2 > 8
2025-12-18 09:34:41,319 - src.logic - DEBUG - Worker Tech_07 excederia limite diário: 8+2 > 8
2025-12-18 09:34:41,319 - src.logic - DEBUG - Worker Tech_08 excederia limite diário: 8+2 > 8
2025-12-18 09:34:41,319 - src.logic - DEBUG - Worker Tech_09 excederia limite diário: 8+2 > 8
2025-12-18 09:34:41,319 - src.logic - DEBUG - Worker Tech_10 excederia limite diário: 8+2 > 8
2025-12-18 09:34:41,319 - src.logic - DEBUG - Worker Tech_01 excederia limite diário: 8+2 > 8
2025-12-18 09:34:41,320 - src.logic - DEBUG - Worker Tech_04 excederia limite diário: 7+2 > 8
2025-12-18 09:34:41,320 - src.logic - DEBUG - Worker Tech_05 excederia limite diário: 8+2 > 8
2025-12-18 09:34:41,320 - src.logic - DEBUG - Worker Tech_06 excederia limite diário: 8+2 > 8
2025-12-18 09:34:41,320 - src.logic - DEBUG - Worker Tech_07 excederia limite diário: 8+2 > 8
2025-12-18 09:34:41,320 - src.logic - DEBUG - Worker Tech_08 excederia limite diário: 8+2 > 8
2025-12-18 09:34:41,320 - src.logic - DEBUG - Worker Tech_09 excederia limite diário: 8+2 > 8
2025-12-18 09:34:41,320 - src.logic - DEBUG - Worker Tech_10 excederia limite diário: 8+2 > 8
2025-12-18 09:34:41,320 - src.logic - DEBUG - Worker Tech_01 excederia limite diário: 8+2 > 8
2025-12-18 09:34:41,320 - src.logic - DEBUG - Worker Tech_04 excederia limite diário: 7+2 > 8
2025-12-18 09:34:41,320 - src.logic - DEBUG - Worker Tech_05 excederia limite diário: 8+2 > 8
2025-12-18 09:34:41,320 - src.logic - DEBUG - Worker Tech_06 excederia limite diário: 8+2 > 8
2025-12-18 09:34:41,320 - src.logic - DEBUG - Worker Tech_07 excederia limite diário: 8+2 > 8
2025-12-18 09:34:41,320 - src.logic - DEBUG - Worker Tech_08 excederia limite diário: 8+2 > 8
2025-12-18 09:34:41,320 - src.logic - DEBUG - Worker Tech_09 excederia limite diário: 8+2 > 8
2025-12-18 09:34:41,320 - src.logic - DEBUG - Worker Tech_10 excederia limite diário: 8+2 > 8
2025-12-18 09:34:41,321 - src.logic - DEBUG - Worker Tech_04 ocupado em 152-154
2025-12-18 09:34:41,321 - src.logic - DEBUG - Worker Tech_06 ocupado em 152-156
2025-12-18 09:34:41,321 - src.logic - DEBUG - Worker Tech_07 ocupado em 152-156
2025-12-18 09:34:41,321 - src.logic - DEBUG - Worker Tech_08 ocupado em 152-154
2025-12-18 09:34:41,321 - src.logic - DEBUG - Worker Tech_10 ocupado em 152-154
2025-12-18 09:34:41,321 - src.logic - DEBUG - Worker Tech_04 ocupado em 152-154
2025-12-18 09:34:41,321 - src.logic - DEBUG - Worker Tech_06 ocupado em 152-156
2025-12-18 09:34:41,321 - src.logic - DEBUG - Worker Tech_07 ocupado em 152-156
2025-12-18 09:34:41,321 - src.logic - DEBUG - Worker Tech_08 ocupado em 152-154
2025-12-18 09:34:41,321 - src.logic - DEBUG - Worker Tech_10 ocupado em 152-154
2025-12-18 09:34:41,321 - src.logic - DEBUG - Worker Tech_03 ocupado em 154-157
2025-12-18 09:34:41,321 - src.logic - DEBUG - Worker Tech_04 ocupado em 154-157
2025-12-18 09:34:41,321 - src.logic - DEBUG - Worker Tech_06 ocupado em 152-156
2025-12-18 09:34:41,321 - src.logic - DEBUG - Worker Tech_07 ocupado em 152-156
2025-12-18 09:34:41,321 - src.logic - DEBUG - Worker Tech_08 ocupado em 154-156
2025-12-18 09:34:41,321 - src.logic - DEBUG - Worker Tech_10 excederia limite diário: 7+2 > 8
2025-12-18 09:34:41,321 - src.logic - DEBUG - Worker Tech_03 ocupado em 154-157
2025-12-18 09:34:41,322 - src.logic - DEBUG - Worker Tech_04 ocupado em 154-157
2025-12-18 09:34:41,322 - src.logic - DEBUG - Worker Tech_06 ocupado em 152-156
2025-12-18 09:34:41,322 - src.logic - DEBUG - Worker Tech_07 ocupado em 152-156
2025-12-18 09:34:41,322 - src.logic - DEBUG - Worker Tech_08 ocupado em 154-156
2025-12-18 09:34:41,322 - src.logic - DEBUG - Worker Tech_10 excederia limite diário: 7+2 > 8
2025-12-18 09:34:41,322 - src.logic - DEBUG - Worker Tech_03 ocupado em 154-157
2025-12-18 09:34:41,322 - src.logic - DEBUG - Worker Tech_04 ocupado em 154-157
2025-12-18 09:34:41,322 - src.logic - DEBUG - Worker Tech_06 ocupado em 157-159
2025-12-18 09:34:41,322 - src.logic - DEBUG - Worker Tech_07 ocupado em 156-158
2025-12-18 09:34:41,323 - src.logic - DEBUG - Worker Tech_08 ocupado em 156-158
2025-12-18 09:34:41,323 - src.logic - DEBUG - Worker Tech_10 ocupado em 157-160
2025-12-18 09:34:41,323 - src.logic - DEBUG - Worker Tech_04 ocupado em 157-160
2025-12-18 09:34:41,323 - src.logic - DEBUG - Worker Tech_06 ocupado em 157-159
2025-12-18 09:34:41,323 - src.logic - DEBUG - Worker Tech_07 ocupado em 156-158
2025-12-18 09:34:41,323 - src.logic - DEBUG - Worker Tech_08 ocupado em 156-158
2025-12-18 09:34:41,323 - src.logic - DEBUG - Worker Tech_10 ocupado em 157-160
2025-12-18 09:34:41,323 - src.logic - DEBUG - Worker Tech_04 ocupado em 157-160
2025-12-18 09:34:41,323 - src.logic - DEBUG - Worker Tech_06 ocupado em 157-159
2025-12-18 09:34:41,323 - src.logic - DEBUG - Worker Tech_07 excederia limite diário: 8+2 > 8
2025-12-18 09:34:41,323 - src.logic - DEBUG - Worker Tech_08 excederia limite diário: 8+2 > 8
2025-12-18 09:34:41,323 - src.logic - DEBUG - Worker Tech_10 ocupado em 157-160
2025-12-18 09:34:41,323 - src.logic - DEBUG - Worker Tech_03 ocupado em 160-162
2025-12-18 09:34:41,323 - src.logic - DEBUG - Worker Tech_04 ocupado em 157-160
2025-12-18 09:34:41,323 - src.logic - DEBUG - Worker Tech_06 excederia limite diário: 8+2 > 8
2025-12-18 09:34:41,324 - src.logic - DEBUG - Worker Tech_07 excederia limite diário: 8+2 > 8
2025-12-18 09:34:41,324 - src.logic - DEBUG - Worker Tech_08 excederia limite diário: 8+2 > 8
2025-12-18 09:34:41,324 - src.logic - DEBUG - Worker Tech_10 ocupado em 157-160
2025-12-18 09:34:41,324 - src.logic - DEBUG - Worker Tech_03 ocupado em 160-162
2025-12-18 09:34:41,324 - src.logic - DEBUG - Worker Tech_04 excederia limite diário: 8+2 > 8
2025-12-18 09:34:41,324 - src.logic - DEBUG - Worker Tech_06 excederia limite diário: 8+2 > 8
2025-12-18 09:34:41,324 - src.logic - DEBUG - Worker Tech_07 excederia limite diário: 8+2 > 8
2025-12-18 09:34:41,324 - src.logic - DEBUG - Worker Tech_08 excederia limite diário: 8+2 > 8
2025-12-18 09:34:41,324 - src.logic - DEBUG - Worker Tech_10 excederia limite diário: 7+2 > 8
2025-12-18 09:34:41,324 - src.logic - DEBUG - Worker Tech_03 ocupado em 160-162
2025-12-18 09:34:41,324 - src.logic - DEBUG - Worker Tech_04 excederia limite diário: 8+2 > 8
2025-12-18 09:34:41,324 - src.logic - DEBUG - Worker Tech_06 excederia limite diário: 8+2 > 8
2025-12-18 09:34:41,324 - src.logic - DEBUG - Worker Tech_07 excederia limite diário: 8+2 > 8
2025-12-18 09:34:41,325 - src.logic - DEBUG - Worker Tech_08 excederia limite diário: 8+2 > 8
2025-12-18 09:34:41,325 - src.logic - DEBUG - Worker Tech_10 excederia limite diário: 7+2 > 8
2025-12-18 09:34:41,325 - src.logic - DEBUG - Worker Tech_04 excederia limite diário: 8+2 > 8
2025-12-18 09:34:41,325 - src.logic - DEBUG - Worker Tech_06 excederia limite diário: 8+2 > 8
2025-12-18 09:34:41,325 - src.logic - DEBUG - Worker Tech_07 excederia limite diário: 8+2 > 8
2025-12-18 09:34:41,325 - src.logic - DEBUG - Worker Tech_08 excederia limite diário: 8+2 > 8
2025-12-18 09:34:41,325 - src.logic - DEBUG - Worker Tech_10 excederia limite diário: 7+2 > 8
2025-12-18 09:34:41,325 - src.logic - DEBUG - Worker Tech_04 excederia limite diário: 8+2 > 8
2025-12-18 09:34:41,325 - src.logic - DEBUG - Worker Tech_06 excederia limite diário: 8+2 > 8
2025-12-18 09:34:41,325 - src.logic - DEBUG - Worker Tech_07 excederia limite diário: 8+2 > 8
2025-12-18 09:34:41,325 - src.logic - DEBUG - Worker Tech_08 excederia limite diário: 8+2 > 8
2025-12-18 09:34:41,325 - src.logic - DEBUG - Worker Tech_10 excederia limite diário: 7+2 > 8
2025-12-18 09:34:41,325 - src.logic - DEBUG - Worker Tech_04 excederia limite diário: 8+2 > 8
2025-12-18 09:34:41,325 - src.logic - DEBUG - Worker Tech_06 excederia limite diário: 8+2 > 8
2025-12-18 09:34:41,326 - src.logic - DEBUG - Worker Tech_07 excederia limite diário: 8+2 > 8
2025-12-18 09:34:41,326 - src.logic - DEBUG - Worker Tech_08 excederia limite diário: 8+2 > 8
2025-12-18 09:34:41,326 - src.logic - DEBUG - Worker Tech_10 excederia limite diário: 7+2 > 8
2025-12-18 09:34:41,326 - src.logic - DEBUG - Worker Tech_04 excederia limite diário: 8+2 > 8
2025-12-18 09:34:41,326 - src.logic - DEBUG - Worker Tech_06 excederia limite diário: 8+2 > 8
2025-12-18 09:34:41,326 - src.logic - DEBUG - Worker Tech_07 excederia limite diário: 8+2 > 8
2025-12-18 09:34:41,326 - src.logic - DEBUG - Worker Tech_08 excederia limite diário: 8+2 > 8
2025-12-18 09:34:41,326 - src.logic - DEBUG - Worker Tech_10 excederia limite diário: 7+2 > 8
2025-12-18 09:34:41,326 - src.logic - DEBUG - Worker Tech_05 ocupado em 18-20
2025-12-18 09:34:41,326 - src.logic - DEBUG - Worker Tech_07 ocupado em 18-20
2025-12-18 09:34:41,326 - src.logic - DEBUG - Worker Tech_05 ocupado em 42-44
2025-12-18 09:34:41,326 - src.logic - DEBUG - Worker Tech_07 ocupado em 42-44
2025-12-18 09:34:41,327 - src.logic - DEBUG - Worker Tech_05 ocupado em 66-68
2025-12-18 09:34:41,327 - src.logic - DEBUG - Worker Tech_07 ocupado em 66-68
2025-12-18 09:34:41,327 - src.logic - DEBUG - Worker Tech_05 ocupado em 90-92
2025-12-18 09:34:41,328 - src.logic - DEBUG - Worker Tech_07 ocupado em 90-92
2025-12-18 09:34:41,328 - src.logic - DEBUG - Worker Tech_05 ocupado em 114-116
2025-12-18 09:34:41,328 - src.logic - DEBUG - Worker Tech_07 ocupado em 114-116
2025-12-18 09:34:41,328 - src.logic - DEBUG - Server DEV_ERP_02 ocupado em 128-131
2025-12-18 09:34:41,328 - src.logic - DEBUG - Server DEV_ERP_02 ocupado em 128-131
2025-12-18 09:34:41,328 - src.logic - DEBUG - Server DEV_ERP_02 ocupado em 128-131
2025-12-18 09:34:41,328 - src.logic - DEBUG - Worker Tech_01 ocupado em 131-134
2025-12-18 09:34:41,328 - src.logic - DEBUG - Worker Tech_03 ocupado em 130-133
2025-12-18 09:34:41,328 - src.logic - DEBUG - Worker Tech_04 excederia limite diário: 7+2 > 8
2025-12-18 09:34:41,328 - src.logic - DEBUG - Worker Tech_05 ocupado em 131-134
2025-12-18 09:34:41,329 - src.logic - DEBUG - Worker Tech_06 ocupado em 131-134
2025-12-18 09:34:41,329 - src.logic - DEBUG - Worker Tech_07 ocupado em 131-134
2025-12-18 09:34:41,329 - src.logic - DEBUG - Worker Tech_08 ocupado em 131-134
2025-12-18 09:34:41,329 - src.logic - DEBUG - Worker Tech_09 ocupado em 131-133
2025-12-18 09:34:41,329 - src.logic - DEBUG - Worker Tech_10 ocupado em 131-133
2025-12-18 09:34:41,329 - src.logic - DEBUG - Worker Tech_01 ocupado em 131-134
2025-12-18 09:34:41,329 - src.logic - DEBUG - Worker Tech_03 ocupado em 130-133
2025-12-18 09:34:41,329 - src.logic - DEBUG - Worker Tech_04 excederia limite diário: 7+2 > 8
2025-12-18 09:34:41,329 - src.logic - DEBUG - Worker Tech_05 ocupado em 131-134
2025-12-18 09:34:41,329 - src.logic - DEBUG - Worker Tech_06 ocupado em 131-134
2025-12-18 09:34:41,329 - src.logic - DEBUG - Worker Tech_07 ocupado em 131-134
2025-12-18 09:34:41,329 - src.logic - DEBUG - Worker Tech_08 ocupado em 131-134
2025-12-18 09:34:41,330 - src.logic - DEBUG - Worker Tech_09 ocupado em 131-133
2025-12-18 09:34:41,330 - src.logic - DEBUG - Worker Tech_10 ocupado em 131-133
2025-12-18 09:34:41,330 - src.logic - DEBUG - Worker Tech_01 ocupado em 131-134
2025-12-18 09:34:41,330 - src.logic - DEBUG - Worker Tech_04 excederia limite diário: 7+2 > 8
2025-12-18 09:34:41,330 - src.logic - DEBUG - Worker Tech_05 ocupado em 131-134
2025-12-18 09:34:41,331 - src.logic - DEBUG - Worker Tech_06 ocupado em 131-134
2025-12-18 09:34:41,331 - src.logic - DEBUG - Worker Tech_07 ocupado em 131-134
2025-12-18 09:34:41,331 - src.logic - DEBUG - Worker Tech_08 ocupado em 131-134
2025-12-18 09:34:41,331 - src.logic - DEBUG - Worker Tech_09 ocupado em 133-134
2025-12-18 09:34:41,331 - src.logic - DEBUG - Worker Tech_10 ocupado em 133-134
2025-12-18 09:34:41,331 - src.logic - DEBUG - Worker Tech_01 excederia limite diário: 8+2 > 8
2025-12-18 09:34:41,331 - src.logic - DEBUG - Worker Tech_04 ocupado em 135-139
2025-12-18 09:34:41,332 - src.logic - DEBUG - Worker Tech_05 excederia limite diário: 8+2 > 8
2025-12-18 09:34:41,332 - src.logic - DEBUG - Worker Tech_06 excederia limite diário: 8+2 > 8
2025-12-18 09:34:41,332 - src.logic - DEBUG - Worker Tech_07 excederia limite diário: 8+2 > 8
2025-12-18 09:34:41,332 - src.logic - DEBUG - Worker Tech_08 excederia limite diário: 8+2 > 8
2025-12-18 09:34:41,332 - src.logic - DEBUG - Worker Tech_09 excederia limite diário: 8+2 > 8
2025-12-18 09:34:41,332 - src.logic - DEBUG - Worker Tech_10 excederia limite diário: 8+2 > 8
2025-12-18 09:34:41,332 - src.logic - DEBUG - Worker Tech_01 excederia limite diário: 8+2 > 8
2025-12-18 09:34:41,333 - src.logic - DEBUG - Worker Tech_03 ocupado em 135-139
2025-12-18 09:34:41,333 - src.logic - DEBUG - Worker Tech_04 ocupado em 135-139
2025-12-18 09:34:41,333 - src.logic - DEBUG - Worker Tech_05 excederia limite diário: 8+2 > 8
2025-12-18 09:34:41,333 - src.logic - DEBUG - Worker Tech_06 excederia limite diário: 8+2 > 8
2025-12-18 09:34:41,333 - src.logic - DEBUG - Worker Tech_07 excederia limite diário: 8+2 > 8
2025-12-18 09:34:41,333 - src.logic - DEBUG - Worker Tech_08 excederia limite diário: 8+2 > 8
2025-12-18 09:34:41,333 - src.logic - DEBUG - Worker Tech_09 excederia limite diário: 8+2 > 8
2025-12-18 09:34:41,333 - src.logic - DEBUG - Worker Tech_10 excederia limite diário: 8+2 > 8
2025-12-18 09:34:41,333 - src.logic - DEBUG - Worker Tech_01 excederia limite diário: 8+2 > 8
2025-12-18 09:34:41,333 - src.logic - DEBUG - Worker Tech_03 ocupado em 135-139
2025-12-18 09:34:41,333 - src.logic - DEBUG - Worker Tech_04 ocupado em 135-139
2025-12-18 09:34:41,333 - src.logic - DEBUG - Worker Tech_05 excederia limite diário: 8+2 > 8
2025-12-18 09:34:41,333 - src.logic - DEBUG - Worker Tech_06 excederia limite diário: 8+2 > 8
2025-12-18 09:34:41,334 - src.logic - DEBUG - Worker Tech_07 excederia limite diário: 8+2 > 8
2025-12-18 09:34:41,334 - src.logic - DEBUG - Worker Tech_08 excederia limite diário: 8+2 > 8
2025-12-18 09:34:41,334 - src.logic - DEBUG - Worker Tech_09 excederia limite diário: 8+2 > 8
2025-12-18 09:34:41,334 - src.logic - DEBUG - Worker Tech_10 excederia limite diário: 8+2 > 8
2025-12-18 09:34:41,334 - src.logic - DEBUG - Worker Tech_01 excederia limite diário: 8+2 > 8
2025-12-18 09:34:41,334 - src.logic - DEBUG - Worker Tech_03 ocupado em 135-139
2025-12-18 09:34:41,334 - src.logic - DEBUG - Worker Tech_04 ocupado em 135-139
2025-12-18 09:34:41,334 - src.logic - DEBUG - Worker Tech_05 excederia limite diário: 8+2 > 8
2025-12-18 09:34:41,334 - src.logic - DEBUG - Worker Tech_06 excederia limite diário: 8+2 > 8
2025-12-18 09:34:41,334 - src.logic - DEBUG - Worker Tech_07 excederia limite diário: 8+2 > 8
2025-12-18 09:34:41,334 - src.logic - DEBUG - Worker Tech_08 excederia limite diário: 8+2 > 8
2025-12-18 09:34:41,334 - src.logic - DEBUG - Worker Tech_09 excederia limite diário: 8+2 > 8
2025-12-18 09:34:41,334 - src.logic - DEBUG - Worker Tech_10 excederia limite diário: 8+2 > 8
2025-12-18 09:34:41,334 - src.logic - DEBUG - Worker Tech_01 excederia limite diário: 8+2 > 8
2025-12-18 09:34:41,334 - src.logic - DEBUG - Worker Tech_04 ocupado em 135-139
2025-12-18 09:34:41,335 - src.logic - DEBUG - Worker Tech_05 excederia limite diário: 8+2 > 8
2025-12-18 09:34:41,335 - src.logic - DEBUG - Worker Tech_06 excederia limite diário: 8+2 > 8
2025-12-18 09:34:41,335 - src.logic - DEBUG - Worker Tech_07 excederia limite diário: 8+2 > 8
2025-12-18 09:34:41,335 - src.logic - DEBUG - Worker Tech_08 excederia limite diário: 8+2 > 8
2025-12-18 09:34:41,335 - src.logic - DEBUG - Worker Tech_09 excederia limite diário: 8+2 > 8
2025-12-18 09:34:41,335 - src.logic - DEBUG - Worker Tech_10 excederia limite diário: 8+2 > 8
2025-12-18 09:34:41,335 - src.logic - DEBUG - Worker Tech_01 excederia limite diário: 8+2 > 8
2025-12-18 09:34:41,335 - src.logic - DEBUG - Worker Tech_04 excederia limite diário: 7+2 > 8
2025-12-18 09:34:41,335 - src.logic - DEBUG - Worker Tech_05 excederia limite diário: 8+2 > 8
2025-12-18 09:34:41,335 - src.logic - DEBUG - Worker Tech_06 excederia limite diário: 8+2 > 8
2025-12-18 09:34:41,335 - src.logic - DEBUG - Worker Tech_07 excederia limite diário: 8+2 > 8
2025-12-18 09:34:41,335 - src.logic - DEBUG - Worker Tech_08 excederia limite diário: 8+2 > 8
2025-12-18 09:34:41,335 - src.logic - DEBUG - Worker Tech_09 excederia limite diário: 8+2 > 8
2025-12-18 09:34:41,335 - src.logic - DEBUG - Worker Tech_10 excederia limite diário: 8+2 > 8
2025-12-18 09:34:41,335 - src.logic - DEBUG - Worker Tech_01 excederia limite diário: 8+2 > 8
2025-12-18 09:34:41,336 - src.logic - DEBUG - Worker Tech_04 excederia limite diário: 7+2 > 8
2025-12-18 09:34:41,336 - src.logic - DEBUG - Worker Tech_05 excederia limite diário: 8+2 > 8
2025-12-18 09:34:41,336 - src.logic - DEBUG - Worker Tech_06 excederia limite diário: 8+2 > 8
2025-12-18 09:34:41,336 - src.logic - DEBUG - Worker Tech_07 excederia limite diário: 8+2 > 8
2025-12-18 09:34:41,336 - src.logic - DEBUG - Worker Tech_08 excederia limite diário: 8+2 > 8
2025-12-18 09:34:41,336 - src.logic - DEBUG - Worker Tech_09 excederia limite diário: 8+2 > 8
2025-12-18 09:34:41,336 - src.logic - DEBUG - Worker Tech_10 excederia limite diário: 8+2 > 8
2025-12-18 09:34:41,336 - src.logic - DEBUG - Worker Tech_01 excederia limite diário: 8+2 > 8
2025-12-18 09:34:41,336 - src.logic - DEBUG - Worker Tech_04 excederia limite diário: 7+2 > 8
2025-12-18 09:34:41,336 - src.logic - DEBUG - Worker Tech_05 excederia limite diário: 8+2 > 8
2025-12-18 09:34:41,336 - src.logic - DEBUG - Worker Tech_06 excederia limite diário: 8+2 > 8
2025-12-18 09:34:41,336 - src.logic - DEBUG - Worker Tech_07 excederia limite diário: 8+2 > 8
2025-12-18 09:34:41,336 - src.logic - DEBUG - Worker Tech_08 excederia limite diário: 8+2 > 8
2025-12-18 09:34:41,336 - src.logic - DEBUG - Worker Tech_09 excederia limite diário: 8+2 > 8
2025-12-18 09:34:41,336 - src.logic - DEBUG - Worker Tech_10 excederia limite diário: 8+2 > 8
2025-12-18 09:34:41,336 - src.logic - DEBUG - Worker Tech_04 ocupado em 152-154
2025-12-18 09:34:41,337 - src.logic - DEBUG - Worker Tech_06 ocupado em 152-156
2025-12-18 09:34:41,337 - src.logic - DEBUG - Worker Tech_07 ocupado em 152-156
2025-12-18 09:34:41,337 - src.logic - DEBUG - Worker Tech_08 ocupado em 152-154
2025-12-18 09:34:41,337 - src.logic - DEBUG - Worker Tech_10 ocupado em 152-154
2025-12-18 09:34:41,337 - src.logic - DEBUG - Worker Tech_04 ocupado em 152-154
2025-12-18 09:34:41,337 - src.logic - DEBUG - Worker Tech_06 ocupado em 152-156
2025-12-18 09:34:41,337 - src.logic - DEBUG - Worker Tech_07 ocupado em 152-156
2025-12-18 09:34:41,337 - src.logic - DEBUG - Worker Tech_08 ocupado em 152-154
2025-12-18 09:34:41,337 - src.logic - DEBUG - Worker Tech_10 ocupado em 152-154
2025-12-18 09:34:41,337 - src.logic - DEBUG - Worker Tech_03 ocupado em 154-157
2025-12-18 09:34:41,337 - src.logic - DEBUG - Worker Tech_04 ocupado em 154-157
2025-12-18 09:34:41,337 - src.logic - DEBUG - Worker Tech_06 ocupado em 152-156
2025-12-18 09:34:41,338 - src.logic - DEBUG - Worker Tech_07 ocupado em 152-156
2025-12-18 09:34:41,338 - src.logic - DEBUG - Worker Tech_08 ocupado em 154-156
2025-12-18 09:34:41,338 - src.logic - DEBUG - Worker Tech_10 excederia limite diário: 7+2 > 8
2025-12-18 09:34:41,338 - src.logic - DEBUG - Worker Tech_03 ocupado em 154-157
2025-12-18 09:34:41,338 - src.logic - DEBUG - Worker Tech_04 ocupado em 154-157
2025-12-18 09:34:41,338 - src.logic - DEBUG - Worker Tech_06 ocupado em 152-156
2025-12-18 09:34:41,338 - src.logic - DEBUG - Worker Tech_07 ocupado em 152-156
2025-12-18 09:34:41,338 - src.logic - DEBUG - Worker Tech_08 ocupado em 154-156
2025-12-18 09:34:41,338 - src.logic - DEBUG - Worker Tech_10 excederia limite diário: 7+2 > 8
2025-12-18 09:34:41,338 - src.logic - DEBUG - Worker Tech_03 ocupado em 154-157
2025-12-18 09:34:41,339 - src.logic - DEBUG - Worker Tech_04 ocupado em 154-157
2025-12-18 09:34:41,339 - src.logic - DEBUG - Worker Tech_06 ocupado em 157-159
2025-12-18 09:34:41,339 - src.logic - DEBUG - Worker Tech_07 ocupado em 156-158
2025-12-18 09:34:41,339 - src.logic - DEBUG - Worker Tech_08 ocupado em 156-158
2025-12-18 09:34:41,339 - src.logic - DEBUG - Worker Tech_10 ocupado em 157-160
2025-12-18 09:34:41,339 - src.logic - DEBUG - Worker Tech_04 ocupado em 157-160
2025-12-18 09:34:41,339 - src.logic - DEBUG - Worker Tech_06 ocupado em 157-159
2025-12-18 09:34:41,339 - src.logic - DEBUG - Worker Tech_07 ocupado em 156-158
2025-12-18 09:34:41,339 - src.logic - DEBUG - Worker Tech_08 ocupado em 156-158
2025-12-18 09:34:41,339 - src.logic - DEBUG - Worker Tech_10 ocupado em 157-160
2025-12-18 09:34:41,339 - src.logic - DEBUG - Worker Tech_04 ocupado em 157-160
2025-12-18 09:34:41,339 - src.logic - DEBUG - Worker Tech_06 ocupado em 157-159
2025-12-18 09:34:41,340 - src.logic - DEBUG - Worker Tech_07 excederia limite diário: 8+2 > 8
2025-12-18 09:34:41,340 - src.logic - DEBUG - Worker Tech_08 excederia limite diário: 8+2 > 8
2025-12-18 09:34:41,340 - src.logic - DEBUG - Worker Tech_10 ocupado em 157-160
2025-12-18 09:34:41,340 - src.logic - DEBUG - Worker Tech_03 ocupado em 160-162
2025-12-18 09:34:41,340 - src.logic - DEBUG - Worker Tech_04 ocupado em 157-160
2025-12-18 09:34:41,340 - src.logic - DEBUG - Worker Tech_06 excederia limite diário: 8+2 > 8
2025-12-18 09:34:41,340 - src.logic - DEBUG - Worker Tech_07 excederia limite diário: 8+2 > 8
2025-12-18 09:34:41,340 - src.logic - DEBUG - Worker Tech_08 excederia limite diário: 8+2 > 8
2025-12-18 09:34:41,340 - src.logic - DEBUG - Worker Tech_10 ocupado em 157-160
2025-12-18 09:34:41,340 - src.logic - DEBUG - Worker Tech_03 ocupado em 160-162
2025-12-18 09:34:41,340 - src.logic - DEBUG - Worker Tech_04 excederia limite diário: 8+2 > 8
2025-12-18 09:34:41,340 - src.logic - DEBUG - Worker Tech_06 excederia limite diário: 8+2 > 8
2025-12-18 09:34:41,341 - src.logic - DEBUG - Worker Tech_07 excederia limite diário: 8+2 > 8
2025-12-18 09:34:41,341 - src.logic - DEBUG - Worker Tech_08 excederia limite diário: 8+2 > 8
2025-12-18 09:34:41,341 - src.logic - DEBUG - Worker Tech_10 excederia limite diário: 7+2 > 8
2025-12-18 09:34:41,341 - src.logic - DEBUG - Worker Tech_03 ocupado em 160-162
2025-12-18 09:34:41,341 - src.logic - DEBUG - Worker Tech_04 excederia limite diário: 8+2 > 8
2025-12-18 09:34:41,341 - src.logic - DEBUG - Worker Tech_06 excederia limite diário: 8+2 > 8
2025-12-18 09:34:41,341 - src.logic - DEBUG - Worker Tech_07 excederia limite diário: 8+2 > 8
2025-12-18 09:34:41,341 - src.logic - DEBUG - Worker Tech_08 excederia limite diário: 8+2 > 8
2025-12-18 09:34:41,341 - src.logic - DEBUG - Worker Tech_10 excederia limite diário: 7+2 > 8
2025-12-18 09:34:41,341 - src.logic - DEBUG - Worker Tech_04 excederia limite diário: 8+2 > 8
2025-12-18 09:34:41,341 - src.logic - DEBUG - Worker Tech_06 excederia limite diário: 8+2 > 8
2025-12-18 09:34:41,342 - src.logic - DEBUG - Worker Tech_07 excederia limite diário: 8+2 > 8
2025-12-18 09:34:41,342 - src.logic - DEBUG - Worker Tech_08 excederia limite diário: 8+2 > 8
2025-12-18 09:34:41,342 - src.logic - DEBUG - Worker Tech_10 excederia limite diário: 7+2 > 8
2025-12-18 09:34:41,342 - src.logic - DEBUG - Worker Tech_04 excederia limite diário: 8+2 > 8
2025-12-18 09:34:41,342 - src.logic - DEBUG - Worker Tech_06 excederia limite diário: 8+2 > 8
2025-12-18 09:34:41,342 - src.logic - DEBUG - Worker Tech_07 excederia limite diário: 8+2 > 8
2025-12-18 09:34:41,342 - src.logic - DEBUG - Worker Tech_08 excederia limite diário: 8+2 > 8
2025-12-18 09:34:41,343 - src.logic - DEBUG - Worker Tech_10 excederia limite diário: 7+2 > 8
2025-12-18 09:34:41,343 - src.logic - DEBUG - Worker Tech_04 excederia limite diário: 8+2 > 8
2025-12-18 09:34:41,343 - src.logic - DEBUG - Worker Tech_06 excederia limite diário: 8+2 > 8
2025-12-18 09:34:41,343 - src.logic - DEBUG - Worker Tech_07 excederia limite diário: 8+2 > 8
2025-12-18 09:34:41,343 - src.logic - DEBUG - Worker Tech_08 excederia limite diário: 8+2 > 8
2025-12-18 09:34:41,343 - src.logic - DEBUG - Worker Tech_10 excederia limite diário: 7+2 > 8
2025-12-18 09:34:41,343 - src.logic - DEBUG - Worker Tech_04 excederia limite diário: 8+2 > 8
2025-12-18 09:34:41,343 - src.logic - DEBUG - Worker Tech_06 excederia limite diário: 8+2 > 8
2025-12-18 09:34:41,343 - src.logic - DEBUG - Worker Tech_07 excederia limite diário: 8+2 > 8
2025-12-18 09:34:41,343 - src.logic - DEBUG - Worker Tech_08 excederia limite diário: 8+2 > 8
2025-12-18 09:34:41,343 - src.logic - DEBUG - Worker Tech_10 excederia limite diário: 7+2 > 8
2025-12-18 09:34:41,343 - src.logic - DEBUG - Server DEV_Database_02 ocupado em 18-20
2025-12-18 09:34:41,343 - src.logic - DEBUG - Server DEV_Database_02 ocupado em 18-20
2025-12-18 09:34:41,344 - src.logic - DEBUG - Worker Tech_05 ocupado em 42-44
2025-12-18 09:34:41,344 - src.logic - DEBUG - Worker Tech_07 ocupado em 42-44
2025-12-18 09:34:41,344 - src.logic - DEBUG - Worker Tech_05 ocupado em 66-68
2025-12-18 09:34:41,344 - src.logic - DEBUG - Worker Tech_07 ocupado em 66-68
2025-12-18 09:34:41,344 - src.logic - DEBUG - Server DEV_Database_02 ocupado em 90-92
2025-12-18 09:34:41,344 - src.logic - DEBUG - Server DEV_Database_02 ocupado em 90-92
2025-12-18 09:34:41,344 - src.logic - DEBUG - Worker Tech_05 ocupado em 114-116
2025-12-18 09:34:41,344 - src.logic - DEBUG - Worker Tech_07 ocupado em 114-116
2025-12-18 09:34:41,345 - src.logic - DEBUG - Worker Tech_01 ocupado em 128-131
2025-12-18 09:34:41,345 - src.logic - DEBUG - Worker Tech_04 ocupado em 128-131
2025-12-18 09:34:41,345 - src.logic - DEBUG - Worker Tech_05 ocupado em 128-131
2025-12-18 09:34:41,345 - src.logic - DEBUG - Worker Tech_06 ocupado em 128-131
2025-12-18 09:34:41,345 - src.logic - DEBUG - Worker Tech_07 ocupado em 128-131
2025-12-18 09:34:41,345 - src.logic - DEBUG - Worker Tech_08 ocupado em 128-131
2025-12-18 09:34:41,345 - src.logic - DEBUG - Worker Tech_09 ocupado em 128-131
2025-12-18 09:34:41,345 - src.logic - DEBUG - Worker Tech_10 ocupado em 128-131
2025-12-18 09:34:41,345 - src.logic - DEBUG - Worker Tech_01 ocupado em 128-131
2025-12-18 09:34:41,345 - src.logic - DEBUG - Worker Tech_04 ocupado em 128-131
2025-12-18 09:34:41,345 - src.logic - DEBUG - Worker Tech_05 ocupado em 128-131
2025-12-18 09:34:41,345 - src.logic - DEBUG - Worker Tech_06 ocupado em 128-131
2025-12-18 09:34:41,345 - src.logic - DEBUG - Worker Tech_07 ocupado em 128-131
2025-12-18 09:34:41,345 - src.logic - DEBUG - Worker Tech_08 ocupado em 128-131
2025-12-18 09:34:41,346 - src.logic - DEBUG - Worker Tech_09 ocupado em 128-131
2025-12-18 09:34:41,346 - src.logic - DEBUG - Worker Tech_10 ocupado em 128-131
2025-12-18 09:34:41,346 - src.logic - DEBUG - Worker Tech_01 ocupado em 128-131
2025-12-18 09:34:41,346 - src.logic - DEBUG - Worker Tech_03 ocupado em 130-133
2025-12-18 09:34:41,346 - src.logic - DEBUG - Worker Tech_04 ocupado em 128-131
2025-12-18 09:34:41,346 - src.logic - DEBUG - Worker Tech_05 ocupado em 128-131
2025-12-18 09:34:41,347 - src.logic - DEBUG - Worker Tech_06 ocupado em 128-131
2025-12-18 09:34:41,347 - src.logic - DEBUG - Worker Tech_07 ocupado em 128-131
2025-12-18 09:34:41,347 - src.logic - DEBUG - Worker Tech_08 ocupado em 128-131
2025-12-18 09:34:41,347 - src.logic - DEBUG - Worker Tech_09 ocupado em 128-131
2025-12-18 09:34:41,347 - src.logic - DEBUG - Worker Tech_10 ocupado em 128-131
2025-12-18 09:34:41,347 - src.logic - DEBUG - Worker Tech_01 ocupado em 131-134
2025-12-18 09:34:41,348 - src.logic - DEBUG - Worker Tech_03 ocupado em 130-133
2025-12-18 09:34:41,348 - src.logic - DEBUG - Worker Tech_04 excederia limite diário: 7+2 > 8
2025-12-18 09:34:41,348 - src.logic - DEBUG - Worker Tech_05 ocupado em 131-134
2025-12-18 09:34:41,348 - src.logic - DEBUG - Worker Tech_06 ocupado em 131-134
2025-12-18 09:34:41,348 - src.logic - DEBUG - Worker Tech_07 ocupado em 131-134
2025-12-18 09:34:41,348 - src.logic - DEBUG - Worker Tech_08 ocupado em 131-134
2025-12-18 09:34:41,349 - src.logic - DEBUG - Worker Tech_09 ocupado em 131-133
2025-12-18 09:34:41,349 - src.logic - DEBUG - Worker Tech_10 ocupado em 131-133
2025-12-18 09:34:41,349 - src.logic - DEBUG - Worker Tech_01 ocupado em 131-134
2025-12-18 09:34:41,349 - src.logic - DEBUG - Worker Tech_03 ocupado em 130-133
2025-12-18 09:34:41,349 - src.logic - DEBUG - Worker Tech_04 excederia limite diário: 7+2 > 8
2025-12-18 09:34:41,349 - src.logic - DEBUG - Worker Tech_05 ocupado em 131-134
2025-12-18 09:34:41,349 - src.logic - DEBUG - Worker Tech_06 ocupado em 131-134
2025-12-18 09:34:41,349 - src.logic - DEBUG - Worker Tech_07 ocupado em 131-134
2025-12-18 09:34:41,349 - src.logic - DEBUG - Worker Tech_08 ocupado em 131-134
2025-12-18 09:34:41,349 - src.logic - DEBUG - Worker Tech_09 ocupado em 131-133
2025-12-18 09:34:41,349 - src.logic - DEBUG - Worker Tech_10 ocupado em 131-133
2025-12-18 09:34:41,349 - src.logic - DEBUG - Worker Tech_01 ocupado em 131-134
2025-12-18 09:34:41,350 - src.logic - DEBUG - Worker Tech_04 excederia limite diário: 7+2 > 8
2025-12-18 09:34:41,350 - src.logic - DEBUG - Worker Tech_05 ocupado em 131-134
2025-12-18 09:34:41,350 - src.logic - DEBUG - Worker Tech_06 ocupado em 131-134
2025-12-18 09:34:41,350 - src.logic - DEBUG - Worker Tech_07 ocupado em 131-134
2025-12-18 09:34:41,350 - src.logic - DEBUG - Worker Tech_08 ocupado em 131-134
2025-12-18 09:34:41,350 - src.logic - DEBUG - Worker Tech_09 ocupado em 133-134
2025-12-18 09:34:41,350 - src.logic - DEBUG - Worker Tech_10 ocupado em 133-134
2025-12-18 09:34:41,350 - src.logic - DEBUG - Worker Tech_01 excederia limite diário: 8+2 > 8
2025-12-18 09:34:41,350 - src.logic - DEBUG - Worker Tech_04 ocupado em 135-139
2025-12-18 09:34:41,350 - src.logic - DEBUG - Worker Tech_05 excederia limite diário: 8+2 > 8
2025-12-18 09:34:41,350 - src.logic - DEBUG - Worker Tech_06 excederia limite diário: 8+2 > 8
2025-12-18 09:34:41,350 - src.logic - DEBUG - Worker Tech_07 excederia limite diário: 8+2 > 8
2025-12-18 09:34:41,350 - src.logic - DEBUG - Worker Tech_08 excederia limite diário: 8+2 > 8
2025-12-18 09:34:41,350 - src.logic - DEBUG - Worker Tech_09 excederia limite diário: 8+2 > 8
2025-12-18 09:34:41,350 - src.logic - DEBUG - Worker Tech_10 excederia limite diário: 8+2 > 8
2025-12-18 09:34:41,350 - src.logic - DEBUG - Worker Tech_01 excederia limite diário: 8+2 > 8
2025-12-18 09:34:41,351 - src.logic - DEBUG - Worker Tech_03 ocupado em 135-139
2025-12-18 09:34:41,351 - src.logic - DEBUG - Worker Tech_04 ocupado em 135-139
2025-12-18 09:34:41,351 - src.logic - DEBUG - Worker Tech_05 excederia limite diário: 8+2 > 8
2025-12-18 09:34:41,351 - src.logic - DEBUG - Worker Tech_06 excederia limite diário: 8+2 > 8
2025-12-18 09:34:41,351 - src.logic - DEBUG - Worker Tech_07 excederia limite diário: 8+2 > 8
2025-12-18 09:34:41,351 - src.logic - DEBUG - Worker Tech_08 excederia limite diário: 8+2 > 8
2025-12-18 09:34:41,351 - src.logic - DEBUG - Worker Tech_09 excederia limite diário: 8+2 > 8
2025-12-18 09:34:41,351 - src.logic - DEBUG - Worker Tech_10 excederia limite diário: 8+2 > 8
2025-12-18 09:34:41,351 - src.logic - DEBUG - Worker Tech_01 excederia limite diário: 8+2 > 8
2025-12-18 09:34:41,351 - src.logic - DEBUG - Worker Tech_03 ocupado em 135-139
2025-12-18 09:34:41,351 - src.logic - DEBUG - Worker Tech_04 ocupado em 135-139
2025-12-18 09:34:41,352 - src.logic - DEBUG - Worker Tech_05 excederia limite diário: 8+2 > 8
2025-12-18 09:34:41,352 - src.logic - DEBUG - Worker Tech_06 excederia limite diário: 8+2 > 8
2025-12-18 09:34:41,352 - src.logic - DEBUG - Worker Tech_07 excederia limite diário: 8+2 > 8
2025-12-18 09:34:41,352 - src.logic - DEBUG - Worker Tech_08 excederia limite diário: 8+2 > 8
2025-12-18 09:34:41,352 - src.logic - DEBUG - Worker Tech_09 excederia limite diário: 8+2 > 8
2025-12-18 09:34:41,352 - src.logic - DEBUG - Worker Tech_10 excederia limite diário: 8+2 > 8
2025-12-18 09:34:41,352 - src.logic - DEBUG - Worker Tech_01 excederia limite diário: 8+2 > 8
2025-12-18 09:34:41,352 - src.logic - DEBUG - Worker Tech_03 ocupado em 135-139
2025-12-18 09:34:41,353 - src.logic - DEBUG - Worker Tech_04 ocupado em 135-139
2025-12-18 09:34:41,353 - src.logic - DEBUG - Worker Tech_05 excederia limite diário: 8+2 > 8
2025-12-18 09:34:41,353 - src.logic - DEBUG - Worker Tech_06 excederia limite diário: 8+2 > 8
2025-12-18 09:34:41,353 - src.logic - DEBUG - Worker Tech_07 excederia limite diário: 8+2 > 8
2025-12-18 09:34:41,353 - src.logic - DEBUG - Worker Tech_08 excederia limite diário: 8+2 > 8
2025-12-18 09:34:41,353 - src.logic - DEBUG - Worker Tech_09 excederia limite diário: 8+2 > 8
2025-12-18 09:34:41,353 - src.logic - DEBUG - Worker Tech_10 excederia limite diário: 8+2 > 8
2025-12-18 09:34:41,353 - src.logic - DEBUG - Worker Tech_01 excederia limite diário: 8+2 > 8
2025-12-18 09:34:41,353 - src.logic - DEBUG - Worker Tech_04 ocupado em 135-139
2025-12-18 09:34:41,353 - src.logic - DEBUG - Worker Tech_05 excederia limite diário: 8+2 > 8
2025-12-18 09:34:41,353 - src.logic - DEBUG - Worker Tech_06 excederia limite diário: 8+2 > 8
2025-12-18 09:34:41,353 - src.logic - DEBUG - Worker Tech_07 excederia limite diário: 8+2 > 8
2025-12-18 09:34:41,353 - src.logic - DEBUG - Worker Tech_08 excederia limite diário: 8+2 > 8
2025-12-18 09:34:41,353 - src.logic - DEBUG - Worker Tech_09 excederia limite diário: 8+2 > 8
2025-12-18 09:34:41,354 - src.logic - DEBUG - Worker Tech_10 excederia limite diário: 8+2 > 8
2025-12-18 09:34:41,354 - src.logic - DEBUG - Worker Tech_01 excederia limite diário: 8+2 > 8
2025-12-18 09:34:41,354 - src.logic - DEBUG - Worker Tech_04 excederia limite diário: 7+2 > 8
2025-12-18 09:34:41,354 - src.logic - DEBUG - Worker Tech_05 excederia limite diário: 8+2 > 8
2025-12-18 09:34:41,354 - src.logic - DEBUG - Worker Tech_06 excederia limite diário: 8+2 > 8
2025-12-18 09:34:41,354 - src.logic - DEBUG - Worker Tech_07 excederia limite diário: 8+2 > 8
2025-12-18 09:34:41,354 - src.logic - DEBUG - Worker Tech_08 excederia limite diário: 8+2 > 8
2025-12-18 09:34:41,354 - src.logic - DEBUG - Worker Tech_09 excederia limite diário: 8+2 > 8
2025-12-18 09:34:41,354 - src.logic - DEBUG - Worker Tech_10 excederia limite diário: 8+2 > 8
2025-12-18 09:34:41,354 - src.logic - DEBUG - Worker Tech_01 excederia limite diário: 8+2 > 8
2025-12-18 09:34:41,354 - src.logic - DEBUG - Worker Tech_04 excederia limite diário: 7+2 > 8
2025-12-18 09:34:41,354 - src.logic - DEBUG - Worker Tech_05 excederia limite diário: 8+2 > 8
2025-12-18 09:34:41,354 - src.logic - DEBUG - Worker Tech_06 excederia limite diário: 8+2 > 8
2025-12-18 09:34:41,354 - src.logic - DEBUG - Worker Tech_07 excederia limite diário: 8+2 > 8
2025-12-18 09:34:41,354 - src.logic - DEBUG - Worker Tech_08 excederia limite diário: 8+2 > 8
2025-12-18 09:34:41,355 - src.logic - DEBUG - Worker Tech_09 excederia limite diário: 8+2 > 8
2025-12-18 09:34:41,355 - src.logic - DEBUG - Worker Tech_10 excederia limite diário: 8+2 > 8
2025-12-18 09:34:41,355 - src.logic - DEBUG - Worker Tech_01 excederia limite diário: 8+2 > 8
2025-12-18 09:34:41,355 - src.logic - DEBUG - Worker Tech_04 excederia limite diário: 7+2 > 8
2025-12-18 09:34:41,355 - src.logic - DEBUG - Worker Tech_05 excederia limite diário: 8+2 > 8
2025-12-18 09:34:41,355 - src.logic - DEBUG - Worker Tech_06 excederia limite diário: 8+2 > 8
2025-12-18 09:34:41,355 - src.logic - DEBUG - Worker Tech_07 excederia limite diário: 8+2 > 8
2025-12-18 09:34:41,355 - src.logic - DEBUG - Worker Tech_08 excederia limite diário: 8+2 > 8
2025-12-18 09:34:41,355 - src.logic - DEBUG - Worker Tech_09 excederia limite diário: 8+2 > 8
2025-12-18 09:34:41,355 - src.logic - DEBUG - Worker Tech_10 excederia limite diário: 8+2 > 8
2025-12-18 09:34:41,355 - src.logic - DEBUG - Server DEV_Database_02 ocupado em 152-154
2025-12-18 09:34:41,355 - src.logic - DEBUG - Server DEV_Database_02 ocupado em 152-154
2025-12-18 09:34:41,355 - src.logic - DEBUG - Worker Tech_03 ocupado em 154-157
2025-12-18 09:34:41,355 - src.logic - DEBUG - Worker Tech_04 ocupado em 154-157
2025-12-18 09:34:41,355 - src.logic - DEBUG - Worker Tech_06 ocupado em 152-156
2025-12-18 09:34:41,355 - src.logic - DEBUG - Worker Tech_07 ocupado em 152-156
2025-12-18 09:34:41,356 - src.logic - DEBUG - Worker Tech_08 ocupado em 154-156
2025-12-18 09:34:41,356 - src.logic - DEBUG - Worker Tech_10 excederia limite diário: 7+2 > 8
2025-12-18 09:34:41,356 - src.logic - DEBUG - Worker Tech_03 ocupado em 154-157
2025-12-18 09:34:41,356 - src.logic - DEBUG - Worker Tech_04 ocupado em 154-157
2025-12-18 09:34:41,356 - src.logic - DEBUG - Worker Tech_06 ocupado em 152-156
2025-12-18 09:34:41,356 - src.logic - DEBUG - Worker Tech_07 ocupado em 152-156
2025-12-18 09:34:41,356 - src.logic - DEBUG - Worker Tech_08 ocupado em 154-156
2025-12-18 09:34:41,356 - src.logic - DEBUG - Worker Tech_10 excederia limite diário: 7+2 > 8
2025-12-18 09:34:41,356 - src.logic - DEBUG - Worker Tech_03 ocupado em 154-157
2025-12-18 09:34:41,356 - src.logic - DEBUG - Worker Tech_04 ocupado em 154-157
2025-12-18 09:34:41,356 - src.logic - DEBUG - Worker Tech_06 ocupado em 157-159
2025-12-18 09:34:41,356 - src.logic - DEBUG - Worker Tech_07 ocupado em 156-158
2025-12-18 09:34:41,356 - src.logic - DEBUG - Worker Tech_08 ocupado em 156-158
2025-12-18 09:34:41,356 - src.logic - DEBUG - Worker Tech_10 ocupado em 157-160
2025-12-18 09:34:41,356 - src.logic - DEBUG - Worker Tech_04 ocupado em 157-160
2025-12-18 09:34:41,356 - src.logic - DEBUG - Worker Tech_06 ocupado em 157-159
2025-12-18 09:34:41,357 - src.logic - DEBUG - Worker Tech_07 ocupado em 156-158
2025-12-18 09:34:41,357 - src.logic - DEBUG - Worker Tech_08 ocupado em 156-158
2025-12-18 09:34:41,357 - src.logic - DEBUG - Worker Tech_10 ocupado em 157-160
2025-12-18 09:34:41,357 - src.logic - DEBUG - Worker Tech_04 ocupado em 157-160
2025-12-18 09:34:41,357 - src.logic - DEBUG - Worker Tech_06 ocupado em 157-159
2025-12-18 09:34:41,357 - src.logic - DEBUG - Worker Tech_07 excederia limite diário: 8+2 > 8
2025-12-18 09:34:41,357 - src.logic - DEBUG - Worker Tech_08 excederia limite diário: 8+2 > 8
2025-12-18 09:34:41,357 - src.logic - DEBUG - Worker Tech_10 ocupado em 157-160
2025-12-18 09:34:41,358 - src.logic - DEBUG - Worker Tech_03 ocupado em 160-162
2025-12-18 09:34:41,358 - src.logic - DEBUG - Worker Tech_04 ocupado em 157-160
2025-12-18 09:34:41,358 - src.logic - DEBUG - Worker Tech_06 excederia limite diário: 8+2 > 8
2025-12-18 09:34:41,358 - src.logic - DEBUG - Worker Tech_07 excederia limite diário: 8+2 > 8
2025-12-18 09:34:41,358 - src.logic - DEBUG - Worker Tech_08 excederia limite diário: 8+2 > 8
2025-12-18 09:34:41,358 - src.logic - DEBUG - Worker Tech_10 ocupado em 157-160
2025-12-18 09:34:41,358 - src.logic - DEBUG - Worker Tech_03 ocupado em 160-162
2025-12-18 09:34:41,358 - src.logic - DEBUG - Worker Tech_04 excederia limite diário: 8+2 > 8
2025-12-18 09:34:41,358 - src.logic - DEBUG - Worker Tech_06 excederia limite diário: 8+2 > 8
2025-12-18 09:34:41,358 - src.logic - DEBUG - Worker Tech_07 excederia limite diário: 8+2 > 8
2025-12-18 09:34:41,358 - src.logic - DEBUG - Worker Tech_08 excederia limite diário: 8+2 > 8
2025-12-18 09:34:41,359 - src.logic - DEBUG - Worker Tech_10 excederia limite diário: 7+2 > 8
2025-12-18 09:34:41,359 - src.logic - DEBUG - Worker Tech_03 ocupado em 160-162
2025-12-18 09:34:41,359 - src.logic - DEBUG - Worker Tech_04 excederia limite diário: 8+2 > 8
2025-12-18 09:34:41,359 - src.logic - DEBUG - Worker Tech_06 excederia limite diário: 8+2 > 8
2025-12-18 09:34:41,359 - src.logic - DEBUG - Worker Tech_07 excederia limite diário: 8+2 > 8
2025-12-18 09:34:41,359 - src.logic - DEBUG - Worker Tech_08 excederia limite diário: 8+2 > 8
2025-12-18 09:34:41,359 - src.logic - DEBUG - Worker Tech_10 excederia limite diário: 7+2 > 8
2025-12-18 09:34:41,359 - src.logic - DEBUG - Worker Tech_04 excederia limite diário: 8+2 > 8
2025-12-18 09:34:41,359 - src.logic - DEBUG - Worker Tech_06 excederia limite diário: 8+2 > 8
2025-12-18 09:34:41,359 - src.logic - DEBUG - Worker Tech_07 excederia limite diário: 8+2 > 8
2025-12-18 09:34:41,359 - src.logic - DEBUG - Worker Tech_08 excederia limite diário: 8+2 > 8
2025-12-18 09:34:41,359 - src.logic - DEBUG - Worker Tech_10 excederia limite diário: 7+2 > 8
2025-12-18 09:34:41,359 - src.logic - DEBUG - Worker Tech_04 excederia limite diário: 8+2 > 8
2025-12-18 09:34:41,359 - src.logic - DEBUG - Worker Tech_06 excederia limite diário: 8+2 > 8
2025-12-18 09:34:41,360 - src.logic - DEBUG - Worker Tech_07 excederia limite diário: 8+2 > 8
2025-12-18 09:34:41,360 - src.logic - DEBUG - Worker Tech_08 excederia limite diário: 8+2 > 8
2025-12-18 09:34:41,360 - src.logic - DEBUG - Worker Tech_10 excederia limite diário: 7+2 > 8
2025-12-18 09:34:41,360 - src.logic - DEBUG - Worker Tech_04 excederia limite diário: 8+2 > 8
2025-12-18 09:34:41,360 - src.logic - DEBUG - Worker Tech_06 excederia limite diário: 8+2 > 8
2025-12-18 09:34:41,360 - src.logic - DEBUG - Worker Tech_07 excederia limite diário: 8+2 > 8
2025-12-18 09:34:41,360 - src.logic - DEBUG - Worker Tech_08 excederia limite diário: 8+2 > 8
2025-12-18 09:34:41,360 - src.logic - DEBUG - Worker Tech_10 excederia limite diário: 7+2 > 8
2025-12-18 09:34:41,360 - src.logic - DEBUG - Worker Tech_04 excederia limite diário: 8+2 > 8
2025-12-18 09:34:41,360 - src.logic - DEBUG - Worker Tech_06 excederia limite diário: 8+2 > 8
2025-12-18 09:34:41,360 - src.logic - DEBUG - Worker Tech_07 excederia limite diário: 8+2 > 8
2025-12-18 09:34:41,360 - src.logic - DEBUG - Worker Tech_08 excederia limite diário: 8+2 > 8
2025-12-18 09:34:41,360 - src.logic - DEBUG - Worker Tech_10 excederia limite diário: 7+2 > 8
2025-12-18 09:34:41,361 - src.logic - DEBUG - Worker Tech_01 ocupado em 126-128
2025-12-18 09:34:41,361 - src.logic - DEBUG - Worker Tech_05 ocupado em 126-128
2025-12-18 09:34:41,361 - src.logic - DEBUG - Worker Tech_06 ocupado em 126-128
2025-12-18 09:34:41,361 - src.logic - DEBUG - Worker Tech_07 ocupado em 126-128
2025-12-18 09:34:41,361 - src.logic - DEBUG - Worker Tech_08 ocupado em 126-128
2025-12-18 09:34:41,361 - src.logic - DEBUG - Worker Tech_09 ocupado em 126-128
2025-12-18 09:34:41,361 - src.logic - DEBUG - Worker Tech_10 ocupado em 126-127
2025-12-18 09:34:41,361 - src.logic - DEBUG - Server TEST_ERP_01 ocupado em 128-131
2025-12-18 09:34:41,361 - src.logic - DEBUG - Server TEST_ERP_01 ocupado em 128-131
2025-12-18 09:34:41,361 - src.logic - DEBUG - Server TEST_ERP_01 ocupado em 128-131
2025-12-18 09:34:41,361 - src.logic - DEBUG - Server TEST_ERP_01 ocupado em 128-131
2025-12-18 09:34:41,361 - src.logic - DEBUG - Worker Tech_01 ocupado em 131-134
2025-12-18 09:34:41,361 - src.logic - DEBUG - Worker Tech_05 ocupado em 131-134
2025-12-18 09:34:41,361 - src.logic - DEBUG - Worker Tech_06 ocupado em 131-134
2025-12-18 09:34:41,362 - src.logic - DEBUG - Worker Tech_07 ocupado em 131-134
2025-12-18 09:34:41,362 - src.logic - DEBUG - Worker Tech_08 ocupado em 131-134
2025-12-18 09:34:41,362 - src.logic - DEBUG - Worker Tech_09 ocupado em 131-133
2025-12-18 09:34:41,362 - src.logic - DEBUG - Worker Tech_10 ocupado em 131-133
2025-12-18 09:34:41,362 - src.logic - DEBUG - Worker Tech_01 ocupado em 131-134
2025-12-18 09:34:41,362 - src.logic - DEBUG - Worker Tech_05 ocupado em 131-134
2025-12-18 09:34:41,362 - src.logic - DEBUG - Worker Tech_06 ocupado em 131-134
2025-12-18 09:34:41,362 - src.logic - DEBUG - Worker Tech_07 ocupado em 131-134
2025-12-18 09:34:41,362 - src.logic - DEBUG - Worker Tech_08 ocupado em 131-134
2025-12-18 09:34:41,362 - src.logic - DEBUG - Worker Tech_09 ocupado em 131-133
2025-12-18 09:34:41,362 - src.logic - DEBUG - Worker Tech_10 ocupado em 131-133
2025-12-18 09:34:41,363 - src.logic - DEBUG - Worker Tech_01 ocupado em 131-134
2025-12-18 09:34:41,363 - src.logic - DEBUG - Worker Tech_05 ocupado em 131-134
2025-12-18 09:34:41,363 - src.logic - DEBUG - Worker Tech_06 ocupado em 131-134
2025-12-18 09:34:41,363 - src.logic - DEBUG - Worker Tech_07 ocupado em 131-134
2025-12-18 09:34:41,363 - src.logic - DEBUG - Worker Tech_08 ocupado em 131-134
2025-12-18 09:34:41,363 - src.logic - DEBUG - Worker Tech_09 ocupado em 133-134
2025-12-18 09:34:41,363 - src.logic - DEBUG - Worker Tech_10 ocupado em 133-134
2025-12-18 09:34:41,363 - src.logic - DEBUG - Worker Tech_01 excederia limite diário: 8+2 > 8
2025-12-18 09:34:41,363 - src.logic - DEBUG - Worker Tech_05 excederia limite diário: 8+2 > 8
2025-12-18 09:34:41,364 - src.logic - DEBUG - Worker Tech_06 excederia limite diário: 8+2 > 8
2025-12-18 09:34:41,364 - src.logic - DEBUG - Worker Tech_07 excederia limite diário: 8+2 > 8
2025-12-18 09:34:41,364 - src.logic - DEBUG - Worker Tech_08 excederia limite diário: 8+2 > 8
2025-12-18 09:34:41,364 - src.logic - DEBUG - Worker Tech_09 excederia limite diário: 8+2 > 8
2025-12-18 09:34:41,364 - src.logic - DEBUG - Worker Tech_10 excederia limite diário: 8+2 > 8
2025-12-18 09:34:41,364 - src.logic - DEBUG - Worker Tech_01 excederia limite diário: 8+2 > 8
2025-12-18 09:34:41,365 - src.logic - DEBUG - Worker Tech_05 excederia limite diário: 8+2 > 8
2025-12-18 09:34:41,365 - src.logic - DEBUG - Worker Tech_06 excederia limite diário: 8+2 > 8
2025-12-18 09:34:41,365 - src.logic - DEBUG - Worker Tech_07 excederia limite diário: 8+2 > 8
2025-12-18 09:34:41,365 - src.logic - DEBUG - Worker Tech_08 excederia limite diário: 8+2 > 8
2025-12-18 09:34:41,365 - src.logic - DEBUG - Worker Tech_09 excederia limite diário: 8+2 > 8
2025-12-18 09:34:41,365 - src.logic - DEBUG - Worker Tech_10 excederia limite diário: 8+2 > 8
2025-12-18 09:34:41,365 - src.logic - DEBUG - Worker Tech_01 excederia limite diário: 8+2 > 8
2025-12-18 09:34:41,365 - src.logic - DEBUG - Worker Tech_05 excederia limite diário: 8+2 > 8
2025-12-18 09:34:41,365 - src.logic - DEBUG - Worker Tech_06 excederia limite diário: 8+2 > 8
2025-12-18 09:34:41,365 - src.logic - DEBUG - Worker Tech_07 excederia limite diário: 8+2 > 8
2025-12-18 09:34:41,366 - src.logic - DEBUG - Worker Tech_08 excederia limite diário: 8+2 > 8
2025-12-18 09:34:41,366 - src.logic - DEBUG - Worker Tech_09 excederia limite diário: 8+2 > 8
2025-12-18 09:34:41,366 - src.logic - DEBUG - Worker Tech_10 excederia limite diário: 8+2 > 8
2025-12-18 09:34:41,366 - src.logic - DEBUG - Worker Tech_01 excederia limite diário: 8+2 > 8
2025-12-18 09:34:41,366 - src.logic - DEBUG - Worker Tech_05 excederia limite diário: 8+2 > 8
2025-12-18 09:34:41,366 - src.logic - DEBUG - Worker Tech_06 excederia limite diário: 8+2 > 8
2025-12-18 09:34:41,366 - src.logic - DEBUG - Worker Tech_07 excederia limite diário: 8+2 > 8
2025-12-18 09:34:41,366 - src.logic - DEBUG - Worker Tech_08 excederia limite diário: 8+2 > 8
2025-12-18 09:34:41,366 - src.logic - DEBUG - Worker Tech_09 excederia limite diário: 8+2 > 8
2025-12-18 09:34:41,366 - src.logic - DEBUG - Worker Tech_10 excederia limite diário: 8+2 > 8
2025-12-18 09:34:41,366 - src.logic - DEBUG - Worker Tech_01 excederia limite diário: 8+2 > 8
2025-12-18 09:34:41,366 - src.logic - DEBUG - Worker Tech_05 excederia limite diário: 8+2 > 8
2025-12-18 09:34:41,366 - src.logic - DEBUG - Worker Tech_06 excederia limite diário: 8+2 > 8
2025-12-18 09:34:41,366 - src.logic - DEBUG - Worker Tech_07 excederia limite diário: 8+2 > 8
2025-12-18 09:34:41,367 - src.logic - DEBUG - Worker Tech_08 excederia limite diário: 8+2 > 8
2025-12-18 09:34:41,367 - src.logic - DEBUG - Worker Tech_09 excederia limite diário: 8+2 > 8
2025-12-18 09:34:41,367 - src.logic - DEBUG - Worker Tech_10 excederia limite diário: 8+2 > 8
2025-12-18 09:34:41,367 - src.logic - DEBUG - Worker Tech_01 excederia limite diário: 8+2 > 8
2025-12-18 09:34:41,367 - src.logic - DEBUG - Worker Tech_05 excederia limite diário: 8+2 > 8
2025-12-18 09:34:41,367 - src.logic - DEBUG - Worker Tech_06 excederia limite diário: 8+2 > 8
2025-12-18 09:34:41,367 - src.logic - DEBUG - Worker Tech_07 excederia limite diário: 8+2 > 8
2025-12-18 09:34:41,367 - src.logic - DEBUG - Worker Tech_08 excederia limite diário: 8+2 > 8
2025-12-18 09:34:41,367 - src.logic - DEBUG - Worker Tech_09 excederia limite diário: 8+2 > 8
2025-12-18 09:34:41,368 - src.logic - DEBUG - Worker Tech_10 excederia limite diário: 8+2 > 8
2025-12-18 09:34:41,368 - src.logic - DEBUG - Worker Tech_06 ocupado em 150-151
2025-12-18 09:34:41,368 - src.logic - DEBUG - Worker Tech_07 ocupado em 150-151
2025-12-18 09:34:41,368 - src.logic - DEBUG - Worker Tech_08 ocupado em 150-152
2025-12-18 09:34:41,368 - src.logic - DEBUG - Worker Tech_10 ocupado em 150-152
2025-12-18 09:34:41,368 - src.logic - DEBUG - Worker Tech_06 ocupado em 152-156
2025-12-18 09:34:41,368 - src.logic - DEBUG - Worker Tech_07 ocupado em 152-156
2025-12-18 09:34:41,368 - src.logic - DEBUG - Worker Tech_08 ocupado em 152-154
2025-12-18 09:34:41,368 - src.logic - DEBUG - Worker Tech_10 ocupado em 152-154
2025-12-18 09:34:41,368 - src.logic - DEBUG - Worker Tech_06 ocupado em 152-156
2025-12-18 09:34:41,368 - src.logic - DEBUG - Worker Tech_07 ocupado em 152-156
2025-12-18 09:34:41,369 - src.logic - DEBUG - Worker Tech_08 ocupado em 152-154
2025-12-18 09:34:41,369 - src.logic - DEBUG - Worker Tech_10 ocupado em 152-154
2025-12-18 09:34:41,369 - src.logic - DEBUG - Worker Tech_06 ocupado em 152-156
2025-12-18 09:34:41,369 - src.logic - DEBUG - Worker Tech_07 ocupado em 152-156
2025-12-18 09:34:41,369 - src.logic - DEBUG - Worker Tech_08 ocupado em 154-156
2025-12-18 09:34:41,369 - src.logic - DEBUG - Worker Tech_10 excederia limite diário: 7+2 > 8
2025-12-18 09:34:41,369 - src.logic - DEBUG - Worker Tech_06 ocupado em 152-156
2025-12-18 09:34:41,369 - src.logic - DEBUG - Worker Tech_07 ocupado em 152-156
2025-12-18 09:34:41,369 - src.logic - DEBUG - Worker Tech_08 ocupado em 154-156
2025-12-18 09:34:41,370 - src.logic - DEBUG - Worker Tech_10 excederia limite diário: 7+2 > 8
2025-12-18 09:34:41,370 - src.logic - DEBUG - Worker Tech_06 ocupado em 157-159
2025-12-18 09:34:41,370 - src.logic - DEBUG - Worker Tech_07 ocupado em 156-158
2025-12-18 09:34:41,370 - src.logic - DEBUG - Worker Tech_08 ocupado em 156-158
2025-12-18 09:34:41,370 - src.logic - DEBUG - Worker Tech_10 ocupado em 157-160
2025-12-18 09:34:41,370 - src.logic - DEBUG - Worker Tech_06 ocupado em 157-159
2025-12-18 09:34:41,370 - src.logic - DEBUG - Worker Tech_07 ocupado em 156-158
2025-12-18 09:34:41,370 - src.logic - DEBUG - Worker Tech_08 ocupado em 156-158
2025-12-18 09:34:41,370 - src.logic - DEBUG - Worker Tech_10 ocupado em 157-160
2025-12-18 09:34:41,370 - src.logic - DEBUG - Worker Tech_06 ocupado em 157-159
2025-12-18 09:34:41,371 - src.logic - DEBUG - Worker Tech_07 excederia limite diário: 8+2 > 8
2025-12-18 09:34:41,371 - src.logic - DEBUG - Worker Tech_08 excederia limite diário: 8+2 > 8
2025-12-18 09:34:41,371 - src.logic - DEBUG - Worker Tech_10 ocupado em 157-160
2025-12-18 09:34:41,371 - src.logic - DEBUG - Worker Tech_06 excederia limite diário: 8+2 > 8
2025-12-18 09:34:41,371 - src.logic - DEBUG - Worker Tech_07 excederia limite diário: 8+2 > 8
2025-12-18 09:34:41,371 - src.logic - DEBUG - Worker Tech_08 excederia limite diário: 8+2 > 8
2025-12-18 09:34:41,371 - src.logic - DEBUG - Worker Tech_10 ocupado em 157-160
2025-12-18 09:34:41,371 - src.logic - DEBUG - Worker Tech_06 excederia limite diário: 8+2 > 8
2025-12-18 09:34:41,371 - src.logic - DEBUG - Worker Tech_07 excederia limite diário: 8+2 > 8
2025-12-18 09:34:41,371 - src.logic - DEBUG - Worker Tech_08 excederia limite diário: 8+2 > 8
2025-12-18 09:34:41,371 - src.logic - DEBUG - Worker Tech_10 excederia limite diário: 7+2 > 8
2025-12-18 09:34:41,371 - src.logic - DEBUG - Worker Tech_06 excederia limite diário: 8+2 > 8
2025-12-18 09:34:41,371 - src.logic - DEBUG - Worker Tech_07 excederia limite diário: 8+2 > 8
2025-12-18 09:34:41,371 - src.logic - DEBUG - Worker Tech_08 excederia limite diário: 8+2 > 8
2025-12-18 09:34:41,371 - src.logic - DEBUG - Worker Tech_10 excederia limite diário: 7+2 > 8
2025-12-18 09:34:41,372 - src.logic - DEBUG - Worker Tech_06 excederia limite diário: 8+2 > 8
2025-12-18 09:34:41,372 - src.logic - DEBUG - Worker Tech_07 excederia limite diário: 8+2 > 8
2025-12-18 09:34:41,372 - src.logic - DEBUG - Worker Tech_08 excederia limite diário: 8+2 > 8
2025-12-18 09:34:41,372 - src.logic - DEBUG - Worker Tech_10 excederia limite diário: 7+2 > 8
2025-12-18 09:34:41,372 - src.logic - DEBUG - Worker Tech_06 excederia limite diário: 8+2 > 8
2025-12-18 09:34:41,372 - src.logic - DEBUG - Worker Tech_07 excederia limite diário: 8+2 > 8
2025-12-18 09:34:41,372 - src.logic - DEBUG - Worker Tech_08 excederia limite diário: 8+2 > 8
2025-12-18 09:34:41,373 - src.logic - DEBUG - Worker Tech_10 excederia limite diário: 7+2 > 8
2025-12-18 09:34:41,373 - src.logic - DEBUG - Worker Tech_01 ocupado em 126-128
2025-12-18 09:34:41,373 - src.logic - DEBUG - Worker Tech_05 ocupado em 126-128
2025-12-18 09:34:41,373 - src.logic - DEBUG - Worker Tech_06 ocupado em 126-128
2025-12-18 09:34:41,373 - src.logic - DEBUG - Worker Tech_07 ocupado em 126-128
2025-12-18 09:34:41,373 - src.logic - DEBUG - Worker Tech_08 ocupado em 126-128
2025-12-18 09:34:41,373 - src.logic - DEBUG - Worker Tech_09 ocupado em 126-128
2025-12-18 09:34:41,373 - src.logic - DEBUG - Worker Tech_10 ocupado em 126-127
2025-12-18 09:34:41,374 - src.logic - DEBUG - Worker Tech_01 ocupado em 128-131
2025-12-18 09:34:41,374 - src.logic - DEBUG - Worker Tech_05 ocupado em 128-131
2025-12-18 09:34:41,374 - src.logic - DEBUG - Worker Tech_06 ocupado em 128-131
2025-12-18 09:34:41,374 - src.logic - DEBUG - Worker Tech_07 ocupado em 128-131
2025-12-18 09:34:41,374 - src.logic - DEBUG - Worker Tech_08 ocupado em 128-131
2025-12-18 09:34:41,374 - src.logic - DEBUG - Worker Tech_09 ocupado em 128-131
2025-12-18 09:34:41,374 - src.logic - DEBUG - Worker Tech_10 ocupado em 128-131
2025-12-18 09:34:41,374 - src.logic - DEBUG - Worker Tech_01 ocupado em 128-131
2025-12-18 09:34:41,374 - src.logic - DEBUG - Worker Tech_05 ocupado em 128-131
2025-12-18 09:34:41,374 - src.logic - DEBUG - Worker Tech_06 ocupado em 128-131
2025-12-18 09:34:41,374 - src.logic - DEBUG - Worker Tech_07 ocupado em 128-131
2025-12-18 09:34:41,374 - src.logic - DEBUG - Worker Tech_08 ocupado em 128-131
2025-12-18 09:34:41,374 - src.logic - DEBUG - Worker Tech_09 ocupado em 128-131
2025-12-18 09:34:41,374 - src.logic - DEBUG - Worker Tech_10 ocupado em 128-131
2025-12-18 09:34:41,374 - src.logic - DEBUG - Server TEST_ERP_02 ocupado em 131-134
2025-12-18 09:34:41,375 - src.logic - DEBUG - Server TEST_ERP_02 ocupado em 131-134
2025-12-18 09:34:41,375 - src.logic - DEBUG - Server TEST_ERP_02 ocupado em 131-134
2025-12-18 09:34:41,375 - src.logic - DEBUG - Server TEST_ERP_02 ocupado em 131-134
2025-12-18 09:34:41,375 - src.logic - DEBUG - Worker Tech_01 excederia limite diário: 8+2 > 8
2025-12-18 09:34:41,375 - src.logic - DEBUG - Worker Tech_05 excederia limite diário: 8+2 > 8
2025-12-18 09:34:41,375 - src.logic - DEBUG - Worker Tech_06 excederia limite diário: 8+2 > 8
2025-12-18 09:34:41,375 - src.logic - DEBUG - Worker Tech_07 excederia limite diário: 8+2 > 8
2025-12-18 09:34:41,375 - src.logic - DEBUG - Worker Tech_08 excederia limite diário: 8+2 > 8
2025-12-18 09:34:41,375 - src.logic - DEBUG - Worker Tech_09 excederia limite diário: 8+2 > 8
2025-12-18 09:34:41,376 - src.logic - DEBUG - Worker Tech_10 excederia limite diário: 8+2 > 8
2025-12-18 09:34:41,376 - src.logic - DEBUG - Worker Tech_01 excederia limite diário: 8+2 > 8
2025-12-18 09:34:41,376 - src.logic - DEBUG - Worker Tech_05 excederia limite diário: 8+2 > 8
2025-12-18 09:34:41,376 - src.logic - DEBUG - Worker Tech_06 excederia limite diário: 8+2 > 8
2025-12-18 09:34:41,376 - src.logic - DEBUG - Worker Tech_07 excederia limite diário: 8+2 > 8
2025-12-18 09:34:41,376 - src.logic - DEBUG - Worker Tech_08 excederia limite diário: 8+2 > 8
2025-12-18 09:34:41,376 - src.logic - DEBUG - Worker Tech_09 excederia limite diário: 8+2 > 8
2025-12-18 09:34:41,376 - src.logic - DEBUG - Worker Tech_10 excederia limite diário: 8+2 > 8
2025-12-18 09:34:41,376 - src.logic - DEBUG - Worker Tech_01 excederia limite diário: 8+2 > 8
2025-12-18 09:34:41,376 - src.logic - DEBUG - Worker Tech_05 excederia limite diário: 8+2 > 8
2025-12-18 09:34:41,376 - src.logic - DEBUG - Worker Tech_06 excederia limite diário: 8+2 > 8
2025-12-18 09:34:41,377 - src.logic - DEBUG - Worker Tech_07 excederia limite diário: 8+2 > 8
2025-12-18 09:34:41,377 - src.logic - DEBUG - Worker Tech_08 excederia limite diário: 8+2 > 8
2025-12-18 09:34:41,377 - src.logic - DEBUG - Worker Tech_09 excederia limite diário: 8+2 > 8
2025-12-18 09:34:41,377 - src.logic - DEBUG - Worker Tech_10 excederia limite diário: 8+2 > 8
2025-12-18 09:34:41,377 - src.logic - DEBUG - Worker Tech_01 excederia limite diário: 8+2 > 8
2025-12-18 09:34:41,377 - src.logic - DEBUG - Worker Tech_05 excederia limite diário: 8+2 > 8
2025-12-18 09:34:41,377 - src.logic - DEBUG - Worker Tech_06 excederia limite diário: 8+2 > 8
2025-12-18 09:34:41,377 - src.logic - DEBUG - Worker Tech_07 excederia limite diário: 8+2 > 8
2025-12-18 09:34:41,378 - src.logic - DEBUG - Worker Tech_08 excederia limite diário: 8+2 > 8
2025-12-18 09:34:41,378 - src.logic - DEBUG - Worker Tech_09 excederia limite diário: 8+2 > 8
2025-12-18 09:34:41,378 - src.logic - DEBUG - Worker Tech_10 excederia limite diário: 8+2 > 8
2025-12-18 09:34:41,378 - src.logic - DEBUG - Worker Tech_01 excederia limite diário: 8+2 > 8
2025-12-18 09:34:41,378 - src.logic - DEBUG - Worker Tech_05 excederia limite diário: 8+2 > 8
2025-12-18 09:34:41,378 - src.logic - DEBUG - Worker Tech_06 excederia limite diário: 8+2 > 8
2025-12-18 09:34:41,378 - src.logic - DEBUG - Worker Tech_07 excederia limite diário: 8+2 > 8
2025-12-18 09:34:41,378 - src.logic - DEBUG - Worker Tech_08 excederia limite diário: 8+2 > 8
2025-12-18 09:34:41,378 - src.logic - DEBUG - Worker Tech_09 excederia limite diário: 8+2 > 8
2025-12-18 09:34:41,378 - src.logic - DEBUG - Worker Tech_10 excederia limite diário: 8+2 > 8
2025-12-18 09:34:41,378 - src.logic - DEBUG - Worker Tech_01 excederia limite diário: 8+2 > 8
2025-12-18 09:34:41,378 - src.logic - DEBUG - Worker Tech_05 excederia limite diário: 8+2 > 8
2025-12-18 09:34:41,379 - src.logic - DEBUG - Worker Tech_06 excederia limite diário: 8+2 > 8
2025-12-18 09:34:41,379 - src.logic - DEBUG - Worker Tech_07 excederia limite diário: 8+2 > 8
2025-12-18 09:34:41,379 - src.logic - DEBUG - Worker Tech_08 excederia limite diário: 8+2 > 8
2025-12-18 09:34:41,379 - src.logic - DEBUG - Worker Tech_09 excederia limite diário: 8+2 > 8
2025-12-18 09:34:41,379 - src.logic - DEBUG - Worker Tech_10 excederia limite diário: 8+2 > 8
2025-12-18 09:34:41,379 - src.logic - DEBUG - Worker Tech_06 ocupado em 150-151
2025-12-18 09:34:41,379 - src.logic - DEBUG - Worker Tech_07 ocupado em 150-151
2025-12-18 09:34:41,379 - src.logic - DEBUG - Worker Tech_08 ocupado em 150-152
2025-12-18 09:34:41,379 - src.logic - DEBUG - Worker Tech_10 ocupado em 150-152
2025-12-18 09:34:41,379 - src.logic - DEBUG - Worker Tech_06 ocupado em 152-156
2025-12-18 09:34:41,379 - src.logic - DEBUG - Worker Tech_07 ocupado em 152-156
2025-12-18 09:34:41,379 - src.logic - DEBUG - Worker Tech_08 ocupado em 152-154
2025-12-18 09:34:41,379 - src.logic - DEBUG - Worker Tech_10 ocupado em 152-154
2025-12-18 09:34:41,379 - src.logic - DEBUG - Worker Tech_06 ocupado em 152-156
2025-12-18 09:34:41,380 - src.logic - DEBUG - Worker Tech_07 ocupado em 152-156
2025-12-18 09:34:41,380 - src.logic - DEBUG - Worker Tech_08 ocupado em 152-154
2025-12-18 09:34:41,380 - src.logic - DEBUG - Worker Tech_10 ocupado em 152-154
2025-12-18 09:34:41,380 - src.logic - DEBUG - Worker Tech_06 ocupado em 152-156
2025-12-18 09:34:41,380 - src.logic - DEBUG - Worker Tech_07 ocupado em 152-156
2025-12-18 09:34:41,380 - src.logic - DEBUG - Worker Tech_08 ocupado em 154-156
2025-12-18 09:34:41,380 - src.logic - DEBUG - Worker Tech_10 excederia limite diário: 7+2 > 8
2025-12-18 09:34:41,380 - src.logic - DEBUG - Worker Tech_06 ocupado em 152-156
2025-12-18 09:34:41,381 - src.logic - DEBUG - Worker Tech_07 ocupado em 152-156
2025-12-18 09:34:41,381 - src.logic - DEBUG - Worker Tech_08 ocupado em 154-156
2025-12-18 09:34:41,381 - src.logic - DEBUG - Worker Tech_10 excederia limite diário: 7+2 > 8
2025-12-18 09:34:41,381 - src.logic - DEBUG - Worker Tech_06 ocupado em 157-159
2025-12-18 09:34:41,381 - src.logic - DEBUG - Worker Tech_07 ocupado em 156-158
2025-12-18 09:34:41,381 - src.logic - DEBUG - Worker Tech_08 ocupado em 156-158
2025-12-18 09:34:41,381 - src.logic - DEBUG - Worker Tech_10 ocupado em 157-160
2025-12-18 09:34:41,381 - src.logic - DEBUG - Worker Tech_06 ocupado em 157-159
2025-12-18 09:34:41,381 - src.logic - DEBUG - Worker Tech_07 ocupado em 156-158
2025-12-18 09:34:41,381 - src.logic - DEBUG - Worker Tech_08 ocupado em 156-158
2025-12-18 09:34:41,381 - src.logic - DEBUG - Worker Tech_10 ocupado em 157-160
2025-12-18 09:34:41,382 - src.logic - DEBUG - Worker Tech_06 ocupado em 157-159
2025-12-18 09:34:41,382 - src.logic - DEBUG - Worker Tech_07 excederia limite diário: 8+2 > 8
2025-12-18 09:34:41,382 - src.logic - DEBUG - Worker Tech_08 excederia limite diário: 8+2 > 8
2025-12-18 09:34:41,382 - src.logic - DEBUG - Worker Tech_10 ocupado em 157-160
2025-12-18 09:34:41,382 - src.logic - DEBUG - Worker Tech_06 excederia limite diário: 8+2 > 8
2025-12-18 09:34:41,382 - src.logic - DEBUG - Worker Tech_07 excederia limite diário: 8+2 > 8
2025-12-18 09:34:41,383 - src.logic - DEBUG - Worker Tech_08 excederia limite diário: 8+2 > 8
2025-12-18 09:34:41,383 - src.logic - DEBUG - Worker Tech_10 ocupado em 157-160
2025-12-18 09:34:41,383 - src.logic - DEBUG - Worker Tech_06 excederia limite diário: 8+2 > 8
2025-12-18 09:34:41,383 - src.logic - DEBUG - Worker Tech_07 excederia limite diário: 8+2 > 8
2025-12-18 09:34:41,383 - src.logic - DEBUG - Worker Tech_08 excederia limite diário: 8+2 > 8
2025-12-18 09:34:41,384 - src.logic - DEBUG - Worker Tech_10 excederia limite diário: 7+2 > 8
2025-12-18 09:34:41,384 - src.logic - DEBUG - Worker Tech_06 excederia limite diário: 8+2 > 8
2025-12-18 09:34:41,384 - src.logic - DEBUG - Worker Tech_07 excederia limite diário: 8+2 > 8
2025-12-18 09:34:41,384 - src.logic - DEBUG - Worker Tech_08 excederia limite diário: 8+2 > 8
2025-12-18 09:34:41,384 - src.logic - DEBUG - Worker Tech_10 excederia limite diário: 7+2 > 8
2025-12-18 09:34:41,384 - src.logic - DEBUG - Worker Tech_06 excederia limite diário: 8+2 > 8
2025-12-18 09:34:41,384 - src.logic - DEBUG - Worker Tech_07 excederia limite diário: 8+2 > 8
2025-12-18 09:34:41,384 - src.logic - DEBUG - Worker Tech_08 excederia limite diário: 8+2 > 8
2025-12-18 09:34:41,384 - src.logic - DEBUG - Worker Tech_10 excederia limite diário: 7+2 > 8
2025-12-18 09:34:41,384 - src.logic - DEBUG - Worker Tech_06 excederia limite diário: 8+2 > 8
2025-12-18 09:34:41,384 - src.logic - DEBUG - Worker Tech_07 excederia limite diário: 8+2 > 8
2025-12-18 09:34:41,384 - src.logic - DEBUG - Worker Tech_08 excederia limite diário: 8+2 > 8
2025-12-18 09:34:41,384 - src.logic - DEBUG - Worker Tech_10 excederia limite diário: 7+2 > 8
2025-12-18 09:34:41,385 - src.logic - DEBUG - Server TEST_Database_02 ocupado em 126-128
2025-12-18 09:34:41,385 - src.logic - DEBUG - Server TEST_Database_02 ocupado em 126-128
2025-12-18 09:34:41,385 - src.logic - DEBUG - Worker Tech_01 ocupado em 128-131
2025-12-18 09:34:41,385 - src.logic - DEBUG - Worker Tech_05 ocupado em 128-131
2025-12-18 09:34:41,385 - src.logic - DEBUG - Worker Tech_06 ocupado em 128-131
2025-12-18 09:34:41,385 - src.logic - DEBUG - Worker Tech_07 ocupado em 128-131
2025-12-18 09:34:41,385 - src.logic - DEBUG - Worker Tech_08 ocupado em 128-131
2025-12-18 09:34:41,385 - src.logic - DEBUG - Worker Tech_09 ocupado em 128-131
2025-12-18 09:34:41,386 - src.logic - DEBUG - Worker Tech_10 ocupado em 128-131
2025-12-18 09:34:41,386 - src.logic - DEBUG - Worker Tech_01 ocupado em 128-131
2025-12-18 09:34:41,386 - src.logic - DEBUG - Worker Tech_05 ocupado em 128-131
2025-12-18 09:34:41,386 - src.logic - DEBUG - Worker Tech_06 ocupado em 128-131
2025-12-18 09:34:41,386 - src.logic - DEBUG - Worker Tech_07 ocupado em 128-131
2025-12-18 09:34:41,386 - src.logic - DEBUG - Worker Tech_08 ocupado em 128-131
2025-12-18 09:34:41,386 - src.logic - DEBUG - Worker Tech_09 ocupado em 128-131
2025-12-18 09:34:41,386 - src.logic - DEBUG - Worker Tech_10 ocupado em 128-131
2025-12-18 09:34:41,386 - src.logic - DEBUG - Server TEST_Database_02 ocupado em 131-133
2025-12-18 09:34:41,386 - src.logic - DEBUG - Server TEST_Database_02 ocupado em 131-133
2025-12-18 09:34:41,386 - src.logic - DEBUG - Server TEST_Database_02 ocupado em 131-133
2025-12-18 09:34:41,386 - src.logic - DEBUG - Worker Tech_01 ocupado em 131-134
2025-12-18 09:34:41,386 - src.logic - DEBUG - Worker Tech_05 ocupado em 131-134
2025-12-18 09:34:41,386 - src.logic - DEBUG - Worker Tech_06 ocupado em 131-134
2025-12-18 09:34:41,387 - src.logic - DEBUG - Worker Tech_07 ocupado em 131-134
2025-12-18 09:34:41,387 - src.logic - DEBUG - Worker Tech_08 ocupado em 131-134
2025-12-18 09:34:41,387 - src.logic - DEBUG - Worker Tech_09 ocupado em 133-134
2025-12-18 09:34:41,387 - src.logic - DEBUG - Worker Tech_10 ocupado em 133-134
2025-12-18 09:34:41,387 - src.logic - DEBUG - Worker Tech_01 excederia limite diário: 8+2 > 8
2025-12-18 09:34:41,387 - src.logic - DEBUG - Worker Tech_05 excederia limite diário: 8+2 > 8
2025-12-18 09:34:41,387 - src.logic - DEBUG - Worker Tech_06 excederia limite diário: 8+2 > 8
2025-12-18 09:34:41,387 - src.logic - DEBUG - Worker Tech_07 excederia limite diário: 8+2 > 8
2025-12-18 09:34:41,387 - src.logic - DEBUG - Worker Tech_08 excederia limite diário: 8+2 > 8
2025-12-18 09:34:41,387 - src.logic - DEBUG - Worker Tech_09 excederia limite diário: 8+2 > 8
2025-12-18 09:34:41,388 - src.logic - DEBUG - Worker Tech_10 excederia limite diário: 8+2 > 8
2025-12-18 09:34:41,388 - src.logic - DEBUG - Worker Tech_01 excederia limite diário: 8+2 > 8
2025-12-18 09:34:41,388 - src.logic - DEBUG - Worker Tech_05 excederia limite diário: 8+2 > 8
2025-12-18 09:34:41,388 - src.logic - DEBUG - Worker Tech_06 excederia limite diário: 8+2 > 8
2025-12-18 09:34:41,388 - src.logic - DEBUG - Worker Tech_07 excederia limite diário: 8+2 > 8
2025-12-18 09:34:41,388 - src.logic - DEBUG - Worker Tech_08 excederia limite diário: 8+2 > 8
2025-12-18 09:34:41,388 - src.logic - DEBUG - Worker Tech_09 excederia limite diário: 8+2 > 8
2025-12-18 09:34:41,388 - src.logic - DEBUG - Worker Tech_10 excederia limite diário: 8+2 > 8
2025-12-18 09:34:41,388 - src.logic - DEBUG - Worker Tech_01 excederia limite diário: 8+2 > 8
2025-12-18 09:34:41,388 - src.logic - DEBUG - Worker Tech_05 excederia limite diário: 8+2 > 8
2025-12-18 09:34:41,388 - src.logic - DEBUG - Worker Tech_06 excederia limite diário: 8+2 > 8
2025-12-18 09:34:41,389 - src.logic - DEBUG - Worker Tech_07 excederia limite diário: 8+2 > 8
2025-12-18 09:34:41,389 - src.logic - DEBUG - Worker Tech_08 excederia limite diário: 8+2 > 8
2025-12-18 09:34:41,389 - src.logic - DEBUG - Worker Tech_09 excederia limite diário: 8+2 > 8
2025-12-18 09:34:41,389 - src.logic - DEBUG - Worker Tech_10 excederia limite diário: 8+2 > 8
2025-12-18 09:34:41,389 - src.logic - DEBUG - Worker Tech_01 excederia limite diário: 8+2 > 8
2025-12-18 09:34:41,389 - src.logic - DEBUG - Worker Tech_05 excederia limite diário: 8+2 > 8
2025-12-18 09:34:41,389 - src.logic - DEBUG - Worker Tech_06 excederia limite diário: 8+2 > 8
2025-12-18 09:34:41,389 - src.logic - DEBUG - Worker Tech_07 excederia limite diário: 8+2 > 8
2025-12-18 09:34:41,389 - src.logic - DEBUG - Worker Tech_08 excederia limite diário: 8+2 > 8
2025-12-18 09:34:41,389 - src.logic - DEBUG - Worker Tech_09 excederia limite diário: 8+2 > 8
2025-12-18 09:34:41,389 - src.logic - DEBUG - Worker Tech_10 excederia limite diário: 8+2 > 8
2025-12-18 09:34:41,389 - src.logic - DEBUG - Worker Tech_01 excederia limite diário: 8+2 > 8
2025-12-18 09:34:41,389 - src.logic - DEBUG - Worker Tech_05 excederia limite diário: 8+2 > 8
2025-12-18 09:34:41,390 - src.logic - DEBUG - Worker Tech_06 excederia limite diário: 8+2 > 8
2025-12-18 09:34:41,390 - src.logic - DEBUG - Worker Tech_07 excederia limite diário: 8+2 > 8
2025-12-18 09:34:41,390 - src.logic - DEBUG - Worker Tech_08 excederia limite diário: 8+2 > 8
2025-12-18 09:34:41,390 - src.logic - DEBUG - Worker Tech_09 excederia limite diário: 8+2 > 8
2025-12-18 09:34:41,390 - src.logic - DEBUG - Worker Tech_10 excederia limite diário: 8+2 > 8
2025-12-18 09:34:41,390 - src.logic - DEBUG - Worker Tech_01 excederia limite diário: 8+2 > 8
2025-12-18 09:34:41,390 - src.logic - DEBUG - Worker Tech_05 excederia limite diário: 8+2 > 8
2025-12-18 09:34:41,390 - src.logic - DEBUG - Worker Tech_06 excederia limite diário: 8+2 > 8
2025-12-18 09:34:41,390 - src.logic - DEBUG - Worker Tech_07 excederia limite diário: 8+2 > 8
2025-12-18 09:34:41,390 - src.logic - DEBUG - Worker Tech_08 excederia limite diário: 8+2 > 8
2025-12-18 09:34:41,390 - src.logic - DEBUG - Worker Tech_09 excederia limite diário: 8+2 > 8
2025-12-18 09:34:41,390 - src.logic - DEBUG - Worker Tech_10 excederia limite diário: 8+2 > 8
2025-12-18 09:34:41,390 - src.logic - DEBUG - Worker Tech_06 ocupado em 150-151
2025-12-18 09:34:41,391 - src.logic - DEBUG - Worker Tech_07 ocupado em 150-151
2025-12-18 09:34:41,391 - src.logic - DEBUG - Worker Tech_08 ocupado em 150-152
2025-12-18 09:34:41,391 - src.logic - DEBUG - Worker Tech_10 ocupado em 150-152
2025-12-18 09:34:41,391 - src.logic - DEBUG - Server TEST_Database_02 ocupado em 152-154
2025-12-18 09:34:41,391 - src.logic - DEBUG - Server TEST_Database_02 ocupado em 152-154
2025-12-18 09:34:41,391 - src.logic - DEBUG - Server TEST_Database_02 ocupado em 152-154
2025-12-18 09:34:41,391 - src.logic - DEBUG - Worker Tech_06 ocupado em 152-156
2025-12-18 09:34:41,391 - src.logic - DEBUG - Worker Tech_07 ocupado em 152-156
2025-12-18 09:34:41,391 - src.logic - DEBUG - Worker Tech_08 ocupado em 154-156
2025-12-18 09:34:41,391 - src.logic - DEBUG - Worker Tech_10 excederia limite diário: 7+2 > 8
2025-12-18 09:34:41,391 - src.logic - DEBUG - Worker Tech_06 ocupado em 152-156
2025-12-18 09:34:41,391 - src.logic - DEBUG - Worker Tech_07 ocupado em 152-156
2025-12-18 09:34:41,392 - src.logic - DEBUG - Worker Tech_08 ocupado em 154-156
2025-12-18 09:34:41,392 - src.logic - DEBUG - Worker Tech_10 excederia limite diário: 7+2 > 8
2025-12-18 09:34:41,392 - src.logic - DEBUG - Worker Tech_06 ocupado em 157-159
2025-12-18 09:34:41,392 - src.logic - DEBUG - Worker Tech_07 ocupado em 156-158
2025-12-18 09:34:41,392 - src.logic - DEBUG - Worker Tech_08 ocupado em 156-158
2025-12-18 09:34:41,392 - src.logic - DEBUG - Worker Tech_10 ocupado em 157-160
2025-12-18 09:34:41,392 - src.logic - DEBUG - Worker Tech_06 ocupado em 157-159
2025-12-18 09:34:41,393 - src.logic - DEBUG - Worker Tech_07 ocupado em 156-158
2025-12-18 09:34:41,393 - src.logic - DEBUG - Worker Tech_08 ocupado em 156-158
2025-12-18 09:34:41,393 - src.logic - DEBUG - Worker Tech_10 ocupado em 157-160
2025-12-18 09:34:41,393 - src.logic - DEBUG - Worker Tech_06 ocupado em 157-159
2025-12-18 09:34:41,393 - src.logic - DEBUG - Worker Tech_07 excederia limite diário: 8+2 > 8
2025-12-18 09:34:41,394 - src.logic - DEBUG - Worker Tech_08 excederia limite diário: 8+2 > 8
2025-12-18 09:34:41,394 - src.logic - DEBUG - Worker Tech_10 ocupado em 157-160
2025-12-18 09:34:41,394 - src.logic - DEBUG - Worker Tech_06 excederia limite diário: 8+2 > 8
2025-12-18 09:34:41,394 - src.logic - DEBUG - Worker Tech_07 excederia limite diário: 8+2 > 8
2025-12-18 09:34:41,394 - src.logic - DEBUG - Worker Tech_08 excederia limite diário: 8+2 > 8
2025-12-18 09:34:41,394 - src.logic - DEBUG - Worker Tech_10 ocupado em 157-160
2025-12-18 09:34:41,394 - src.logic - DEBUG - Worker Tech_06 excederia limite diário: 8+2 > 8
2025-12-18 09:34:41,394 - src.logic - DEBUG - Worker Tech_07 excederia limite diário: 8+2 > 8
2025-12-18 09:34:41,394 - src.logic - DEBUG - Worker Tech_08 excederia limite diário: 8+2 > 8
2025-12-18 09:34:41,394 - src.logic - DEBUG - Worker Tech_10 excederia limite diário: 7+2 > 8
2025-12-18 09:34:41,394 - src.logic - DEBUG - Worker Tech_06 excederia limite diário: 8+2 > 8
2025-12-18 09:34:41,394 - src.logic - DEBUG - Worker Tech_07 excederia limite diário: 8+2 > 8
2025-12-18 09:34:41,394 - src.logic - DEBUG - Worker Tech_08 excederia limite diário: 8+2 > 8
2025-12-18 09:34:41,395 - src.logic - DEBUG - Worker Tech_10 excederia limite diário: 7+2 > 8
2025-12-18 09:34:41,395 - src.logic - DEBUG - Worker Tech_06 excederia limite diário: 8+2 > 8
2025-12-18 09:34:41,395 - src.logic - DEBUG - Worker Tech_07 excederia limite diário: 8+2 > 8
2025-12-18 09:34:41,395 - src.logic - DEBUG - Worker Tech_08 excederia limite diário: 8+2 > 8
2025-12-18 09:34:41,395 - src.logic - DEBUG - Worker Tech_10 excederia limite diário: 7+2 > 8
2025-12-18 09:34:41,395 - src.logic - DEBUG - Worker Tech_06 excederia limite diário: 8+2 > 8
2025-12-18 09:34:41,395 - src.logic - DEBUG - Worker Tech_07 excederia limite diário: 8+2 > 8
2025-12-18 09:34:41,395 - src.logic - DEBUG - Worker Tech_08 excederia limite diário: 8+2 > 8
2025-12-18 09:34:41,395 - src.logic - DEBUG - Worker Tech_10 excederia limite diário: 7+2 > 8
2025-12-18 09:34:41,395 - src.logic - DEBUG - Server DEV_WebPortal_01 ocupado em 18-19
2025-12-18 09:34:41,395 - src.logic - DEBUG - Worker Tech_05 ocupado em 18-20
2025-12-18 09:34:41,395 - src.logic - DEBUG - Worker Tech_07 ocupado em 18-20
2025-12-18 09:34:41,396 - src.logic - DEBUG - Worker Tech_02 ocupado em 42-43
2025-12-18 09:34:41,396 - src.logic - DEBUG - Worker Tech_03 ocupado em 42-43
2025-12-18 09:34:41,396 - src.logic - DEBUG - Worker Tech_05 ocupado em 42-44
2025-12-18 09:34:41,396 - src.logic - DEBUG - Worker Tech_06 ocupado em 42-43
2025-12-18 09:34:41,396 - src.logic - DEBUG - Worker Tech_07 ocupado em 42-44
2025-12-18 09:34:41,396 - src.logic - DEBUG - Worker Tech_05 ocupado em 42-44
2025-12-18 09:34:41,396 - src.logic - DEBUG - Worker Tech_07 ocupado em 42-44
2025-12-18 09:34:41,396 - src.logic - DEBUG - Server DEV_WebPortal_01 ocupado em 66-67
2025-12-18 09:34:41,396 - src.logic - DEBUG - Worker Tech_05 ocupado em 66-68
2025-12-18 09:34:41,396 - src.logic - DEBUG - Worker Tech_07 ocupado em 66-68
2025-12-18 09:34:41,397 - src.logic - DEBUG - Worker Tech_05 ocupado em 90-92
2025-12-18 09:34:41,397 - src.logic - DEBUG - Worker Tech_07 ocupado em 90-92
2025-12-18 09:34:41,398 - src.planner - DEBUG - Server DEV_WebPortal_01 reservado: 90h-91h (dia 3)
2025-12-18 09:34:41,398 - src.planner - DEBUG - Worker Tech_02 reservado: 90h-91h (dia 3)
2025-12-18 09:34:41,398 - src.planner - DEBUG - Worker Tech_03 reservado: 90h-91h (dia 3)
2025-12-18 09:34:41,398 - src.logic - DEBUG - Worker Tech_01 ocupado em 126-128
2025-12-18 09:34:41,398 - src.logic - DEBUG - Worker Tech_05 ocupado em 126-128
2025-12-18 09:34:41,399 - src.logic - DEBUG - Worker Tech_06 ocupado em 126-128
2025-12-18 09:34:41,399 - src.logic - DEBUG - Worker Tech_07 ocupado em 126-128
2025-12-18 09:34:41,399 - src.logic - DEBUG - Worker Tech_08 ocupado em 126-128
2025-12-18 09:34:41,399 - src.logic - DEBUG - Worker Tech_09 ocupado em 126-128
2025-12-18 09:34:41,399 - src.logic - DEBUG - Worker Tech_10 ocupado em 126-127
2025-12-18 09:34:41,399 - src.logic - DEBUG - Server TEST_WebPortal_01 ocupado em 127-128
2025-12-18 09:34:41,399 - src.logic - DEBUG - Worker Tech_01 ocupado em 128-131
2025-12-18 09:34:41,399 - src.logic - DEBUG - Worker Tech_05 ocupado em 128-131
2025-12-18 09:34:41,400 - src.logic - DEBUG - Worker Tech_06 ocupado em 128-131
2025-12-18 09:34:41,400 - src.logic - DEBUG - Worker Tech_07 ocupado em 128-131
2025-12-18 09:34:41,400 - src.logic - DEBUG - Worker Tech_08 ocupado em 128-131
2025-12-18 09:34:41,400 - src.logic - DEBUG - Worker Tech_09 ocupado em 128-131
2025-12-18 09:34:41,400 - src.logic - DEBUG - Worker Tech_10 ocupado em 128-131
2025-12-18 09:34:41,400 - src.logic - DEBUG - Worker Tech_01 ocupado em 128-131
2025-12-18 09:34:41,400 - src.logic - DEBUG - Worker Tech_05 ocupado em 128-131
2025-12-18 09:34:41,400 - src.logic - DEBUG - Worker Tech_06 ocupado em 128-131
2025-12-18 09:34:41,400 - src.logic - DEBUG - Worker Tech_07 ocupado em 128-131
2025-12-18 09:34:41,400 - src.logic - DEBUG - Worker Tech_08 ocupado em 128-131
2025-12-18 09:34:41,400 - src.logic - DEBUG - Worker Tech_09 ocupado em 128-131
2025-12-18 09:34:41,401 - src.logic - DEBUG - Worker Tech_10 ocupado em 128-131
2025-12-18 09:34:41,401 - src.logic - DEBUG - Worker Tech_01 ocupado em 128-131
2025-12-18 09:34:41,401 - src.logic - DEBUG - Worker Tech_05 ocupado em 128-131
2025-12-18 09:34:41,401 - src.logic - DEBUG - Worker Tech_06 ocupado em 128-131
2025-12-18 09:34:41,401 - src.logic - DEBUG - Worker Tech_07 ocupado em 128-131
2025-12-18 09:34:41,401 - src.logic - DEBUG - Worker Tech_08 ocupado em 128-131
2025-12-18 09:34:41,401 - src.logic - DEBUG - Worker Tech_09 ocupado em 128-131
2025-12-18 09:34:41,401 - src.logic - DEBUG - Worker Tech_10 ocupado em 128-131
2025-12-18 09:34:41,401 - src.logic - DEBUG - Worker Tech_01 ocupado em 131-134
2025-12-18 09:34:41,401 - src.logic - DEBUG - Worker Tech_05 ocupado em 131-134
2025-12-18 09:34:41,401 - src.logic - DEBUG - Worker Tech_06 ocupado em 131-134
2025-12-18 09:34:41,401 - src.logic - DEBUG - Worker Tech_07 ocupado em 131-134
2025-12-18 09:34:41,401 - src.logic - DEBUG - Worker Tech_08 ocupado em 131-134
2025-12-18 09:34:41,401 - src.logic - DEBUG - Worker Tech_09 ocupado em 131-133
2025-12-18 09:34:41,401 - src.logic - DEBUG - Worker Tech_10 ocupado em 131-133
2025-12-18 09:34:41,402 - src.logic - DEBUG - Worker Tech_01 ocupado em 131-134
2025-12-18 09:34:41,402 - src.logic - DEBUG - Worker Tech_05 ocupado em 131-134
2025-12-18 09:34:41,402 - src.logic - DEBUG - Worker Tech_06 ocupado em 131-134
2025-12-18 09:34:41,402 - src.logic - DEBUG - Worker Tech_07 ocupado em 131-134
2025-12-18 09:34:41,402 - src.logic - DEBUG - Worker Tech_08 ocupado em 131-134
2025-12-18 09:34:41,402 - src.logic - DEBUG - Worker Tech_09 ocupado em 131-133
2025-12-18 09:34:41,402 - src.logic - DEBUG - Worker Tech_10 ocupado em 131-133
2025-12-18 09:34:41,402 - src.logic - DEBUG - Worker Tech_01 ocupado em 131-134
2025-12-18 09:34:41,402 - src.logic - DEBUG - Worker Tech_05 ocupado em 131-134
2025-12-18 09:34:41,402 - src.logic - DEBUG - Worker Tech_06 ocupado em 131-134
2025-12-18 09:34:41,402 - src.logic - DEBUG - Worker Tech_07 ocupado em 131-134
2025-12-18 09:34:41,402 - src.logic - DEBUG - Worker Tech_08 ocupado em 131-134
2025-12-18 09:34:41,402 - src.logic - DEBUG - Worker Tech_09 ocupado em 133-134
2025-12-18 09:34:41,403 - src.logic - DEBUG - Worker Tech_10 ocupado em 133-134
2025-12-18 09:34:41,403 - src.logic - DEBUG - Worker Tech_01 excederia limite diário: 8+1 > 8
2025-12-18 09:34:41,403 - src.logic - DEBUG - Worker Tech_05 excederia limite diário: 8+1 > 8
2025-12-18 09:34:41,403 - src.logic - DEBUG - Worker Tech_06 excederia limite diário: 8+1 > 8
2025-12-18 09:34:41,403 - src.logic - DEBUG - Worker Tech_07 excederia limite diário: 8+1 > 8
2025-12-18 09:34:41,403 - src.logic - DEBUG - Worker Tech_08 excederia limite diário: 8+1 > 8
2025-12-18 09:34:41,403 - src.logic - DEBUG - Worker Tech_09 excederia limite diário: 8+1 > 8
2025-12-18 09:34:41,403 - src.logic - DEBUG - Worker Tech_10 excederia limite diário: 8+1 > 8
2025-12-18 09:34:41,403 - src.logic - DEBUG - Worker Tech_01 excederia limite diário: 8+1 > 8
2025-12-18 09:34:41,403 - src.logic - DEBUG - Worker Tech_05 excederia limite diário: 8+1 > 8
2025-12-18 09:34:41,403 - src.logic - DEBUG - Worker Tech_06 excederia limite diário: 8+1 > 8
2025-12-18 09:34:41,403 - src.logic - DEBUG - Worker Tech_07 excederia limite diário: 8+1 > 8
2025-12-18 09:34:41,403 - src.logic - DEBUG - Worker Tech_08 excederia limite diário: 8+1 > 8
2025-12-18 09:34:41,403 - src.logic - DEBUG - Worker Tech_09 excederia limite diário: 8+1 > 8
2025-12-18 09:34:41,403 - src.logic - DEBUG - Worker Tech_10 excederia limite diário: 8+1 > 8
2025-12-18 09:34:41,404 - src.logic - DEBUG - Worker Tech_01 excederia limite diário: 8+1 > 8
2025-12-18 09:34:41,404 - src.logic - DEBUG - Worker Tech_05 excederia limite diário: 8+1 > 8
2025-12-18 09:34:41,404 - src.logic - DEBUG - Worker Tech_06 excederia limite diário: 8+1 > 8
2025-12-18 09:34:41,404 - src.logic - DEBUG - Worker Tech_07 excederia limite diário: 8+1 > 8
2025-12-18 09:34:41,404 - src.logic - DEBUG - Worker Tech_08 excederia limite diário: 8+1 > 8
2025-12-18 09:34:41,404 - src.logic - DEBUG - Worker Tech_09 excederia limite diário: 8+1 > 8
2025-12-18 09:34:41,404 - src.logic - DEBUG - Worker Tech_10 excederia limite diário: 8+1 > 8
2025-12-18 09:34:41,404 - src.logic - DEBUG - Worker Tech_01 excederia limite diário: 8+1 > 8
2025-12-18 09:34:41,404 - src.logic - DEBUG - Worker Tech_05 excederia limite diário: 8+1 > 8
2025-12-18 09:34:41,404 - src.logic - DEBUG - Worker Tech_06 excederia limite diário: 8+1 > 8
2025-12-18 09:34:41,404 - src.logic - DEBUG - Worker Tech_07 excederia limite diário: 8+1 > 8
2025-12-18 09:34:41,404 - src.logic - DEBUG - Worker Tech_08 excederia limite diário: 8+1 > 8
2025-12-18 09:34:41,404 - src.logic - DEBUG - Worker Tech_09 excederia limite diário: 8+1 > 8
2025-12-18 09:34:41,404 - src.logic - DEBUG - Worker Tech_10 excederia limite diário: 8+1 > 8
2025-12-18 09:34:41,404 - src.logic - DEBUG - Worker Tech_01 excederia limite diário: 8+1 > 8
2025-12-18 09:34:41,405 - src.logic - DEBUG - Worker Tech_05 excederia limite diário: 8+1 > 8
2025-12-18 09:34:41,405 - src.logic - DEBUG - Worker Tech_06 excederia limite diário: 8+1 > 8
2025-12-18 09:34:41,405 - src.logic - DEBUG - Worker Tech_07 excederia limite diário: 8+1 > 8
2025-12-18 09:34:41,405 - src.logic - DEBUG - Worker Tech_08 excederia limite diário: 8+1 > 8
2025-12-18 09:34:41,405 - src.logic - DEBUG - Worker Tech_09 excederia limite diário: 8+1 > 8
2025-12-18 09:34:41,405 - src.logic - DEBUG - Worker Tech_10 excederia limite diário: 8+1 > 8
2025-12-18 09:34:41,405 - src.logic - DEBUG - Worker Tech_01 excederia limite diário: 8+1 > 8
2025-12-18 09:34:41,405 - src.logic - DEBUG - Worker Tech_05 excederia limite diário: 8+1 > 8
2025-12-18 09:34:41,405 - src.logic - DEBUG - Worker Tech_06 excederia limite diário: 8+1 > 8
2025-12-18 09:34:41,405 - src.logic - DEBUG - Worker Tech_07 excederia limite diário: 8+1 > 8
2025-12-18 09:34:41,405 - src.logic - DEBUG - Worker Tech_08 excederia limite diário: 8+1 > 8
2025-12-18 09:34:41,405 - src.logic - DEBUG - Worker Tech_09 excederia limite diário: 8+1 > 8
2025-12-18 09:34:41,405 - src.logic - DEBUG - Worker Tech_10 excederia limite diário: 8+1 > 8
2025-12-18 09:34:41,405 - src.logic - DEBUG - Worker Tech_01 excederia limite diário: 8+1 > 8
2025-12-18 09:34:41,406 - src.logic - DEBUG - Worker Tech_05 excederia limite diário: 8+1 > 8
2025-12-18 09:34:41,406 - src.logic - DEBUG - Worker Tech_06 excederia limite diário: 8+1 > 8
2025-12-18 09:34:41,406 - src.logic - DEBUG - Worker Tech_07 excederia limite diário: 8+1 > 8
2025-12-18 09:34:41,406 - src.logic - DEBUG - Worker Tech_08 excederia limite diário: 8+1 > 8
2025-12-18 09:34:41,406 - src.logic - DEBUG - Worker Tech_09 excederia limite diário: 8+1 > 8
2025-12-18 09:34:41,406 - src.logic - DEBUG - Worker Tech_10 excederia limite diário: 8+1 > 8
2025-12-18 09:34:41,406 - src.logic - DEBUG - Worker Tech_01 excederia limite diário: 8+1 > 8
2025-12-18 09:34:41,406 - src.logic - DEBUG - Worker Tech_05 excederia limite diário: 8+1 > 8
2025-12-18 09:34:41,406 - src.logic - DEBUG - Worker Tech_06 excederia limite diário: 8+1 > 8
2025-12-18 09:34:41,406 - src.logic - DEBUG - Worker Tech_07 excederia limite diário: 8+1 > 8
2025-12-18 09:34:41,406 - src.logic - DEBUG - Worker Tech_08 excederia limite diário: 8+1 > 8
2025-12-18 09:34:41,407 - src.logic - DEBUG - Worker Tech_09 excederia limite diário: 8+1 > 8
2025-12-18 09:34:41,407 - src.logic - DEBUG - Worker Tech_10 excederia limite diário: 8+1 > 8
2025-12-18 09:34:41,407 - src.logic - DEBUG - Worker Tech_06 ocupado em 150-151
2025-12-18 09:34:41,407 - src.logic - DEBUG - Worker Tech_07 ocupado em 150-151
2025-12-18 09:34:41,407 - src.logic - DEBUG - Worker Tech_08 ocupado em 150-152
2025-12-18 09:34:41,407 - src.logic - DEBUG - Worker Tech_10 ocupado em 150-152
2025-12-18 09:34:41,407 - src.logic - DEBUG - Server TEST_WebPortal_01 ocupado em 151-152
2025-12-18 09:34:41,408 - src.logic - DEBUG - Worker Tech_06 ocupado em 152-156
2025-12-18 09:34:41,408 - src.logic - DEBUG - Worker Tech_07 ocupado em 152-156
2025-12-18 09:34:41,408 - src.logic - DEBUG - Worker Tech_08 ocupado em 152-154
2025-12-18 09:34:41,408 - src.logic - DEBUG - Worker Tech_10 ocupado em 152-154
2025-12-18 09:34:41,408 - src.logic - DEBUG - Worker Tech_06 ocupado em 152-156
2025-12-18 09:34:41,408 - src.logic - DEBUG - Worker Tech_07 ocupado em 152-156
2025-12-18 09:34:41,408 - src.logic - DEBUG - Worker Tech_08 ocupado em 152-154
2025-12-18 09:34:41,408 - src.logic - DEBUG - Worker Tech_10 ocupado em 152-154
2025-12-18 09:34:41,408 - src.logic - DEBUG - Worker Tech_06 ocupado em 152-156
2025-12-18 09:34:41,408 - src.logic - DEBUG - Worker Tech_07 ocupado em 152-156
2025-12-18 09:34:41,409 - src.logic - DEBUG - Worker Tech_08 ocupado em 154-156
2025-12-18 09:34:41,409 - src.logic - DEBUG - Worker Tech_06 ocupado em 152-156
2025-12-18 09:34:41,409 - src.logic - DEBUG - Worker Tech_07 ocupado em 152-156
2025-12-18 09:34:41,409 - src.logic - DEBUG - Worker Tech_08 ocupado em 154-156
2025-12-18 09:34:41,409 - src.logic - DEBUG - Worker Tech_06 excederia limite diário: 8+1 > 8
2025-12-18 09:34:41,409 - src.logic - DEBUG - Worker Tech_07 ocupado em 156-158
2025-12-18 09:34:41,409 - src.logic - DEBUG - Worker Tech_08 ocupado em 156-158
2025-12-18 09:34:41,409 - src.logic - DEBUG - Worker Tech_06 ocupado em 157-159
2025-12-18 09:34:41,409 - src.logic - DEBUG - Worker Tech_07 ocupado em 156-158
2025-12-18 09:34:41,409 - src.logic - DEBUG - Worker Tech_08 ocupado em 156-158
2025-12-18 09:34:41,409 - src.logic - DEBUG - Worker Tech_10 ocupado em 157-160
2025-12-18 09:34:41,409 - src.logic - DEBUG - Worker Tech_06 ocupado em 157-159
2025-12-18 09:34:41,409 - src.logic - DEBUG - Worker Tech_07 excederia limite diário: 8+1 > 8
2025-12-18 09:34:41,409 - src.logic - DEBUG - Worker Tech_08 excederia limite diário: 8+1 > 8
2025-12-18 09:34:41,410 - src.logic - DEBUG - Worker Tech_10 ocupado em 157-160
2025-12-18 09:34:41,410 - src.logic - DEBUG - Worker Tech_06 excederia limite diário: 8+1 > 8
2025-12-18 09:34:41,410 - src.logic - DEBUG - Worker Tech_07 excederia limite diário: 8+1 > 8
2025-12-18 09:34:41,410 - src.logic - DEBUG - Worker Tech_08 excederia limite diário: 8+1 > 8
2025-12-18 09:34:41,410 - src.logic - DEBUG - Worker Tech_10 ocupado em 157-160
2025-12-18 09:34:41,410 - src.logic - DEBUG - Worker Tech_06 excederia limite diário: 8+1 > 8
2025-12-18 09:34:41,410 - src.logic - DEBUG - Worker Tech_07 excederia limite diário: 8+1 > 8
2025-12-18 09:34:41,410 - src.logic - DEBUG - Worker Tech_08 excederia limite diário: 8+1 > 8
2025-12-18 09:34:41,410 - src.logic - DEBUG - Worker Tech_06 excederia limite diário: 8+1 > 8
2025-12-18 09:34:41,410 - src.logic - DEBUG - Worker Tech_07 excederia limite diário: 8+1 > 8
2025-12-18 09:34:41,410 - src.logic - DEBUG - Worker Tech_08 excederia limite diário: 8+1 > 8
2025-12-18 09:34:41,410 - src.logic - DEBUG - Worker Tech_06 excederia limite diário: 8+1 > 8
2025-12-18 09:34:41,410 - src.logic - DEBUG - Worker Tech_07 excederia limite diário: 8+1 > 8
2025-12-18 09:34:41,410 - src.logic - DEBUG - Worker Tech_08 excederia limite diário: 8+1 > 8
2025-12-18 09:34:41,411 - src.logic - DEBUG - Worker Tech_06 excederia limite diário: 8+1 > 8
2025-12-18 09:34:41,411 - src.logic - DEBUG - Worker Tech_07 excederia limite diário: 8+1 > 8
2025-12-18 09:34:41,411 - src.logic - DEBUG - Worker Tech_08 excederia limite diário: 8+1 > 8
2025-12-18 09:34:41,411 - src.logic - DEBUG - Worker Tech_06 excederia limite diário: 8+1 > 8
2025-12-18 09:34:41,411 - src.logic - DEBUG - Worker Tech_07 excederia limite diário: 8+1 > 8
2025-12-18 09:34:41,411 - src.logic - DEBUG - Worker Tech_08 excederia limite diário: 8+1 > 8
2025-12-18 09:34:41,411 - src.logic - DEBUG - Worker Tech_06 excederia limite diário: 8+1 > 8
2025-12-18 09:34:41,411 - src.logic - DEBUG - Worker Tech_07 excederia limite diário: 8+1 > 8
2025-12-18 09:34:41,411 - src.logic - DEBUG - Worker Tech_08 excederia limite diário: 8+1 > 8
2025-12-18 09:34:41,411 - src.logic - DEBUG - Server DEV_Database_02 ocupado em 18-20
2025-12-18 09:34:41,411 - src.logic - DEBUG - Server DEV_Database_02 ocupado em 18-20
2025-12-18 09:34:41,411 - src.logic - DEBUG - Worker Tech_02 ocupado em 42-43
2025-12-18 09:34:41,412 - src.logic - DEBUG - Worker Tech_03 ocupado em 42-43
2025-12-18 09:34:41,412 - src.logic - DEBUG - Worker Tech_05 ocupado em 42-44
2025-12-18 09:34:41,412 - src.logic - DEBUG - Worker Tech_06 ocupado em 42-43
2025-12-18 09:34:41,412 - src.logic - DEBUG - Worker Tech_07 ocupado em 42-44
2025-12-18 09:34:41,412 - src.logic - DEBUG - Worker Tech_05 ocupado em 42-44
2025-12-18 09:34:41,412 - src.logic - DEBUG - Worker Tech_07 ocupado em 42-44
2025-12-18 09:34:41,412 - src.logic - DEBUG - Worker Tech_02 ocupado em 66-67
2025-12-18 09:34:41,412 - src.logic - DEBUG - Worker Tech_03 ocupado em 66-67
2025-12-18 09:34:41,413 - src.logic - DEBUG - Worker Tech_05 ocupado em 66-68
2025-12-18 09:34:41,413 - src.logic - DEBUG - Worker Tech_07 ocupado em 66-68
2025-12-18 09:34:41,413 - src.planner - DEBUG - Server DEV_Database_02 reservado: 66h-67h (dia 2)
2025-12-18 09:34:41,413 - src.planner - DEBUG - Worker Tech_06 reservado: 66h-67h (dia 2)
2025-12-18 09:34:41,413 - src.logic - DEBUG - Worker Tech_02 ocupado em 18-19
2025-12-18 09:34:41,413 - src.logic - DEBUG - Worker Tech_03 ocupado em 18-19
2025-12-18 09:34:41,413 - src.logic - DEBUG - Worker Tech_05 ocupado em 18-20
2025-12-18 09:34:41,413 - src.logic - DEBUG - Worker Tech_06 ocupado em 18-19
2025-12-18 09:34:41,413 - src.logic - DEBUG - Worker Tech_07 ocupado em 18-20
2025-12-18 09:34:41,414 - src.logic - DEBUG - Worker Tech_05 ocupado em 18-20
2025-12-18 09:34:41,414 - src.logic - DEBUG - Worker Tech_07 ocupado em 18-20
2025-12-18 09:34:41,414 - src.logic - DEBUG - Server DEV_Monitoring_02 ocupado em 42-44
2025-12-18 09:34:41,414 - src.logic - DEBUG - Server DEV_Monitoring_02 ocupado em 42-44
2025-12-18 09:34:41,415 - src.logic - DEBUG - Worker Tech_02 ocupado em 66-67
2025-12-18 09:34:41,415 - src.logic - DEBUG - Worker Tech_03 ocupado em 66-67
2025-12-18 09:34:41,415 - src.logic - DEBUG - Worker Tech_05 ocupado em 66-68
2025-12-18 09:34:41,415 - src.logic - DEBUG - Worker Tech_06 ocupado em 66-67
2025-12-18 09:34:41,415 - src.logic - DEBUG - Worker Tech_07 ocupado em 66-68
2025-12-18 09:34:41,415 - src.logic - DEBUG - Worker Tech_05 ocupado em 66-68
2025-12-18 09:34:41,415 - src.logic - DEBUG - Worker Tech_07 ocupado em 66-68
2025-12-18 09:34:41,416 - src.logic - DEBUG - Server DEV_Monitoring_02 ocupado em 90-92
2025-12-18 09:34:41,416 - src.logic - DEBUG - Server DEV_Monitoring_02 ocupado em 90-92
2025-12-18 09:34:41,416 - src.logic - DEBUG - Worker Tech_05 ocupado em 114-116
2025-12-18 09:34:41,416 - src.logic - DEBUG - Worker Tech_07 ocupado em 114-116
2025-12-18 09:34:41,416 - src.planner - DEBUG - Server DEV_Monitoring_02 reservado: 114h-115h (dia 4)
2025-12-18 09:34:41,416 - src.planner - DEBUG - Worker Tech_02 reservado: 114h-115h (dia 4)
2025-12-18 09:34:41,417 - src.logic - DEBUG - Server TEST_Database_02 ocupado em 126-128
2025-12-18 09:34:41,417 - src.logic - DEBUG - Server TEST_Database_02 ocupado em 126-128
2025-12-18 09:34:41,417 - src.logic - DEBUG - Worker Tech_01 ocupado em 128-131
2025-12-18 09:34:41,417 - src.logic - DEBUG - Worker Tech_05 ocupado em 128-131
2025-12-18 09:34:41,417 - src.logic - DEBUG - Worker Tech_06 ocupado em 128-131
2025-12-18 09:34:41,417 - src.logic - DEBUG - Worker Tech_07 ocupado em 128-131
2025-12-18 09:34:41,417 - src.logic - DEBUG - Worker Tech_08 ocupado em 128-131
2025-12-18 09:34:41,417 - src.logic - DEBUG - Worker Tech_09 ocupado em 128-131
2025-12-18 09:34:41,417 - src.logic - DEBUG - Worker Tech_10 ocupado em 128-131
2025-12-18 09:34:41,418 - src.logic - DEBUG - Worker Tech_01 ocupado em 128-131
2025-12-18 09:34:41,418 - src.logic - DEBUG - Worker Tech_05 ocupado em 128-131
2025-12-18 09:34:41,418 - src.logic - DEBUG - Worker Tech_06 ocupado em 128-131
2025-12-18 09:34:41,418 - src.logic - DEBUG - Worker Tech_07 ocupado em 128-131
2025-12-18 09:34:41,418 - src.logic - DEBUG - Worker Tech_08 ocupado em 128-131
2025-12-18 09:34:41,418 - src.logic - DEBUG - Worker Tech_09 ocupado em 128-131
2025-12-18 09:34:41,418 - src.logic - DEBUG - Worker Tech_10 ocupado em 128-131
2025-12-18 09:34:41,418 - src.logic - DEBUG - Worker Tech_01 ocupado em 128-131
2025-12-18 09:34:41,418 - src.logic - DEBUG - Worker Tech_05 ocupado em 128-131
2025-12-18 09:34:41,419 - src.logic - DEBUG - Worker Tech_06 ocupado em 128-131
2025-12-18 09:34:41,419 - src.logic - DEBUG - Worker Tech_07 ocupado em 128-131
2025-12-18 09:34:41,419 - src.logic - DEBUG - Worker Tech_08 ocupado em 128-131
2025-12-18 09:34:41,419 - src.logic - DEBUG - Worker Tech_09 ocupado em 128-131
2025-12-18 09:34:41,419 - src.logic - DEBUG - Worker Tech_10 ocupado em 128-131
2025-12-18 09:34:41,419 - src.logic - DEBUG - Server TEST_Database_02 ocupado em 131-133
2025-12-18 09:34:41,419 - src.logic - DEBUG - Server TEST_Database_02 ocupado em 131-133
2025-12-18 09:34:41,419 - src.logic - DEBUG - Worker Tech_01 ocupado em 131-134
2025-12-18 09:34:41,419 - src.logic - DEBUG - Worker Tech_05 ocupado em 131-134
2025-12-18 09:34:41,419 - src.logic - DEBUG - Worker Tech_06 ocupado em 131-134
2025-12-18 09:34:41,419 - src.logic - DEBUG - Worker Tech_07 ocupado em 131-134
2025-12-18 09:34:41,419 - src.logic - DEBUG - Worker Tech_08 ocupado em 131-134
2025-12-18 09:34:41,419 - src.logic - DEBUG - Worker Tech_09 ocupado em 133-134
2025-12-18 09:34:41,419 - src.logic - DEBUG - Worker Tech_10 ocupado em 133-134
2025-12-18 09:34:41,419 - src.logic - DEBUG - Worker Tech_01 excederia limite diário: 8+1 > 8
2025-12-18 09:34:41,419 - src.logic - DEBUG - Worker Tech_05 excederia limite diário: 8+1 > 8
2025-12-18 09:34:41,420 - src.logic - DEBUG - Worker Tech_06 excederia limite diário: 8+1 > 8
2025-12-18 09:34:41,420 - src.logic - DEBUG - Worker Tech_07 excederia limite diário: 8+1 > 8
2025-12-18 09:34:41,420 - src.logic - DEBUG - Worker Tech_08 excederia limite diário: 8+1 > 8
2025-12-18 09:34:41,420 - src.logic - DEBUG - Worker Tech_09 excederia limite diário: 8+1 > 8
2025-12-18 09:34:41,420 - src.logic - DEBUG - Worker Tech_10 excederia limite diário: 8+1 > 8
2025-12-18 09:34:41,420 - src.logic - DEBUG - Worker Tech_01 excederia limite diário: 8+1 > 8
2025-12-18 09:34:41,420 - src.logic - DEBUG - Worker Tech_05 excederia limite diário: 8+1 > 8
2025-12-18 09:34:41,420 - src.logic - DEBUG - Worker Tech_06 excederia limite diário: 8+1 > 8
2025-12-18 09:34:41,420 - src.logic - DEBUG - Worker Tech_07 excederia limite diário: 8+1 > 8
2025-12-18 09:34:41,420 - src.logic - DEBUG - Worker Tech_08 excederia limite diário: 8+1 > 8
2025-12-18 09:34:41,420 - src.logic - DEBUG - Worker Tech_09 excederia limite diário: 8+1 > 8
2025-12-18 09:34:41,420 - src.logic - DEBUG - Worker Tech_10 excederia limite diário: 8+1 > 8
2025-12-18 09:34:41,420 - src.logic - DEBUG - Worker Tech_01 excederia limite diário: 8+1 > 8
2025-12-18 09:34:41,420 - src.logic - DEBUG - Worker Tech_05 excederia limite diário: 8+1 > 8
2025-12-18 09:34:41,420 - src.logic - DEBUG - Worker Tech_06 excederia limite diário: 8+1 > 8
2025-12-18 09:34:41,420 - src.logic - DEBUG - Worker Tech_07 excederia limite diário: 8+1 > 8
2025-12-18 09:34:41,421 - src.logic - DEBUG - Worker Tech_08 excederia limite diário: 8+1 > 8
2025-12-18 09:34:41,421 - src.logic - DEBUG - Worker Tech_09 excederia limite diário: 8+1 > 8
2025-12-18 09:34:41,421 - src.logic - DEBUG - Worker Tech_10 excederia limite diário: 8+1 > 8
2025-12-18 09:34:41,421 - src.logic - DEBUG - Worker Tech_01 excederia limite diário: 8+1 > 8
2025-12-18 09:34:41,421 - src.logic - DEBUG - Worker Tech_05 excederia limite diário: 8+1 > 8
2025-12-18 09:34:41,421 - src.logic - DEBUG - Worker Tech_06 excederia limite diário: 8+1 > 8
2025-12-18 09:34:41,421 - src.logic - DEBUG - Worker Tech_07 excederia limite diário: 8+1 > 8
2025-12-18 09:34:41,421 - src.logic - DEBUG - Worker Tech_08 excederia limite diário: 8+1 > 8
2025-12-18 09:34:41,421 - src.logic - DEBUG - Worker Tech_09 excederia limite diário: 8+1 > 8
2025-12-18 09:34:41,421 - src.logic - DEBUG - Worker Tech_10 excederia limite diário: 8+1 > 8
2025-12-18 09:34:41,421 - src.logic - DEBUG - Worker Tech_01 excederia limite diário: 8+1 > 8
2025-12-18 09:34:41,421 - src.logic - DEBUG - Worker Tech_05 excederia limite diário: 8+1 > 8
2025-12-18 09:34:41,421 - src.logic - DEBUG - Worker Tech_06 excederia limite diário: 8+1 > 8
2025-12-18 09:34:41,421 - src.logic - DEBUG - Worker Tech_07 excederia limite diário: 8+1 > 8
2025-12-18 09:34:41,421 - src.logic - DEBUG - Worker Tech_08 excederia limite diário: 8+1 > 8
2025-12-18 09:34:41,422 - src.logic - DEBUG - Worker Tech_09 excederia limite diário: 8+1 > 8
2025-12-18 09:34:41,422 - src.logic - DEBUG - Worker Tech_10 excederia limite diário: 8+1 > 8
2025-12-18 09:34:41,422 - src.logic - DEBUG - Worker Tech_01 excederia limite diário: 8+1 > 8
2025-12-18 09:34:41,422 - src.logic - DEBUG - Worker Tech_05 excederia limite diário: 8+1 > 8
2025-12-18 09:34:41,422 - src.logic - DEBUG - Worker Tech_06 excederia limite diário: 8+1 > 8
2025-12-18 09:34:41,422 - src.logic - DEBUG - Worker Tech_07 excederia limite diário: 8+1 > 8
2025-12-18 09:34:41,422 - src.logic - DEBUG - Worker Tech_08 excederia limite diário: 8+1 > 8
2025-12-18 09:34:41,422 - src.logic - DEBUG - Worker Tech_09 excederia limite diário: 8+1 > 8
2025-12-18 09:34:41,422 - src.logic - DEBUG - Worker Tech_10 excederia limite diário: 8+1 > 8
2025-12-18 09:34:41,422 - src.logic - DEBUG - Worker Tech_01 excederia limite diário: 8+1 > 8
2025-12-18 09:34:41,422 - src.logic - DEBUG - Worker Tech_05 excederia limite diário: 8+1 > 8
2025-12-18 09:34:41,422 - src.logic - DEBUG - Worker Tech_06 excederia limite diário: 8+1 > 8
2025-12-18 09:34:41,423 - src.logic - DEBUG - Worker Tech_07 excederia limite diário: 8+1 > 8
2025-12-18 09:34:41,423 - src.logic - DEBUG - Worker Tech_08 excederia limite diário: 8+1 > 8
2025-12-18 09:34:41,423 - src.logic - DEBUG - Worker Tech_09 excederia limite diário: 8+1 > 8
2025-12-18 09:34:41,423 - src.logic - DEBUG - Worker Tech_10 excederia limite diário: 8+1 > 8
2025-12-18 09:34:41,423 - src.logic - DEBUG - Worker Tech_01 excederia limite diário: 8+1 > 8
2025-12-18 09:34:41,423 - src.logic - DEBUG - Worker Tech_05 excederia limite diário: 8+1 > 8
2025-12-18 09:34:41,423 - src.logic - DEBUG - Worker Tech_06 excederia limite diário: 8+1 > 8
2025-12-18 09:34:41,423 - src.logic - DEBUG - Worker Tech_07 excederia limite diário: 8+1 > 8
2025-12-18 09:34:41,423 - src.logic - DEBUG - Worker Tech_08 excederia limite diário: 8+1 > 8
2025-12-18 09:34:41,423 - src.logic - DEBUG - Worker Tech_09 excederia limite diário: 8+1 > 8
2025-12-18 09:34:41,423 - src.logic - DEBUG - Worker Tech_10 excederia limite diário: 8+1 > 8
2025-12-18 09:34:41,423 - src.logic - DEBUG - Worker Tech_06 ocupado em 150-151
2025-12-18 09:34:41,423 - src.logic - DEBUG - Worker Tech_07 ocupado em 150-151
2025-12-18 09:34:41,424 - src.logic - DEBUG - Worker Tech_08 ocupado em 150-152
2025-12-18 09:34:41,424 - src.logic - DEBUG - Worker Tech_10 ocupado em 150-152
2025-12-18 09:34:41,424 - src.logic - DEBUG - Worker Tech_06 ocupado em 151-152
2025-12-18 09:34:41,424 - src.logic - DEBUG - Worker Tech_07 ocupado em 151-152
2025-12-18 09:34:41,424 - src.logic - DEBUG - Worker Tech_08 ocupado em 150-152
2025-12-18 09:34:41,424 - src.logic - DEBUG - Worker Tech_10 ocupado em 150-152
2025-12-18 09:34:41,424 - src.logic - DEBUG - Server TEST_Database_02 ocupado em 152-154
2025-12-18 09:34:41,424 - src.logic - DEBUG - Server TEST_Database_02 ocupado em 152-154
2025-12-18 09:34:41,424 - src.logic - DEBUG - Worker Tech_06 ocupado em 152-156
2025-12-18 09:34:41,424 - src.logic - DEBUG - Worker Tech_07 ocupado em 152-156
2025-12-18 09:34:41,424 - src.logic - DEBUG - Worker Tech_08 ocupado em 154-156
2025-12-18 09:34:41,424 - src.planner - DEBUG - Server TEST_Database_02 reservado: 154h-155h (dia 6)
2025-12-18 09:34:41,424 - src.planner - DEBUG - Worker Tech_10 reservado: 154h-155h (dia 6)
2025-12-18 09:34:41,425 - src.logic - DEBUG - Server TEST_Monitoring_02 ocupado em 126-128
2025-12-18 09:34:41,425 - src.logic - DEBUG - Server TEST_Monitoring_02 ocupado em 126-128
2025-12-18 09:34:41,425 - src.logic - DEBUG - Worker Tech_01 ocupado em 128-131
2025-12-18 09:34:41,425 - src.logic - DEBUG - Worker Tech_05 ocupado em 128-131
2025-12-18 09:34:41,425 - src.logic - DEBUG - Worker Tech_06 ocupado em 128-131
2025-12-18 09:34:41,425 - src.logic - DEBUG - Worker Tech_07 ocupado em 128-131
2025-12-18 09:34:41,425 - src.logic - DEBUG - Worker Tech_08 ocupado em 128-131
2025-12-18 09:34:41,425 - src.logic - DEBUG - Worker Tech_09 ocupado em 128-131
2025-12-18 09:34:41,426 - src.logic - DEBUG - Worker Tech_10 ocupado em 128-131
2025-12-18 09:34:41,426 - src.logic - DEBUG - Worker Tech_01 ocupado em 128-131
2025-12-18 09:34:41,426 - src.logic - DEBUG - Worker Tech_05 ocupado em 128-131
2025-12-18 09:34:41,426 - src.logic - DEBUG - Worker Tech_06 ocupado em 128-131
2025-12-18 09:34:41,426 - src.logic - DEBUG - Worker Tech_07 ocupado em 128-131
2025-12-18 09:34:41,426 - src.logic - DEBUG - Worker Tech_08 ocupado em 128-131
2025-12-18 09:34:41,426 - src.logic - DEBUG - Worker Tech_09 ocupado em 128-131
2025-12-18 09:34:41,426 - src.logic - DEBUG - Worker Tech_10 ocupado em 128-131
2025-12-18 09:34:41,426 - src.logic - DEBUG - Worker Tech_01 ocupado em 128-131
2025-12-18 09:34:41,426 - src.logic - DEBUG - Worker Tech_05 ocupado em 128-131
2025-12-18 09:34:41,426 - src.logic - DEBUG - Worker Tech_06 ocupado em 128-131
2025-12-18 09:34:41,426 - src.logic - DEBUG - Worker Tech_07 ocupado em 128-131
2025-12-18 09:34:41,426 - src.logic - DEBUG - Worker Tech_08 ocupado em 128-131
2025-12-18 09:34:41,426 - src.logic - DEBUG - Worker Tech_09 ocupado em 128-131
2025-12-18 09:34:41,426 - src.logic - DEBUG - Worker Tech_10 ocupado em 128-131
2025-12-18 09:34:41,426 - src.logic - DEBUG - Server TEST_Monitoring_02 ocupado em 131-133
2025-12-18 09:34:41,427 - src.logic - DEBUG - Server TEST_Monitoring_02 ocupado em 131-133
2025-12-18 09:34:41,427 - src.logic - DEBUG - Worker Tech_01 ocupado em 131-134
2025-12-18 09:34:41,427 - src.logic - DEBUG - Worker Tech_05 ocupado em 131-134
2025-12-18 09:34:41,427 - src.logic - DEBUG - Worker Tech_06 ocupado em 131-134
2025-12-18 09:34:41,427 - src.logic - DEBUG - Worker Tech_07 ocupado em 131-134
2025-12-18 09:34:41,427 - src.logic - DEBUG - Worker Tech_08 ocupado em 131-134
2025-12-18 09:34:41,427 - src.logic - DEBUG - Worker Tech_09 ocupado em 133-134
2025-12-18 09:34:41,427 - src.logic - DEBUG - Worker Tech_10 ocupado em 133-134
2025-12-18 09:34:41,427 - src.logic - DEBUG - Worker Tech_01 excederia limite diário: 8+1 > 8
2025-12-18 09:34:41,427 - src.logic - DEBUG - Worker Tech_05 excederia limite diário: 8+1 > 8
2025-12-18 09:34:41,427 - src.logic - DEBUG - Worker Tech_06 excederia limite diário: 8+1 > 8
2025-12-18 09:34:41,427 - src.logic - DEBUG - Worker Tech_07 excederia limite diário: 8+1 > 8
2025-12-18 09:34:41,428 - src.logic - DEBUG - Worker Tech_08 excederia limite diário: 8+1 > 8
2025-12-18 09:34:41,428 - src.logic - DEBUG - Worker Tech_09 excederia limite diário: 8+1 > 8
2025-12-18 09:34:41,428 - src.logic - DEBUG - Worker Tech_10 excederia limite diário: 8+1 > 8
2025-12-18 09:34:41,428 - src.logic - DEBUG - Worker Tech_01 excederia limite diário: 8+1 > 8
2025-12-18 09:34:41,428 - src.logic - DEBUG - Worker Tech_05 excederia limite diário: 8+1 > 8
2025-12-18 09:34:41,428 - src.logic - DEBUG - Worker Tech_06 excederia limite diário: 8+1 > 8
2025-12-18 09:34:41,428 - src.logic - DEBUG - Worker Tech_07 excederia limite diário: 8+1 > 8
2025-12-18 09:34:41,428 - src.logic - DEBUG - Worker Tech_08 excederia limite diário: 8+1 > 8
2025-12-18 09:34:41,428 - src.logic - DEBUG - Worker Tech_09 excederia limite diário: 8+1 > 8
2025-12-18 09:34:41,428 - src.logic - DEBUG - Worker Tech_10 excederia limite diário: 8+1 > 8
2025-12-18 09:34:41,428 - src.logic - DEBUG - Worker Tech_01 excederia limite diário: 8+1 > 8
2025-12-18 09:34:41,428 - src.logic - DEBUG - Worker Tech_05 excederia limite diário: 8+1 > 8
2025-12-18 09:34:41,428 - src.logic - DEBUG - Worker Tech_06 excederia limite diário: 8+1 > 8
2025-12-18 09:34:41,428 - src.logic - DEBUG - Worker Tech_07 excederia limite diário: 8+1 > 8
2025-12-18 09:34:41,428 - src.logic - DEBUG - Worker Tech_08 excederia limite diário: 8+1 > 8
2025-12-18 09:34:41,428 - src.logic - DEBUG - Worker Tech_09 excederia limite diário: 8+1 > 8
2025-12-18 09:34:41,429 - src.logic - DEBUG - Worker Tech_10 excederia limite diário: 8+1 > 8
2025-12-18 09:34:41,429 - src.logic - DEBUG - Worker Tech_01 excederia limite diário: 8+1 > 8
2025-12-18 09:34:41,429 - src.logic - DEBUG - Worker Tech_05 excederia limite diário: 8+1 > 8
2025-12-18 09:34:41,429 - src.logic - DEBUG - Worker Tech_06 excederia limite diário: 8+1 > 8
2025-12-18 09:34:41,429 - src.logic - DEBUG - Worker Tech_07 excederia limite diário: 8+1 > 8
2025-12-18 09:34:41,429 - src.logic - DEBUG - Worker Tech_08 excederia limite diário: 8+1 > 8
2025-12-18 09:34:41,429 - src.logic - DEBUG - Worker Tech_09 excederia limite diário: 8+1 > 8
2025-12-18 09:34:41,429 - src.logic - DEBUG - Worker Tech_10 excederia limite diário: 8+1 > 8
2025-12-18 09:34:41,429 - src.logic - DEBUG - Worker Tech_01 excederia limite diário: 8+1 > 8
2025-12-18 09:34:41,429 - src.logic - DEBUG - Worker Tech_05 excederia limite diário: 8+1 > 8
2025-12-18 09:34:41,429 - src.logic - DEBUG - Worker Tech_06 excederia limite diário: 8+1 > 8
2025-12-18 09:34:41,429 - src.logic - DEBUG - Worker Tech_07 excederia limite diário: 8+1 > 8
2025-12-18 09:34:41,429 - src.logic - DEBUG - Worker Tech_08 excederia limite diário: 8+1 > 8
2025-12-18 09:34:41,429 - src.logic - DEBUG - Worker Tech_09 excederia limite diário: 8+1 > 8
2025-12-18 09:34:41,429 - src.logic - DEBUG - Worker Tech_10 excederia limite diário: 8+1 > 8
2025-12-18 09:34:41,430 - src.logic - DEBUG - Worker Tech_01 excederia limite diário: 8+1 > 8
2025-12-18 09:34:41,430 - src.logic - DEBUG - Worker Tech_05 excederia limite diário: 8+1 > 8
2025-12-18 09:34:41,430 - src.logic - DEBUG - Worker Tech_06 excederia limite diário: 8+1 > 8
2025-12-18 09:34:41,430 - src.logic - DEBUG - Worker Tech_07 excederia limite diário: 8+1 > 8
2025-12-18 09:34:41,430 - src.logic - DEBUG - Worker Tech_08 excederia limite diário: 8+1 > 8
2025-12-18 09:34:41,430 - src.logic - DEBUG - Worker Tech_09 excederia limite diário: 8+1 > 8
2025-12-18 09:34:41,430 - src.logic - DEBUG - Worker Tech_10 excederia limite diário: 8+1 > 8
2025-12-18 09:34:41,430 - src.logic - DEBUG - Worker Tech_01 excederia limite diário: 8+1 > 8
2025-12-18 09:34:41,430 - src.logic - DEBUG - Worker Tech_05 excederia limite diário: 8+1 > 8
2025-12-18 09:34:41,430 - src.logic - DEBUG - Worker Tech_06 excederia limite diário: 8+1 > 8
2025-12-18 09:34:41,430 - src.logic - DEBUG - Worker Tech_07 excederia limite diário: 8+1 > 8
2025-12-18 09:34:41,430 - src.logic - DEBUG - Worker Tech_08 excederia limite diário: 8+1 > 8
2025-12-18 09:34:41,430 - src.logic - DEBUG - Worker Tech_09 excederia limite diário: 8+1 > 8
2025-12-18 09:34:41,431 - src.logic - DEBUG - Worker Tech_10 excederia limite diário: 8+1 > 8
2025-12-18 09:34:41,431 - src.logic - DEBUG - Worker Tech_01 excederia limite diário: 8+1 > 8
2025-12-18 09:34:41,431 - src.logic - DEBUG - Worker Tech_05 excederia limite diário: 8+1 > 8
2025-12-18 09:34:41,431 - src.logic - DEBUG - Worker Tech_06 excederia limite diário: 8+1 > 8
2025-12-18 09:34:41,431 - src.logic - DEBUG - Worker Tech_07 excederia limite diário: 8+1 > 8
2025-12-18 09:34:41,431 - src.logic - DEBUG - Worker Tech_08 excederia limite diário: 8+1 > 8
2025-12-18 09:34:41,431 - src.logic - DEBUG - Worker Tech_09 excederia limite diário: 8+1 > 8
2025-12-18 09:34:41,431 - src.logic - DEBUG - Worker Tech_10 excederia limite diário: 8+1 > 8
2025-12-18 09:34:41,431 - src.logic - DEBUG - Worker Tech_06 ocupado em 150-151
2025-12-18 09:34:41,432 - src.logic - DEBUG - Worker Tech_07 ocupado em 150-151
2025-12-18 09:34:41,432 - src.logic - DEBUG - Worker Tech_08 ocupado em 150-152
2025-12-18 09:34:41,432 - src.logic - DEBUG - Worker Tech_10 ocupado em 150-152
2025-12-18 09:34:41,432 - src.logic - DEBUG - Worker Tech_06 ocupado em 151-152
2025-12-18 09:34:41,432 - src.logic - DEBUG - Worker Tech_07 ocupado em 151-152
2025-12-18 09:34:41,432 - src.logic - DEBUG - Worker Tech_08 ocupado em 150-152
2025-12-18 09:34:41,432 - src.logic - DEBUG - Worker Tech_10 ocupado em 150-152
2025-12-18 09:34:41,433 - src.logic - DEBUG - Worker Tech_06 ocupado em 152-156
2025-12-18 09:34:41,433 - src.logic - DEBUG - Worker Tech_07 ocupado em 152-156
2025-12-18 09:34:41,433 - src.logic - DEBUG - Worker Tech_08 ocupado em 152-154
2025-12-18 09:34:41,433 - src.logic - DEBUG - Worker Tech_10 ocupado em 152-154
2025-12-18 09:34:41,433 - src.logic - DEBUG - Worker Tech_06 ocupado em 152-156
2025-12-18 09:34:41,433 - src.logic - DEBUG - Worker Tech_07 ocupado em 152-156
2025-12-18 09:34:41,433 - src.logic - DEBUG - Worker Tech_08 ocupado em 152-154
2025-12-18 09:34:41,433 - src.logic - DEBUG - Worker Tech_10 ocupado em 152-154
2025-12-18 09:34:41,433 - src.logic - DEBUG - Worker Tech_06 ocupado em 152-156
2025-12-18 09:34:41,433 - src.logic - DEBUG - Worker Tech_07 ocupado em 152-156
2025-12-18 09:34:41,433 - src.logic - DEBUG - Worker Tech_08 ocupado em 154-156
2025-12-18 09:34:41,433 - src.logic - DEBUG - Worker Tech_10 ocupado em 154-155
2025-12-18 09:34:41,433 - src.logic - DEBUG - Worker Tech_06 ocupado em 152-156
2025-12-18 09:34:41,433 - src.logic - DEBUG - Worker Tech_07 ocupado em 152-156
2025-12-18 09:34:41,434 - src.logic - DEBUG - Worker Tech_08 ocupado em 154-156
2025-12-18 09:34:41,434 - src.logic - DEBUG - Worker Tech_10 excederia limite diário: 8+1 > 8
2025-12-18 09:34:41,434 - src.logic - DEBUG - Worker Tech_06 excederia limite diário: 8+1 > 8
2025-12-18 09:34:41,434 - src.logic - DEBUG - Worker Tech_07 ocupado em 156-158
2025-12-18 09:34:41,434 - src.logic - DEBUG - Worker Tech_08 ocupado em 156-158
2025-12-18 09:34:41,434 - src.logic - DEBUG - Worker Tech_10 excederia limite diário: 8+1 > 8
2025-12-18 09:34:41,434 - src.logic - DEBUG - Worker Tech_06 ocupado em 157-159
2025-12-18 09:34:41,434 - src.logic - DEBUG - Worker Tech_07 ocupado em 156-158
2025-12-18 09:34:41,434 - src.logic - DEBUG - Worker Tech_08 ocupado em 156-158
2025-12-18 09:34:41,435 - src.logic - DEBUG - Worker Tech_10 ocupado em 157-160
2025-12-18 09:34:41,435 - src.logic - DEBUG - Worker Tech_06 ocupado em 157-159
2025-12-18 09:34:41,435 - src.logic - DEBUG - Worker Tech_07 excederia limite diário: 8+1 > 8
2025-12-18 09:34:41,435 - src.logic - DEBUG - Worker Tech_08 excederia limite diário: 8+1 > 8
2025-12-18 09:34:41,435 - src.logic - DEBUG - Worker Tech_10 ocupado em 157-160
2025-12-18 09:34:41,435 - src.logic - DEBUG - Worker Tech_06 excederia limite diário: 8+1 > 8
2025-12-18 09:34:41,435 - src.logic - DEBUG - Worker Tech_07 excederia limite diário: 8+1 > 8
2025-12-18 09:34:41,435 - src.logic - DEBUG - Worker Tech_08 excederia limite diário: 8+1 > 8
2025-12-18 09:34:41,435 - src.logic - DEBUG - Worker Tech_10 ocupado em 157-160
2025-12-18 09:34:41,435 - src.logic - DEBUG - Worker Tech_06 excederia limite diário: 8+1 > 8
2025-12-18 09:34:41,435 - src.logic - DEBUG - Worker Tech_07 excederia limite diário: 8+1 > 8
2025-12-18 09:34:41,435 - src.logic - DEBUG - Worker Tech_08 excederia limite diário: 8+1 > 8
2025-12-18 09:34:41,435 - src.logic - DEBUG - Worker Tech_10 excederia limite diário: 8+1 > 8
2025-12-18 09:34:41,435 - src.logic - DEBUG - Worker Tech_06 excederia limite diário: 8+1 > 8
2025-12-18 09:34:41,436 - src.logic - DEBUG - Worker Tech_07 excederia limite diário: 8+1 > 8
2025-12-18 09:34:41,436 - src.logic - DEBUG - Worker Tech_08 excederia limite diário: 8+1 > 8
2025-12-18 09:34:41,436 - src.logic - DEBUG - Worker Tech_10 excederia limite diário: 8+1 > 8
2025-12-18 09:34:41,436 - src.logic - DEBUG - Worker Tech_06 excederia limite diário: 8+1 > 8
2025-12-18 09:34:41,436 - src.logic - DEBUG - Worker Tech_07 excederia limite diário: 8+1 > 8
2025-12-18 09:34:41,436 - src.logic - DEBUG - Worker Tech_08 excederia limite diário: 8+1 > 8
2025-12-18 09:34:41,436 - src.logic - DEBUG - Worker Tech_10 excederia limite diário: 8+1 > 8
2025-12-18 09:34:41,436 - src.logic - DEBUG - Worker Tech_06 excederia limite diário: 8+1 > 8
2025-12-18 09:34:41,436 - src.logic - DEBUG - Worker Tech_07 excederia limite diário: 8+1 > 8
2025-12-18 09:34:41,436 - src.logic - DEBUG - Worker Tech_08 excederia limite diário: 8+1 > 8
2025-12-18 09:34:41,436 - src.logic - DEBUG - Worker Tech_10 excederia limite diário: 8+1 > 8
2025-12-18 09:34:41,436 - src.logic - DEBUG - Worker Tech_06 excederia limite diário: 8+1 > 8
2025-12-18 09:34:41,436 - src.logic - DEBUG - Worker Tech_07 excederia limite diário: 8+1 > 8
2025-12-18 09:34:41,436 - src.logic - DEBUG - Worker Tech_08 excederia limite diário: 8+1 > 8
2025-12-18 09:34:41,436 - src.logic - DEBUG - Worker Tech_10 excederia limite diário: 8+1 > 8
2025-12-18 09:34:41,437 - src.logic - DEBUG - Worker Tech_06 excederia limite diário: 8+1 > 8
2025-12-18 09:34:41,437 - src.logic - DEBUG - Worker Tech_07 excederia limite diário: 8+1 > 8
2025-12-18 09:34:41,437 - src.logic - DEBUG - Worker Tech_08 excederia limite diário: 8+1 > 8
2025-12-18 09:34:41,437 - src.logic - DEBUG - Worker Tech_10 excederia limite diário: 8+1 > 8
2025-12-18 09:34:41,437 - src.logic - DEBUG - Worker Tech_02 ocupado em 18-19
2025-12-18 09:34:41,437 - src.logic - DEBUG - Worker Tech_03 ocupado em 18-19
2025-12-18 09:34:41,437 - src.logic - DEBUG - Worker Tech_05 ocupado em 18-20
2025-12-18 09:34:41,437 - src.logic - DEBUG - Worker Tech_06 ocupado em 18-19
2025-12-18 09:34:41,437 - src.logic - DEBUG - Worker Tech_07 ocupado em 18-20
2025-12-18 09:34:41,437 - src.logic - DEBUG - Worker Tech_05 ocupado em 18-20
2025-12-18 09:34:41,437 - src.logic - DEBUG - Worker Tech_07 ocupado em 18-20
2025-12-18 09:34:41,438 - src.logic - DEBUG - Worker Tech_02 ocupado em 42-43
2025-12-18 09:34:41,438 - src.logic - DEBUG - Worker Tech_03 ocupado em 42-43
2025-12-18 09:34:41,438 - src.logic - DEBUG - Worker Tech_05 ocupado em 42-44
2025-12-18 09:34:41,438 - src.logic - DEBUG - Worker Tech_06 ocupado em 42-43
2025-12-18 09:34:41,438 - src.logic - DEBUG - Worker Tech_07 ocupado em 42-44
2025-12-18 09:34:41,438 - src.logic - DEBUG - Worker Tech_05 ocupado em 42-44
2025-12-18 09:34:41,438 - src.logic - DEBUG - Worker Tech_07 ocupado em 42-44
2025-12-18 09:34:41,438 - src.logic - DEBUG - Worker Tech_02 ocupado em 66-67
2025-12-18 09:34:41,438 - src.logic - DEBUG - Worker Tech_03 ocupado em 66-67
2025-12-18 09:34:41,439 - src.logic - DEBUG - Worker Tech_05 ocupado em 66-68
2025-12-18 09:34:41,439 - src.logic - DEBUG - Worker Tech_06 ocupado em 66-67
2025-12-18 09:34:41,439 - src.logic - DEBUG - Worker Tech_07 ocupado em 66-68
2025-12-18 09:34:41,439 - src.logic - DEBUG - Worker Tech_05 ocupado em 66-68
2025-12-18 09:34:41,439 - src.logic - DEBUG - Worker Tech_07 ocupado em 66-68
2025-12-18 09:34:41,439 - src.logic - DEBUG - Worker Tech_02 ocupado em 90-91
2025-12-18 09:34:41,439 - src.logic - DEBUG - Worker Tech_03 ocupado em 90-91
2025-12-18 09:34:41,440 - src.logic - DEBUG - Worker Tech_05 ocupado em 90-92
2025-12-18 09:34:41,440 - src.logic - DEBUG - Worker Tech_07 ocupado em 90-92
2025-12-18 09:34:41,440 - src.planner - DEBUG - Server DEV_Analytics_02 reservado: 90h-91h (dia 3)
2025-12-18 09:34:41,440 - src.planner - DEBUG - Worker Tech_06 reservado: 90h-91h (dia 3)
2025-12-18 09:34:41,440 - src.logic - DEBUG - Worker Tech_02 ocupado em 18-19
2025-12-18 09:34:41,440 - src.logic - DEBUG - Worker Tech_03 ocupado em 18-19
2025-12-18 09:34:41,440 - src.logic - DEBUG - Worker Tech_05 ocupado em 18-20
2025-12-18 09:34:41,440 - src.logic - DEBUG - Worker Tech_06 ocupado em 18-19
2025-12-18 09:34:41,440 - src.logic - DEBUG - Worker Tech_07 ocupado em 18-20
2025-12-18 09:34:41,440 - src.logic - DEBUG - Worker Tech_05 ocupado em 18-20
2025-12-18 09:34:41,440 - src.logic - DEBUG - Worker Tech_07 ocupado em 18-20
2025-12-18 09:34:41,440 - src.logic - DEBUG - Worker Tech_02 ocupado em 42-43
2025-12-18 09:34:41,441 - src.logic - DEBUG - Worker Tech_03 ocupado em 42-43
2025-12-18 09:34:41,441 - src.logic - DEBUG - Worker Tech_05 ocupado em 42-44
2025-12-18 09:34:41,441 - src.logic - DEBUG - Worker Tech_06 ocupado em 42-43
2025-12-18 09:34:41,441 - src.logic - DEBUG - Worker Tech_07 ocupado em 42-44
2025-12-18 09:34:41,441 - src.logic - DEBUG - Worker Tech_05 ocupado em 42-44
2025-12-18 09:34:41,441 - src.logic - DEBUG - Worker Tech_07 ocupado em 42-44
2025-12-18 09:34:41,441 - src.logic - DEBUG - Worker Tech_02 ocupado em 66-67
2025-12-18 09:34:41,441 - src.logic - DEBUG - Worker Tech_03 ocupado em 66-67
2025-12-18 09:34:41,442 - src.logic - DEBUG - Worker Tech_05 ocupado em 66-68
2025-12-18 09:34:41,442 - src.logic - DEBUG - Worker Tech_06 ocupado em 66-67
2025-12-18 09:34:41,442 - src.logic - DEBUG - Worker Tech_07 ocupado em 66-68
2025-12-18 09:34:41,442 - src.logic - DEBUG - Worker Tech_05 ocupado em 66-68
2025-12-18 09:34:41,442 - src.logic - DEBUG - Worker Tech_07 ocupado em 66-68
2025-12-18 09:34:41,443 - src.logic - DEBUG - Worker Tech_02 ocupado em 90-91
2025-12-18 09:34:41,443 - src.logic - DEBUG - Worker Tech_03 ocupado em 90-91
2025-12-18 09:34:41,443 - src.logic - DEBUG - Worker Tech_05 ocupado em 90-92
2025-12-18 09:34:41,443 - src.logic - DEBUG - Worker Tech_06 ocupado em 90-91
2025-12-18 09:34:41,443 - src.logic - DEBUG - Worker Tech_07 ocupado em 90-92
2025-12-18 09:34:41,443 - src.logic - DEBUG - Worker Tech_05 ocupado em 90-92
2025-12-18 09:34:41,443 - src.logic - DEBUG - Worker Tech_07 ocupado em 90-92
2025-12-18 09:34:41,443 - src.logic - DEBUG - Worker Tech_02 ocupado em 114-115
2025-12-18 09:34:41,444 - src.logic - DEBUG - Worker Tech_05 ocupado em 114-116
2025-12-18 09:34:41,444 - src.logic - DEBUG - Worker Tech_07 ocupado em 114-116
2025-12-18 09:34:41,444 - src.planner - DEBUG - Server DEV_Monitoring_01 reservado: 114h-115h (dia 4)
2025-12-18 09:34:41,444 - src.planner - DEBUG - Worker Tech_03 reservado: 114h-115h (dia 4)
2025-12-18 09:34:41,444 - src.logic - DEBUG - Worker Tech_01 ocupado em 126-128
2025-12-18 09:34:41,444 - src.logic - DEBUG - Worker Tech_05 ocupado em 126-128
2025-12-18 09:34:41,444 - src.logic - DEBUG - Worker Tech_06 ocupado em 126-128
2025-12-18 09:34:41,444 - src.logic - DEBUG - Worker Tech_07 ocupado em 126-128
2025-12-18 09:34:41,444 - src.logic - DEBUG - Worker Tech_08 ocupado em 126-128
2025-12-18 09:34:41,444 - src.logic - DEBUG - Worker Tech_09 ocupado em 126-128
2025-12-18 09:34:41,445 - src.logic - DEBUG - Worker Tech_10 ocupado em 126-127
2025-12-18 09:34:41,445 - src.logic - DEBUG - Worker Tech_01 ocupado em 126-128
2025-12-18 09:34:41,445 - src.logic - DEBUG - Worker Tech_05 ocupado em 126-128
2025-12-18 09:34:41,445 - src.logic - DEBUG - Worker Tech_06 ocupado em 126-128
2025-12-18 09:34:41,445 - src.logic - DEBUG - Worker Tech_07 ocupado em 126-128
2025-12-18 09:34:41,445 - src.logic - DEBUG - Worker Tech_08 ocupado em 126-128
2025-12-18 09:34:41,445 - src.logic - DEBUG - Worker Tech_09 ocupado em 126-128
2025-12-18 09:34:41,445 - src.logic - DEBUG - Worker Tech_10 ocupado em 127-128
2025-12-18 09:34:41,445 - src.logic - DEBUG - Worker Tech_01 ocupado em 128-131
2025-12-18 09:34:41,445 - src.logic - DEBUG - Worker Tech_05 ocupado em 128-131
2025-12-18 09:34:41,445 - src.logic - DEBUG - Worker Tech_06 ocupado em 128-131
2025-12-18 09:34:41,445 - src.logic - DEBUG - Worker Tech_07 ocupado em 128-131
2025-12-18 09:34:41,445 - src.logic - DEBUG - Worker Tech_08 ocupado em 128-131
2025-12-18 09:34:41,445 - src.logic - DEBUG - Worker Tech_09 ocupado em 128-131
2025-12-18 09:34:41,445 - src.logic - DEBUG - Worker Tech_10 ocupado em 128-131
2025-12-18 09:34:41,446 - src.logic - DEBUG - Worker Tech_01 ocupado em 128-131
2025-12-18 09:34:41,446 - src.logic - DEBUG - Worker Tech_05 ocupado em 128-131
2025-12-18 09:34:41,446 - src.logic - DEBUG - Worker Tech_06 ocupado em 128-131
2025-12-18 09:34:41,446 - src.logic - DEBUG - Worker Tech_07 ocupado em 128-131
2025-12-18 09:34:41,446 - src.logic - DEBUG - Worker Tech_08 ocupado em 128-131
2025-12-18 09:34:41,446 - src.logic - DEBUG - Worker Tech_09 ocupado em 128-131
2025-12-18 09:34:41,446 - src.logic - DEBUG - Worker Tech_10 ocupado em 128-131
2025-12-18 09:34:41,446 - src.logic - DEBUG - Worker Tech_01 ocupado em 128-131
2025-12-18 09:34:41,446 - src.logic - DEBUG - Worker Tech_05 ocupado em 128-131
2025-12-18 09:34:41,446 - src.logic - DEBUG - Worker Tech_06 ocupado em 128-131
2025-12-18 09:34:41,446 - src.logic - DEBUG - Worker Tech_07 ocupado em 128-131
2025-12-18 09:34:41,446 - src.logic - DEBUG - Worker Tech_08 ocupado em 128-131
2025-12-18 09:34:41,446 - src.logic - DEBUG - Worker Tech_09 ocupado em 128-131
2025-12-18 09:34:41,446 - src.logic - DEBUG - Worker Tech_10 ocupado em 128-131
2025-12-18 09:34:41,446 - src.logic - DEBUG - Worker Tech_01 ocupado em 131-134
2025-12-18 09:34:41,447 - src.logic - DEBUG - Worker Tech_05 ocupado em 131-134
2025-12-18 09:34:41,447 - src.logic - DEBUG - Worker Tech_06 ocupado em 131-134
2025-12-18 09:34:41,447 - src.logic - DEBUG - Worker Tech_07 ocupado em 131-134
2025-12-18 09:34:41,447 - src.logic - DEBUG - Worker Tech_08 ocupado em 131-134
2025-12-18 09:34:41,448 - src.logic - DEBUG - Worker Tech_09 ocupado em 131-133
2025-12-18 09:34:41,448 - src.logic - DEBUG - Worker Tech_10 ocupado em 131-133
2025-12-18 09:34:41,448 - src.logic - DEBUG - Worker Tech_01 ocupado em 131-134
2025-12-18 09:34:41,448 - src.logic - DEBUG - Worker Tech_05 ocupado em 131-134
2025-12-18 09:34:41,448 - src.logic - DEBUG - Worker Tech_06 ocupado em 131-134
2025-12-18 09:34:41,448 - src.logic - DEBUG - Worker Tech_07 ocupado em 131-134
2025-12-18 09:34:41,449 - src.logic - DEBUG - Worker Tech_08 ocupado em 131-134
2025-12-18 09:34:41,449 - src.logic - DEBUG - Worker Tech_09 ocupado em 131-133
2025-12-18 09:34:41,449 - src.logic - DEBUG - Worker Tech_10 ocupado em 131-133
2025-12-18 09:34:41,449 - src.logic - DEBUG - Worker Tech_01 ocupado em 131-134
2025-12-18 09:34:41,449 - src.logic - DEBUG - Worker Tech_05 ocupado em 131-134
2025-12-18 09:34:41,449 - src.logic - DEBUG - Worker Tech_06 ocupado em 131-134
2025-12-18 09:34:41,449 - src.logic - DEBUG - Worker Tech_07 ocupado em 131-134
2025-12-18 09:34:41,449 - src.logic - DEBUG - Worker Tech_08 ocupado em 131-134
2025-12-18 09:34:41,449 - src.logic - DEBUG - Worker Tech_09 ocupado em 133-134
2025-12-18 09:34:41,449 - src.logic - DEBUG - Worker Tech_10 ocupado em 133-134
2025-12-18 09:34:41,449 - src.logic - DEBUG - Worker Tech_01 excederia limite diário: 8+1 > 8
2025-12-18 09:34:41,449 - src.logic - DEBUG - Worker Tech_05 excederia limite diário: 8+1 > 8
2025-12-18 09:34:41,450 - src.logic - DEBUG - Worker Tech_06 excederia limite diário: 8+1 > 8
2025-12-18 09:34:41,450 - src.logic - DEBUG - Worker Tech_07 excederia limite diário: 8+1 > 8
2025-12-18 09:34:41,450 - src.logic - DEBUG - Worker Tech_08 excederia limite diário: 8+1 > 8
2025-12-18 09:34:41,450 - src.logic - DEBUG - Worker Tech_09 excederia limite diário: 8+1 > 8
2025-12-18 09:34:41,450 - src.logic - DEBUG - Worker Tech_10 excederia limite diário: 8+1 > 8
2025-12-18 09:34:41,450 - src.logic - DEBUG - Worker Tech_01 excederia limite diário: 8+1 > 8
2025-12-18 09:34:41,450 - src.logic - DEBUG - Worker Tech_05 excederia limite diário: 8+1 > 8
2025-12-18 09:34:41,450 - src.logic - DEBUG - Worker Tech_06 excederia limite diário: 8+1 > 8
2025-12-18 09:34:41,450 - src.logic - DEBUG - Worker Tech_07 excederia limite diário: 8+1 > 8
2025-12-18 09:34:41,450 - src.logic - DEBUG - Worker Tech_08 excederia limite diário: 8+1 > 8
2025-12-18 09:34:41,450 - src.logic - DEBUG - Worker Tech_09 excederia limite diário: 8+1 > 8
2025-12-18 09:34:41,450 - src.logic - DEBUG - Worker Tech_10 excederia limite diário: 8+1 > 8
2025-12-18 09:34:41,451 - src.logic - DEBUG - Worker Tech_01 excederia limite diário: 8+1 > 8
2025-12-18 09:34:41,451 - src.logic - DEBUG - Worker Tech_05 excederia limite diário: 8+1 > 8
2025-12-18 09:34:41,451 - src.logic - DEBUG - Worker Tech_06 excederia limite diário: 8+1 > 8
2025-12-18 09:34:41,451 - src.logic - DEBUG - Worker Tech_07 excederia limite diário: 8+1 > 8
2025-12-18 09:34:41,451 - src.logic - DEBUG - Worker Tech_08 excederia limite diário: 8+1 > 8
2025-12-18 09:34:41,451 - src.logic - DEBUG - Worker Tech_09 excederia limite diário: 8+1 > 8
2025-12-18 09:34:41,451 - src.logic - DEBUG - Worker Tech_10 excederia limite diário: 8+1 > 8
2025-12-18 09:34:41,451 - src.logic - DEBUG - Worker Tech_01 excederia limite diário: 8+1 > 8
2025-12-18 09:34:41,451 - src.logic - DEBUG - Worker Tech_05 excederia limite diário: 8+1 > 8
2025-12-18 09:34:41,451 - src.logic - DEBUG - Worker Tech_06 excederia limite diário: 8+1 > 8
2025-12-18 09:34:41,451 - src.logic - DEBUG - Worker Tech_07 excederia limite diário: 8+1 > 8
2025-12-18 09:34:41,452 - src.logic - DEBUG - Worker Tech_08 excederia limite diário: 8+1 > 8
2025-12-18 09:34:41,452 - src.logic - DEBUG - Worker Tech_09 excederia limite diário: 8+1 > 8
2025-12-18 09:34:41,452 - src.logic - DEBUG - Worker Tech_10 excederia limite diário: 8+1 > 8
2025-12-18 09:34:41,452 - src.logic - DEBUG - Worker Tech_01 excederia limite diário: 8+1 > 8
2025-12-18 09:34:41,452 - src.logic - DEBUG - Worker Tech_05 excederia limite diário: 8+1 > 8
2025-12-18 09:34:41,452 - src.logic - DEBUG - Worker Tech_06 excederia limite diário: 8+1 > 8
2025-12-18 09:34:41,452 - src.logic - DEBUG - Worker Tech_07 excederia limite diário: 8+1 > 8
2025-12-18 09:34:41,452 - src.logic - DEBUG - Worker Tech_08 excederia limite diário: 8+1 > 8
2025-12-18 09:34:41,452 - src.logic - DEBUG - Worker Tech_09 excederia limite diário: 8+1 > 8
2025-12-18 09:34:41,452 - src.logic - DEBUG - Worker Tech_10 excederia limite diário: 8+1 > 8
2025-12-18 09:34:41,452 - src.logic - DEBUG - Worker Tech_01 excederia limite diário: 8+1 > 8
2025-12-18 09:34:41,453 - src.logic - DEBUG - Worker Tech_05 excederia limite diário: 8+1 > 8
2025-12-18 09:34:41,453 - src.logic - DEBUG - Worker Tech_06 excederia limite diário: 8+1 > 8
2025-12-18 09:34:41,453 - src.logic - DEBUG - Worker Tech_07 excederia limite diário: 8+1 > 8
2025-12-18 09:34:41,453 - src.logic - DEBUG - Worker Tech_08 excederia limite diário: 8+1 > 8
2025-12-18 09:34:41,453 - src.logic - DEBUG - Worker Tech_09 excederia limite diário: 8+1 > 8
2025-12-18 09:34:41,453 - src.logic - DEBUG - Worker Tech_10 excederia limite diário: 8+1 > 8
2025-12-18 09:34:41,453 - src.logic - DEBUG - Worker Tech_01 excederia limite diário: 8+1 > 8
2025-12-18 09:34:41,453 - src.logic - DEBUG - Worker Tech_05 excederia limite diário: 8+1 > 8
2025-12-18 09:34:41,453 - src.logic - DEBUG - Worker Tech_06 excederia limite diário: 8+1 > 8
2025-12-18 09:34:41,453 - src.logic - DEBUG - Worker Tech_07 excederia limite diário: 8+1 > 8
2025-12-18 09:34:41,453 - src.logic - DEBUG - Worker Tech_08 excederia limite diário: 8+1 > 8
2025-12-18 09:34:41,453 - src.logic - DEBUG - Worker Tech_09 excederia limite diário: 8+1 > 8
2025-12-18 09:34:41,454 - src.logic - DEBUG - Worker Tech_10 excederia limite diário: 8+1 > 8
2025-12-18 09:34:41,454 - src.logic - DEBUG - Worker Tech_01 excederia limite diário: 8+1 > 8
2025-12-18 09:34:41,454 - src.logic - DEBUG - Worker Tech_05 excederia limite diário: 8+1 > 8
2025-12-18 09:34:41,454 - src.logic - DEBUG - Worker Tech_06 excederia limite diário: 8+1 > 8
2025-12-18 09:34:41,454 - src.logic - DEBUG - Worker Tech_07 excederia limite diário: 8+1 > 8
2025-12-18 09:34:41,454 - src.logic - DEBUG - Worker Tech_08 excederia limite diário: 8+1 > 8
2025-12-18 09:34:41,454 - src.logic - DEBUG - Worker Tech_09 excederia limite diário: 8+1 > 8
2025-12-18 09:34:41,454 - src.logic - DEBUG - Worker Tech_10 excederia limite diário: 8+1 > 8
2025-12-18 09:34:41,454 - src.logic - DEBUG - Worker Tech_06 ocupado em 150-151
2025-12-18 09:34:41,454 - src.logic - DEBUG - Worker Tech_07 ocupado em 150-151
2025-12-18 09:34:41,454 - src.logic - DEBUG - Worker Tech_08 ocupado em 150-152
2025-12-18 09:34:41,454 - src.logic - DEBUG - Worker Tech_10 ocupado em 150-152
2025-12-18 09:34:41,454 - src.logic - DEBUG - Worker Tech_06 ocupado em 151-152
2025-12-18 09:34:41,454 - src.logic - DEBUG - Worker Tech_07 ocupado em 151-152
2025-12-18 09:34:41,455 - src.logic - DEBUG - Worker Tech_08 ocupado em 150-152
2025-12-18 09:34:41,455 - src.logic - DEBUG - Worker Tech_10 ocupado em 150-152
2025-12-18 09:34:41,455 - src.logic - DEBUG - Worker Tech_06 ocupado em 152-156
2025-12-18 09:34:41,455 - src.logic - DEBUG - Worker Tech_07 ocupado em 152-156
2025-12-18 09:34:41,455 - src.logic - DEBUG - Worker Tech_08 ocupado em 152-154
2025-12-18 09:34:41,455 - src.logic - DEBUG - Worker Tech_10 ocupado em 152-154
2025-12-18 09:34:41,455 - src.logic - DEBUG - Worker Tech_06 ocupado em 152-156
2025-12-18 09:34:41,455 - src.logic - DEBUG - Worker Tech_07 ocupado em 152-156
2025-12-18 09:34:41,455 - src.logic - DEBUG - Worker Tech_08 ocupado em 152-154
2025-12-18 09:34:41,455 - src.logic - DEBUG - Worker Tech_10 ocupado em 152-154
2025-12-18 09:34:41,455 - src.logic - DEBUG - Worker Tech_06 ocupado em 152-156
2025-12-18 09:34:41,455 - src.logic - DEBUG - Worker Tech_07 ocupado em 152-156
2025-12-18 09:34:41,455 - src.logic - DEBUG - Worker Tech_08 ocupado em 154-156
2025-12-18 09:34:41,455 - src.logic - DEBUG - Worker Tech_10 ocupado em 154-155
2025-12-18 09:34:41,456 - src.logic - DEBUG - Worker Tech_06 ocupado em 152-156
2025-12-18 09:34:41,456 - src.logic - DEBUG - Worker Tech_07 ocupado em 152-156
2025-12-18 09:34:41,456 - src.logic - DEBUG - Worker Tech_08 ocupado em 154-156
2025-12-18 09:34:41,456 - src.logic - DEBUG - Worker Tech_10 excederia limite diário: 8+1 > 8
2025-12-18 09:34:41,456 - src.logic - DEBUG - Worker Tech_06 excederia limite diário: 8+1 > 8
2025-12-18 09:34:41,456 - src.logic - DEBUG - Worker Tech_07 ocupado em 156-158
2025-12-18 09:34:41,456 - src.logic - DEBUG - Worker Tech_08 ocupado em 156-158
2025-12-18 09:34:41,456 - src.logic - DEBUG - Worker Tech_10 excederia limite diário: 8+1 > 8
2025-12-18 09:34:41,456 - src.logic - DEBUG - Worker Tech_06 ocupado em 157-159
2025-12-18 09:34:41,456 - src.logic - DEBUG - Worker Tech_07 ocupado em 156-158
2025-12-18 09:34:41,456 - src.logic - DEBUG - Worker Tech_08 ocupado em 156-158
2025-12-18 09:34:41,456 - src.logic - DEBUG - Worker Tech_10 ocupado em 157-160
2025-12-18 09:34:41,457 - src.logic - DEBUG - Worker Tech_06 ocupado em 157-159
2025-12-18 09:34:41,457 - src.logic - DEBUG - Worker Tech_07 excederia limite diário: 8+1 > 8
2025-12-18 09:34:41,457 - src.logic - DEBUG - Worker Tech_08 excederia limite diário: 8+1 > 8
2025-12-18 09:34:41,457 - src.logic - DEBUG - Worker Tech_10 ocupado em 157-160
2025-12-18 09:34:41,457 - src.logic - DEBUG - Worker Tech_06 excederia limite diário: 8+1 > 8
2025-12-18 09:34:41,457 - src.logic - DEBUG - Worker Tech_07 excederia limite diário: 8+1 > 8
2025-12-18 09:34:41,457 - src.logic - DEBUG - Worker Tech_08 excederia limite diário: 8+1 > 8
2025-12-18 09:34:41,457 - src.logic - DEBUG - Worker Tech_10 ocupado em 157-160
2025-12-18 09:34:41,457 - src.logic - DEBUG - Worker Tech_06 excederia limite diário: 8+1 > 8
2025-12-18 09:34:41,457 - src.logic - DEBUG - Worker Tech_07 excederia limite diário: 8+1 > 8
2025-12-18 09:34:41,457 - src.logic - DEBUG - Worker Tech_08 excederia limite diário: 8+1 > 8
2025-12-18 09:34:41,457 - src.logic - DEBUG - Worker Tech_10 excederia limite diário: 8+1 > 8
2025-12-18 09:34:41,458 - src.logic - DEBUG - Worker Tech_06 excederia limite diário: 8+1 > 8
2025-12-18 09:34:41,458 - src.logic - DEBUG - Worker Tech_07 excederia limite diário: 8+1 > 8
2025-12-18 09:34:41,458 - src.logic - DEBUG - Worker Tech_08 excederia limite diário: 8+1 > 8
2025-12-18 09:34:41,458 - src.logic - DEBUG - Worker Tech_10 excederia limite diário: 8+1 > 8
2025-12-18 09:34:41,458 - src.logic - DEBUG - Worker Tech_06 excederia limite diário: 8+1 > 8
2025-12-18 09:34:41,458 - src.logic - DEBUG - Worker Tech_07 excederia limite diário: 8+1 > 8
2025-12-18 09:34:41,458 - src.logic - DEBUG - Worker Tech_08 excederia limite diário: 8+1 > 8
2025-12-18 09:34:41,458 - src.logic - DEBUG - Worker Tech_10 excederia limite diário: 8+1 > 8
2025-12-18 09:34:41,458 - src.logic - DEBUG - Worker Tech_06 excederia limite diário: 8+1 > 8
2025-12-18 09:34:41,459 - src.logic - DEBUG - Worker Tech_07 excederia limite diário: 8+1 > 8
2025-12-18 09:34:41,459 - src.logic - DEBUG - Worker Tech_08 excederia limite diário: 8+1 > 8
2025-12-18 09:34:41,459 - src.logic - DEBUG - Worker Tech_10 excederia limite diário: 8+1 > 8
2025-12-18 09:34:41,459 - src.logic - DEBUG - Worker Tech_06 excederia limite diário: 8+1 > 8
2025-12-18 09:34:41,459 - src.logic - DEBUG - Worker Tech_07 excederia limite diário: 8+1 > 8
2025-12-18 09:34:41,459 - src.logic - DEBUG - Worker Tech_08 excederia limite diário: 8+1 > 8
2025-12-18 09:34:41,459 - src.logic - DEBUG - Worker Tech_10 excederia limite diário: 8+1 > 8
2025-12-18 09:34:41,459 - src.logic - DEBUG - Worker Tech_06 excederia limite diário: 8+1 > 8
2025-12-18 09:34:41,460 - src.logic - DEBUG - Worker Tech_07 excederia limite diário: 8+1 > 8
2025-12-18 09:34:41,460 - src.logic - DEBUG - Worker Tech_08 excederia limite diário: 8+1 > 8
2025-12-18 09:34:41,460 - src.logic - DEBUG - Worker Tech_10 excederia limite diário: 8+1 > 8
2025-12-18 09:34:41,460 - src.logic - DEBUG - Worker Tech_01 ocupado em 126-128
2025-12-18 09:34:41,460 - src.logic - DEBUG - Worker Tech_05 ocupado em 126-128
2025-12-18 09:34:41,460 - src.logic - DEBUG - Worker Tech_06 ocupado em 126-128
2025-12-18 09:34:41,460 - src.logic - DEBUG - Worker Tech_07 ocupado em 126-128
2025-12-18 09:34:41,461 - src.logic - DEBUG - Worker Tech_08 ocupado em 126-128
2025-12-18 09:34:41,461 - src.logic - DEBUG - Worker Tech_09 ocupado em 126-128
2025-12-18 09:34:41,461 - src.logic - DEBUG - Worker Tech_10 ocupado em 126-127
2025-12-18 09:34:41,461 - src.logic - DEBUG - Worker Tech_01 ocupado em 126-128
2025-12-18 09:34:41,461 - src.logic - DEBUG - Worker Tech_05 ocupado em 126-128
2025-12-18 09:34:41,461 - src.logic - DEBUG - Worker Tech_06 ocupado em 126-128
2025-12-18 09:34:41,461 - src.logic - DEBUG - Worker Tech_07 ocupado em 126-128
2025-12-18 09:34:41,461 - src.logic - DEBUG - Worker Tech_08 ocupado em 126-128
2025-12-18 09:34:41,461 - src.logic - DEBUG - Worker Tech_09 ocupado em 126-128
2025-12-18 09:34:41,461 - src.logic - DEBUG - Worker Tech_10 ocupado em 127-128
2025-12-18 09:34:41,461 - src.logic - DEBUG - Worker Tech_01 ocupado em 128-131
2025-12-18 09:34:41,461 - src.logic - DEBUG - Worker Tech_05 ocupado em 128-131
2025-12-18 09:34:41,462 - src.logic - DEBUG - Worker Tech_06 ocupado em 128-131
2025-12-18 09:34:41,462 - src.logic - DEBUG - Worker Tech_07 ocupado em 128-131
2025-12-18 09:34:41,462 - src.logic - DEBUG - Worker Tech_08 ocupado em 128-131
2025-12-18 09:34:41,462 - src.logic - DEBUG - Worker Tech_09 ocupado em 128-131
2025-12-18 09:34:41,462 - src.logic - DEBUG - Worker Tech_10 ocupado em 128-131
2025-12-18 09:34:41,462 - src.logic - DEBUG - Worker Tech_01 ocupado em 128-131
2025-12-18 09:34:41,462 - src.logic - DEBUG - Worker Tech_05 ocupado em 128-131
2025-12-18 09:34:41,462 - src.logic - DEBUG - Worker Tech_06 ocupado em 128-131
2025-12-18 09:34:41,462 - src.logic - DEBUG - Worker Tech_07 ocupado em 128-131
2025-12-18 09:34:41,462 - src.logic - DEBUG - Worker Tech_08 ocupado em 128-131
2025-12-18 09:34:41,462 - src.logic - DEBUG - Worker Tech_09 ocupado em 128-131
2025-12-18 09:34:41,462 - src.logic - DEBUG - Worker Tech_10 ocupado em 128-131
2025-12-18 09:34:41,462 - src.logic - DEBUG - Worker Tech_01 ocupado em 128-131
2025-12-18 09:34:41,462 - src.logic - DEBUG - Worker Tech_05 ocupado em 128-131
2025-12-18 09:34:41,463 - src.logic - DEBUG - Worker Tech_06 ocupado em 128-131
2025-12-18 09:34:41,463 - src.logic - DEBUG - Worker Tech_07 ocupado em 128-131
2025-12-18 09:34:41,463 - src.logic - DEBUG - Worker Tech_08 ocupado em 128-131
2025-12-18 09:34:41,463 - src.logic - DEBUG - Worker Tech_09 ocupado em 128-131
2025-12-18 09:34:41,463 - src.logic - DEBUG - Worker Tech_10 ocupado em 128-131
2025-12-18 09:34:41,463 - src.logic - DEBUG - Worker Tech_01 ocupado em 131-134
2025-12-18 09:34:41,463 - src.logic - DEBUG - Worker Tech_05 ocupado em 131-134
2025-12-18 09:34:41,463 - src.logic - DEBUG - Worker Tech_06 ocupado em 131-134
2025-12-18 09:34:41,463 - src.logic - DEBUG - Worker Tech_07 ocupado em 131-134
2025-12-18 09:34:41,463 - src.logic - DEBUG - Worker Tech_08 ocupado em 131-134
2025-12-18 09:34:41,463 - src.logic - DEBUG - Worker Tech_09 ocupado em 131-133
2025-12-18 09:34:41,464 - src.logic - DEBUG - Worker Tech_10 ocupado em 131-133
2025-12-18 09:34:41,464 - src.logic - DEBUG - Worker Tech_01 ocupado em 131-134
2025-12-18 09:34:41,464 - src.logic - DEBUG - Worker Tech_05 ocupado em 131-134
2025-12-18 09:34:41,464 - src.logic - DEBUG - Worker Tech_06 ocupado em 131-134
2025-12-18 09:34:41,464 - src.logic - DEBUG - Worker Tech_07 ocupado em 131-134
2025-12-18 09:34:41,465 - src.logic - DEBUG - Worker Tech_08 ocupado em 131-134
2025-12-18 09:34:41,465 - src.logic - DEBUG - Worker Tech_09 ocupado em 131-133
2025-12-18 09:34:41,465 - src.logic - DEBUG - Worker Tech_10 ocupado em 131-133
2025-12-18 09:34:41,465 - src.logic - DEBUG - Worker Tech_01 ocupado em 131-134
2025-12-18 09:34:41,465 - src.logic - DEBUG - Worker Tech_05 ocupado em 131-134
2025-12-18 09:34:41,465 - src.logic - DEBUG - Worker Tech_06 ocupado em 131-134
2025-12-18 09:34:41,465 - src.logic - DEBUG - Worker Tech_07 ocupado em 131-134
2025-12-18 09:34:41,465 - src.logic - DEBUG - Worker Tech_08 ocupado em 131-134
2025-12-18 09:34:41,465 - src.logic - DEBUG - Worker Tech_09 ocupado em 133-134
2025-12-18 09:34:41,465 - src.logic - DEBUG - Worker Tech_10 ocupado em 133-134
2025-12-18 09:34:41,466 - src.logic - DEBUG - Worker Tech_01 excederia limite diário: 8+1 > 8
2025-12-18 09:34:41,466 - src.logic - DEBUG - Worker Tech_05 excederia limite diário: 8+1 > 8
2025-12-18 09:34:41,466 - src.logic - DEBUG - Worker Tech_06 excederia limite diário: 8+1 > 8
2025-12-18 09:34:41,466 - src.logic - DEBUG - Worker Tech_07 excederia limite diário: 8+1 > 8
2025-12-18 09:34:41,466 - src.logic - DEBUG - Worker Tech_08 excederia limite diário: 8+1 > 8
2025-12-18 09:34:41,466 - src.logic - DEBUG - Worker Tech_09 excederia limite diário: 8+1 > 8
2025-12-18 09:34:41,466 - src.logic - DEBUG - Worker Tech_10 excederia limite diário: 8+1 > 8
2025-12-18 09:34:41,466 - src.logic - DEBUG - Worker Tech_01 excederia limite diário: 8+1 > 8
2025-12-18 09:34:41,466 - src.logic - DEBUG - Worker Tech_05 excederia limite diário: 8+1 > 8
2025-12-18 09:34:41,466 - src.logic - DEBUG - Worker Tech_06 excederia limite diário: 8+1 > 8
2025-12-18 09:34:41,466 - src.logic - DEBUG - Worker Tech_07 excederia limite diário: 8+1 > 8
2025-12-18 09:34:41,466 - src.logic - DEBUG - Worker Tech_08 excederia limite diário: 8+1 > 8
2025-12-18 09:34:41,467 - src.logic - DEBUG - Worker Tech_09 excederia limite diário: 8+1 > 8
2025-12-18 09:34:41,467 - src.logic - DEBUG - Worker Tech_10 excederia limite diário: 8+1 > 8
2025-12-18 09:34:41,467 - src.logic - DEBUG - Worker Tech_01 excederia limite diário: 8+1 > 8
2025-12-18 09:34:41,467 - src.logic - DEBUG - Worker Tech_05 excederia limite diário: 8+1 > 8
2025-12-18 09:34:41,467 - src.logic - DEBUG - Worker Tech_06 excederia limite diário: 8+1 > 8
2025-12-18 09:34:41,467 - src.logic - DEBUG - Worker Tech_07 excederia limite diário: 8+1 > 8
2025-12-18 09:34:41,467 - src.logic - DEBUG - Worker Tech_08 excederia limite diário: 8+1 > 8
2025-12-18 09:34:41,467 - src.logic - DEBUG - Worker Tech_09 excederia limite diário: 8+1 > 8
2025-12-18 09:34:41,467 - src.logic - DEBUG - Worker Tech_10 excederia limite diário: 8+1 > 8
2025-12-18 09:34:41,468 - src.logic - DEBUG - Worker Tech_01 excederia limite diário: 8+1 > 8
2025-12-18 09:34:41,468 - src.logic - DEBUG - Worker Tech_05 excederia limite diário: 8+1 > 8
2025-12-18 09:34:41,468 - src.logic - DEBUG - Worker Tech_06 excederia limite diário: 8+1 > 8
2025-12-18 09:34:41,468 - src.logic - DEBUG - Worker Tech_07 excederia limite diário: 8+1 > 8
2025-12-18 09:34:41,468 - src.logic - DEBUG - Worker Tech_08 excederia limite diário: 8+1 > 8
2025-12-18 09:34:41,468 - src.logic - DEBUG - Worker Tech_09 excederia limite diário: 8+1 > 8
2025-12-18 09:34:41,468 - src.logic - DEBUG - Worker Tech_10 excederia limite diário: 8+1 > 8
2025-12-18 09:34:41,468 - src.logic - DEBUG - Worker Tech_01 excederia limite diário: 8+1 > 8
2025-12-18 09:34:41,468 - src.logic - DEBUG - Worker Tech_05 excederia limite diário: 8+1 > 8
2025-12-18 09:34:41,468 - src.logic - DEBUG - Worker Tech_06 excederia limite diário: 8+1 > 8
2025-12-18 09:34:41,468 - src.logic - DEBUG - Worker Tech_07 excederia limite diário: 8+1 > 8
2025-12-18 09:34:41,469 - src.logic - DEBUG - Worker Tech_08 excederia limite diário: 8+1 > 8
2025-12-18 09:34:41,469 - src.logic - DEBUG - Worker Tech_09 excederia limite diário: 8+1 > 8
2025-12-18 09:34:41,469 - src.logic - DEBUG - Worker Tech_10 excederia limite diário: 8+1 > 8
2025-12-18 09:34:41,469 - src.logic - DEBUG - Worker Tech_01 excederia limite diário: 8+1 > 8
2025-12-18 09:34:41,469 - src.logic - DEBUG - Worker Tech_05 excederia limite diário: 8+1 > 8
2025-12-18 09:34:41,469 - src.logic - DEBUG - Worker Tech_06 excederia limite diário: 8+1 > 8
2025-12-18 09:34:41,469 - src.logic - DEBUG - Worker Tech_07 excederia limite diário: 8+1 > 8
2025-12-18 09:34:41,469 - src.logic - DEBUG - Worker Tech_08 excederia limite diário: 8+1 > 8
2025-12-18 09:34:41,469 - src.logic - DEBUG - Worker Tech_09 excederia limite diário: 8+1 > 8
2025-12-18 09:34:41,469 - src.logic - DEBUG - Worker Tech_10 excederia limite diário: 8+1 > 8
2025-12-18 09:34:41,469 - src.logic - DEBUG - Worker Tech_01 excederia limite diário: 8+1 > 8
2025-12-18 09:34:41,470 - src.logic - DEBUG - Worker Tech_05 excederia limite diário: 8+1 > 8
2025-12-18 09:34:41,470 - src.logic - DEBUG - Worker Tech_06 excederia limite diário: 8+1 > 8
2025-12-18 09:34:41,470 - src.logic - DEBUG - Worker Tech_07 excederia limite diário: 8+1 > 8
2025-12-18 09:34:41,470 - src.logic - DEBUG - Worker Tech_08 excederia limite diário: 8+1 > 8
2025-12-18 09:34:41,470 - src.logic - DEBUG - Worker Tech_09 excederia limite diário: 8+1 > 8
2025-12-18 09:34:41,470 - src.logic - DEBUG - Worker Tech_10 excederia limite diário: 8+1 > 8
2025-12-18 09:34:41,470 - src.logic - DEBUG - Worker Tech_01 excederia limite diário: 8+1 > 8
2025-12-18 09:34:41,470 - src.logic - DEBUG - Worker Tech_05 excederia limite diário: 8+1 > 8
2025-12-18 09:34:41,470 - src.logic - DEBUG - Worker Tech_06 excederia limite diário: 8+1 > 8
2025-12-18 09:34:41,470 - src.logic - DEBUG - Worker Tech_07 excederia limite diário: 8+1 > 8
2025-12-18 09:34:41,470 - src.logic - DEBUG - Worker Tech_08 excederia limite diário: 8+1 > 8
2025-12-18 09:34:41,470 - src.logic - DEBUG - Worker Tech_09 excederia limite diário: 8+1 > 8
2025-12-18 09:34:41,470 - src.logic - DEBUG - Worker Tech_10 excederia limite diário: 8+1 > 8
2025-12-18 09:34:41,471 - src.logic - DEBUG - Worker Tech_06 ocupado em 150-151
2025-12-18 09:34:41,471 - src.logic - DEBUG - Worker Tech_07 ocupado em 150-151
2025-12-18 09:34:41,471 - src.logic - DEBUG - Worker Tech_08 ocupado em 150-152
2025-12-18 09:34:41,471 - src.logic - DEBUG - Worker Tech_10 ocupado em 150-152
2025-12-18 09:34:41,471 - src.logic - DEBUG - Worker Tech_06 ocupado em 151-152
2025-12-18 09:34:41,471 - src.logic - DEBUG - Worker Tech_07 ocupado em 151-152
2025-12-18 09:34:41,471 - src.logic - DEBUG - Worker Tech_08 ocupado em 150-152
2025-12-18 09:34:41,471 - src.logic - DEBUG - Worker Tech_10 ocupado em 150-152
2025-12-18 09:34:41,471 - src.logic - DEBUG - Worker Tech_06 ocupado em 152-156
2025-12-18 09:34:41,471 - src.logic - DEBUG - Worker Tech_07 ocupado em 152-156
2025-12-18 09:34:41,471 - src.logic - DEBUG - Worker Tech_08 ocupado em 152-154
2025-12-18 09:34:41,471 - src.logic - DEBUG - Worker Tech_10 ocupado em 152-154
2025-12-18 09:34:41,471 - src.logic - DEBUG - Worker Tech_06 ocupado em 152-156
2025-12-18 09:34:41,472 - src.logic - DEBUG - Worker Tech_07 ocupado em 152-156
2025-12-18 09:34:41,472 - src.logic - DEBUG - Worker Tech_08 ocupado em 152-154
2025-12-18 09:34:41,472 - src.logic - DEBUG - Worker Tech_10 ocupado em 152-154
2025-12-18 09:34:41,472 - src.logic - DEBUG - Worker Tech_06 ocupado em 152-156
2025-12-18 09:34:41,472 - src.logic - DEBUG - Worker Tech_07 ocupado em 152-156
2025-12-18 09:34:41,472 - src.logic - DEBUG - Worker Tech_08 ocupado em 154-156
2025-12-18 09:34:41,472 - src.logic - DEBUG - Worker Tech_10 ocupado em 154-155
2025-12-18 09:34:41,472 - src.logic - DEBUG - Worker Tech_06 ocupado em 152-156
2025-12-18 09:34:41,472 - src.logic - DEBUG - Worker Tech_07 ocupado em 152-156
2025-12-18 09:34:41,472 - src.logic - DEBUG - Worker Tech_08 ocupado em 154-156
2025-12-18 09:34:41,472 - src.logic - DEBUG - Worker Tech_10 excederia limite diário: 8+1 > 8
2025-12-18 09:34:41,472 - src.logic - DEBUG - Worker Tech_06 excederia limite diário: 8+1 > 8
2025-12-18 09:34:41,473 - src.logic - DEBUG - Worker Tech_07 ocupado em 156-158
2025-12-18 09:34:41,473 - src.logic - DEBUG - Worker Tech_08 ocupado em 156-158
2025-12-18 09:34:41,473 - src.logic - DEBUG - Worker Tech_10 excederia limite diário: 8+1 > 8
2025-12-18 09:34:41,473 - src.logic - DEBUG - Worker Tech_06 ocupado em 157-159
2025-12-18 09:34:41,473 - src.logic - DEBUG - Worker Tech_07 ocupado em 156-158
2025-12-18 09:34:41,473 - src.logic - DEBUG - Worker Tech_08 ocupado em 156-158
2025-12-18 09:34:41,473 - src.logic - DEBUG - Worker Tech_10 ocupado em 157-160
2025-12-18 09:34:41,473 - src.logic - DEBUG - Worker Tech_06 ocupado em 157-159
2025-12-18 09:34:41,473 - src.logic - DEBUG - Worker Tech_07 excederia limite diário: 8+1 > 8
2025-12-18 09:34:41,474 - src.logic - DEBUG - Worker Tech_08 excederia limite diário: 8+1 > 8
2025-12-18 09:34:41,474 - src.logic - DEBUG - Worker Tech_10 ocupado em 157-160
2025-12-18 09:34:41,474 - src.logic - DEBUG - Worker Tech_06 excederia limite diário: 8+1 > 8
2025-12-18 09:34:41,474 - src.logic - DEBUG - Worker Tech_07 excederia limite diário: 8+1 > 8
2025-12-18 09:34:41,474 - src.logic - DEBUG - Worker Tech_08 excederia limite diário: 8+1 > 8
2025-12-18 09:34:41,474 - src.logic - DEBUG - Worker Tech_10 ocupado em 157-160
2025-12-18 09:34:41,474 - src.logic - DEBUG - Worker Tech_06 excederia limite diário: 8+1 > 8
2025-12-18 09:34:41,474 - src.logic - DEBUG - Worker Tech_07 excederia limite diário: 8+1 > 8
2025-12-18 09:34:41,474 - src.logic - DEBUG - Worker Tech_08 excederia limite diário: 8+1 > 8
2025-12-18 09:34:41,474 - src.logic - DEBUG - Worker Tech_10 excederia limite diário: 8+1 > 8
2025-12-18 09:34:41,474 - src.logic - DEBUG - Worker Tech_06 excederia limite diário: 8+1 > 8
2025-12-18 09:34:41,474 - src.logic - DEBUG - Worker Tech_07 excederia limite diário: 8+1 > 8
2025-12-18 09:34:41,474 - src.logic - DEBUG - Worker Tech_08 excederia limite diário: 8+1 > 8
2025-12-18 09:34:41,475 - src.logic - DEBUG - Worker Tech_10 excederia limite diário: 8+1 > 8
2025-12-18 09:34:41,475 - src.logic - DEBUG - Worker Tech_06 excederia limite diário: 8+1 > 8
2025-12-18 09:34:41,475 - src.logic - DEBUG - Worker Tech_07 excederia limite diário: 8+1 > 8
2025-12-18 09:34:41,475 - src.logic - DEBUG - Worker Tech_08 excederia limite diário: 8+1 > 8
2025-12-18 09:34:41,475 - src.logic - DEBUG - Worker Tech_10 excederia limite diário: 8+1 > 8
2025-12-18 09:34:41,475 - src.logic - DEBUG - Worker Tech_06 excederia limite diário: 8+1 > 8
2025-12-18 09:34:41,475 - src.logic - DEBUG - Worker Tech_07 excederia limite diário: 8+1 > 8
2025-12-18 09:34:41,475 - src.logic - DEBUG - Worker Tech_08 excederia limite diário: 8+1 > 8
2025-12-18 09:34:41,475 - src.logic - DEBUG - Worker Tech_10 excederia limite diário: 8+1 > 8
2025-12-18 09:34:41,475 - src.logic - DEBUG - Worker Tech_06 excederia limite diário: 8+1 > 8
2025-12-18 09:34:41,475 - src.logic - DEBUG - Worker Tech_07 excederia limite diário: 8+1 > 8
2025-12-18 09:34:41,475 - src.logic - DEBUG - Worker Tech_08 excederia limite diário: 8+1 > 8
2025-12-18 09:34:41,475 - src.logic - DEBUG - Worker Tech_10 excederia limite diário: 8+1 > 8
2025-12-18 09:34:41,476 - src.logic - DEBUG - Worker Tech_06 excederia limite diário: 8+1 > 8
2025-12-18 09:34:41,476 - src.logic - DEBUG - Worker Tech_07 excederia limite diário: 8+1 > 8
2025-12-18 09:34:41,476 - src.logic - DEBUG - Worker Tech_08 excederia limite diário: 8+1 > 8
2025-12-18 09:34:41,476 - src.logic - DEBUG - Worker Tech_10 excederia limite diário: 8+1 > 8
2025-12-18 09:34:41,476 - src.logic - DEBUG - Server DEV_WebPortal_01 ocupado em 18-19
2025-12-18 09:34:41,476 - src.logic - DEBUG - Worker Tech_05 ocupado em 42-44
2025-12-18 09:34:41,476 - src.logic - DEBUG - Worker Tech_07 ocupado em 42-44
2025-12-18 09:34:41,476 - src.logic - DEBUG - Server DEV_WebPortal_01 ocupado em 66-67
2025-12-18 09:34:41,477 - src.logic - DEBUG - Server DEV_WebPortal_01 ocupado em 90-91
2025-12-18 09:34:41,477 - src.logic - DEBUG - Worker Tech_05 ocupado em 114-116
2025-12-18 09:34:41,477 - src.logic - DEBUG - Worker Tech_07 ocupado em 114-116
2025-12-18 09:34:41,477 - src.logic - DEBUG - Worker Tech_01 ocupado em 128-131
2025-12-18 09:34:41,477 - src.logic - DEBUG - Worker Tech_04 ocupado em 128-131
2025-12-18 09:34:41,477 - src.logic - DEBUG - Worker Tech_05 ocupado em 128-131
2025-12-18 09:34:41,477 - src.logic - DEBUG - Worker Tech_06 ocupado em 128-131
2025-12-18 09:34:41,477 - src.logic - DEBUG - Worker Tech_07 ocupado em 128-131
2025-12-18 09:34:41,477 - src.logic - DEBUG - Worker Tech_08 ocupado em 128-131
2025-12-18 09:34:41,477 - src.logic - DEBUG - Worker Tech_09 ocupado em 128-131
2025-12-18 09:34:41,478 - src.logic - DEBUG - Worker Tech_10 ocupado em 128-131
2025-12-18 09:34:41,478 - src.logic - DEBUG - Worker Tech_01 ocupado em 128-131
2025-12-18 09:34:41,478 - src.logic - DEBUG - Worker Tech_04 ocupado em 128-131
2025-12-18 09:34:41,478 - src.logic - DEBUG - Worker Tech_05 ocupado em 128-131
2025-12-18 09:34:41,478 - src.logic - DEBUG - Worker Tech_06 ocupado em 128-131
2025-12-18 09:34:41,478 - src.logic - DEBUG - Worker Tech_07 ocupado em 128-131
2025-12-18 09:34:41,478 - src.logic - DEBUG - Worker Tech_08 ocupado em 128-131
2025-12-18 09:34:41,478 - src.logic - DEBUG - Worker Tech_09 ocupado em 128-131
2025-12-18 09:34:41,478 - src.logic - DEBUG - Worker Tech_10 ocupado em 128-131
2025-12-18 09:34:41,478 - src.logic - DEBUG - Worker Tech_01 ocupado em 128-131
2025-12-18 09:34:41,478 - src.logic - DEBUG - Worker Tech_03 ocupado em 130-133
2025-12-18 09:34:41,478 - src.logic - DEBUG - Worker Tech_04 ocupado em 128-131
2025-12-18 09:34:41,478 - src.logic - DEBUG - Worker Tech_05 ocupado em 128-131
2025-12-18 09:34:41,479 - src.logic - DEBUG - Worker Tech_06 ocupado em 128-131
2025-12-18 09:34:41,479 - src.logic - DEBUG - Worker Tech_07 ocupado em 128-131
2025-12-18 09:34:41,479 - src.logic - DEBUG - Worker Tech_08 ocupado em 128-131
2025-12-18 09:34:41,479 - src.logic - DEBUG - Worker Tech_09 ocupado em 128-131
2025-12-18 09:34:41,479 - src.logic - DEBUG - Worker Tech_10 ocupado em 128-131
2025-12-18 09:34:41,479 - src.logic - DEBUG - Worker Tech_01 ocupado em 131-134
2025-12-18 09:34:41,479 - src.logic - DEBUG - Worker Tech_03 ocupado em 130-133
2025-12-18 09:34:41,479 - src.logic - DEBUG - Worker Tech_04 excederia limite diário: 7+2 > 8
2025-12-18 09:34:41,479 - src.logic - DEBUG - Worker Tech_05 ocupado em 131-134
2025-12-18 09:34:41,480 - src.logic - DEBUG - Worker Tech_06 ocupado em 131-134
2025-12-18 09:34:41,480 - src.logic - DEBUG - Worker Tech_07 ocupado em 131-134
2025-12-18 09:34:41,480 - src.logic - DEBUG - Worker Tech_08 ocupado em 131-134
2025-12-18 09:34:41,480 - src.logic - DEBUG - Worker Tech_09 ocupado em 131-133
2025-12-18 09:34:41,480 - src.logic - DEBUG - Worker Tech_10 ocupado em 131-133
2025-12-18 09:34:41,480 - src.logic - DEBUG - Worker Tech_01 ocupado em 131-134
2025-12-18 09:34:41,480 - src.logic - DEBUG - Worker Tech_03 ocupado em 130-133
2025-12-18 09:34:41,480 - src.logic - DEBUG - Worker Tech_04 excederia limite diário: 7+2 > 8
2025-12-18 09:34:41,480 - src.logic - DEBUG - Worker Tech_05 ocupado em 131-134
2025-12-18 09:34:41,480 - src.logic - DEBUG - Worker Tech_06 ocupado em 131-134
2025-12-18 09:34:41,480 - src.logic - DEBUG - Worker Tech_07 ocupado em 131-134
2025-12-18 09:34:41,480 - src.logic - DEBUG - Worker Tech_08 ocupado em 131-134
2025-12-18 09:34:41,481 - src.logic - DEBUG - Worker Tech_09 ocupado em 131-133
2025-12-18 09:34:41,481 - src.logic - DEBUG - Worker Tech_10 ocupado em 131-133
2025-12-18 09:34:41,481 - src.logic - DEBUG - Worker Tech_01 ocupado em 131-134
2025-12-18 09:34:41,481 - src.logic - DEBUG - Worker Tech_04 excederia limite diário: 7+2 > 8
2025-12-18 09:34:41,481 - src.logic - DEBUG - Worker Tech_05 ocupado em 131-134
2025-12-18 09:34:41,481 - src.logic - DEBUG - Worker Tech_06 ocupado em 131-134
2025-12-18 09:34:41,481 - src.logic - DEBUG - Worker Tech_07 ocupado em 131-134
2025-12-18 09:34:41,481 - src.logic - DEBUG - Worker Tech_08 ocupado em 131-134
2025-12-18 09:34:41,481 - src.logic - DEBUG - Worker Tech_09 ocupado em 133-134
2025-12-18 09:34:41,481 - src.logic - DEBUG - Worker Tech_10 ocupado em 133-134
2025-12-18 09:34:41,482 - src.logic - DEBUG - Worker Tech_01 excederia limite diário: 8+2 > 8
2025-12-18 09:34:41,482 - src.logic - DEBUG - Worker Tech_04 ocupado em 135-139
2025-12-18 09:34:41,482 - src.logic - DEBUG - Worker Tech_05 excederia limite diário: 8+2 > 8
2025-12-18 09:34:41,482 - src.logic - DEBUG - Worker Tech_06 excederia limite diário: 8+2 > 8
2025-12-18 09:34:41,482 - src.logic - DEBUG - Worker Tech_07 excederia limite diário: 8+2 > 8
2025-12-18 09:34:41,482 - src.logic - DEBUG - Worker Tech_08 excederia limite diário: 8+2 > 8
2025-12-18 09:34:41,482 - src.logic - DEBUG - Worker Tech_09 excederia limite diário: 8+2 > 8
2025-12-18 09:34:41,482 - src.logic - DEBUG - Worker Tech_10 excederia limite diário: 8+2 > 8
2025-12-18 09:34:41,482 - src.logic - DEBUG - Worker Tech_01 excederia limite diário: 8+2 > 8
2025-12-18 09:34:41,482 - src.logic - DEBUG - Worker Tech_03 ocupado em 135-139
2025-12-18 09:34:41,482 - src.logic - DEBUG - Worker Tech_04 ocupado em 135-139
2025-12-18 09:34:41,482 - src.logic - DEBUG - Worker Tech_05 excederia limite diário: 8+2 > 8
2025-12-18 09:34:41,482 - src.logic - DEBUG - Worker Tech_06 excederia limite diário: 8+2 > 8
2025-12-18 09:34:41,482 - src.logic - DEBUG - Worker Tech_07 excederia limite diário: 8+2 > 8
2025-12-18 09:34:41,483 - src.logic - DEBUG - Worker Tech_08 excederia limite diário: 8+2 > 8
2025-12-18 09:34:41,483 - src.logic - DEBUG - Worker Tech_09 excederia limite diário: 8+2 > 8
2025-12-18 09:34:41,483 - src.logic - DEBUG - Worker Tech_10 excederia limite diário: 8+2 > 8
2025-12-18 09:34:41,483 - src.logic - DEBUG - Worker Tech_01 excederia limite diário: 8+2 > 8
2025-12-18 09:34:41,483 - src.logic - DEBUG - Worker Tech_03 ocupado em 135-139
2025-12-18 09:34:41,483 - src.logic - DEBUG - Worker Tech_04 ocupado em 135-139
2025-12-18 09:34:41,483 - src.logic - DEBUG - Worker Tech_05 excederia limite diário: 8+2 > 8
2025-12-18 09:34:41,483 - src.logic - DEBUG - Worker Tech_06 excederia limite diário: 8+2 > 8
2025-12-18 09:34:41,483 - src.logic - DEBUG - Worker Tech_07 excederia limite diário: 8+2 > 8
2025-12-18 09:34:41,483 - src.logic - DEBUG - Worker Tech_08 excederia limite diário: 8+2 > 8
2025-12-18 09:34:41,484 - src.logic - DEBUG - Worker Tech_09 excederia limite diário: 8+2 > 8
2025-12-18 09:34:41,484 - src.logic - DEBUG - Worker Tech_10 excederia limite diário: 8+2 > 8
2025-12-18 09:34:41,484 - src.logic - DEBUG - Worker Tech_01 excederia limite diário: 8+2 > 8
2025-12-18 09:34:41,484 - src.logic - DEBUG - Worker Tech_03 ocupado em 135-139
2025-12-18 09:34:41,484 - src.logic - DEBUG - Worker Tech_04 ocupado em 135-139
2025-12-18 09:34:41,484 - src.logic - DEBUG - Worker Tech_05 excederia limite diário: 8+2 > 8
2025-12-18 09:34:41,484 - src.logic - DEBUG - Worker Tech_06 excederia limite diário: 8+2 > 8
2025-12-18 09:34:41,484 - src.logic - DEBUG - Worker Tech_07 excederia limite diário: 8+2 > 8
2025-12-18 09:34:41,484 - src.logic - DEBUG - Worker Tech_08 excederia limite diário: 8+2 > 8
2025-12-18 09:34:41,484 - src.logic - DEBUG - Worker Tech_09 excederia limite diário: 8+2 > 8
2025-12-18 09:34:41,484 - src.logic - DEBUG - Worker Tech_10 excederia limite diário: 8+2 > 8
2025-12-18 09:34:41,485 - src.logic - DEBUG - Worker Tech_01 excederia limite diário: 8+2 > 8
2025-12-18 09:34:41,485 - src.logic - DEBUG - Worker Tech_04 ocupado em 135-139
2025-12-18 09:34:41,485 - src.logic - DEBUG - Worker Tech_05 excederia limite diário: 8+2 > 8
2025-12-18 09:34:41,485 - src.logic - DEBUG - Worker Tech_06 excederia limite diário: 8+2 > 8
2025-12-18 09:34:41,485 - src.logic - DEBUG - Worker Tech_07 excederia limite diário: 8+2 > 8
2025-12-18 09:34:41,485 - src.logic - DEBUG - Worker Tech_08 excederia limite diário: 8+2 > 8
2025-12-18 09:34:41,485 - src.logic - DEBUG - Worker Tech_09 excederia limite diário: 8+2 > 8
2025-12-18 09:34:41,485 - src.logic - DEBUG - Worker Tech_10 excederia limite diário: 8+2 > 8
2025-12-18 09:34:41,485 - src.logic - DEBUG - Worker Tech_01 excederia limite diário: 8+2 > 8
2025-12-18 09:34:41,485 - src.logic - DEBUG - Worker Tech_04 excederia limite diário: 7+2 > 8
2025-12-18 09:34:41,485 - src.logic - DEBUG - Worker Tech_05 excederia limite diário: 8+2 > 8
2025-12-18 09:34:41,485 - src.logic - DEBUG - Worker Tech_06 excederia limite diário: 8+2 > 8
2025-12-18 09:34:41,485 - src.logic - DEBUG - Worker Tech_07 excederia limite diário: 8+2 > 8
2025-12-18 09:34:41,485 - src.logic - DEBUG - Worker Tech_08 excederia limite diário: 8+2 > 8
2025-12-18 09:34:41,485 - src.logic - DEBUG - Worker Tech_09 excederia limite diário: 8+2 > 8
2025-12-18 09:34:41,485 - src.logic - DEBUG - Worker Tech_10 excederia limite diário: 8+2 > 8
2025-12-18 09:34:41,486 - src.logic - DEBUG - Worker Tech_01 excederia limite diário: 8+2 > 8
2025-12-18 09:34:41,486 - src.logic - DEBUG - Worker Tech_04 excederia limite diário: 7+2 > 8
2025-12-18 09:34:41,486 - src.logic - DEBUG - Worker Tech_05 excederia limite diário: 8+2 > 8
2025-12-18 09:34:41,486 - src.logic - DEBUG - Worker Tech_06 excederia limite diário: 8+2 > 8
2025-12-18 09:34:41,486 - src.logic - DEBUG - Worker Tech_07 excederia limite diário: 8+2 > 8
2025-12-18 09:34:41,486 - src.logic - DEBUG - Worker Tech_08 excederia limite diário: 8+2 > 8
2025-12-18 09:34:41,486 - src.logic - DEBUG - Worker Tech_09 excederia limite diário: 8+2 > 8
2025-12-18 09:34:41,486 - src.logic - DEBUG - Worker Tech_10 excederia limite diário: 8+2 > 8
2025-12-18 09:34:41,486 - src.logic - DEBUG - Worker Tech_01 excederia limite diário: 8+2 > 8
2025-12-18 09:34:41,486 - src.logic - DEBUG - Worker Tech_04 excederia limite diário: 7+2 > 8
2025-12-18 09:34:41,486 - src.logic - DEBUG - Worker Tech_05 excederia limite diário: 8+2 > 8
2025-12-18 09:34:41,486 - src.logic - DEBUG - Worker Tech_06 excederia limite diário: 8+2 > 8
2025-12-18 09:34:41,486 - src.logic - DEBUG - Worker Tech_07 excederia limite diário: 8+2 > 8
2025-12-18 09:34:41,486 - src.logic - DEBUG - Worker Tech_08 excederia limite diário: 8+2 > 8
2025-12-18 09:34:41,486 - src.logic - DEBUG - Worker Tech_09 excederia limite diário: 8+2 > 8
2025-12-18 09:34:41,486 - src.logic - DEBUG - Worker Tech_10 excederia limite diário: 8+2 > 8
2025-12-18 09:34:41,487 - src.logic - DEBUG - Worker Tech_04 ocupado em 152-154
2025-12-18 09:34:41,487 - src.logic - DEBUG - Worker Tech_06 ocupado em 152-156
2025-12-18 09:34:41,487 - src.logic - DEBUG - Worker Tech_07 ocupado em 152-156
2025-12-18 09:34:41,487 - src.logic - DEBUG - Worker Tech_08 ocupado em 152-154
2025-12-18 09:34:41,487 - src.logic - DEBUG - Worker Tech_10 ocupado em 152-154
2025-12-18 09:34:41,487 - src.logic - DEBUG - Worker Tech_04 ocupado em 152-154
2025-12-18 09:34:41,487 - src.logic - DEBUG - Worker Tech_06 ocupado em 152-156
2025-12-18 09:34:41,487 - src.logic - DEBUG - Worker Tech_07 ocupado em 152-156
2025-12-18 09:34:41,487 - src.logic - DEBUG - Worker Tech_08 ocupado em 152-154
2025-12-18 09:34:41,487 - src.logic - DEBUG - Worker Tech_10 ocupado em 152-154
2025-12-18 09:34:41,487 - src.logic - DEBUG - Worker Tech_03 ocupado em 154-157
2025-12-18 09:34:41,487 - src.logic - DEBUG - Worker Tech_04 ocupado em 154-157
2025-12-18 09:34:41,487 - src.logic - DEBUG - Worker Tech_06 ocupado em 152-156
2025-12-18 09:34:41,487 - src.logic - DEBUG - Worker Tech_07 ocupado em 152-156
2025-12-18 09:34:41,487 - src.logic - DEBUG - Worker Tech_08 ocupado em 154-156
2025-12-18 09:34:41,487 - src.logic - DEBUG - Worker Tech_10 ocupado em 154-155
2025-12-18 09:34:41,488 - src.logic - DEBUG - Worker Tech_03 ocupado em 154-157
2025-12-18 09:34:41,488 - src.logic - DEBUG - Worker Tech_04 ocupado em 154-157
2025-12-18 09:34:41,488 - src.logic - DEBUG - Worker Tech_06 ocupado em 152-156
2025-12-18 09:34:41,488 - src.logic - DEBUG - Worker Tech_07 ocupado em 152-156
2025-12-18 09:34:41,488 - src.logic - DEBUG - Worker Tech_08 ocupado em 154-156
2025-12-18 09:34:41,488 - src.logic - DEBUG - Worker Tech_10 excederia limite diário: 8+2 > 8
2025-12-18 09:34:41,488 - src.logic - DEBUG - Worker Tech_03 ocupado em 154-157
2025-12-18 09:34:41,488 - src.logic - DEBUG - Worker Tech_04 ocupado em 154-157
2025-12-18 09:34:41,488 - src.logic - DEBUG - Worker Tech_06 ocupado em 157-159
2025-12-18 09:34:41,488 - src.logic - DEBUG - Worker Tech_07 ocupado em 156-158
2025-12-18 09:34:41,488 - src.logic - DEBUG - Worker Tech_08 ocupado em 156-158
2025-12-18 09:34:41,488 - src.logic - DEBUG - Worker Tech_10 ocupado em 157-160
2025-12-18 09:34:41,488 - src.logic - DEBUG - Worker Tech_04 ocupado em 157-160
2025-12-18 09:34:41,488 - src.logic - DEBUG - Worker Tech_06 ocupado em 157-159
2025-12-18 09:34:41,488 - src.logic - DEBUG - Worker Tech_07 ocupado em 156-158
2025-12-18 09:34:41,489 - src.logic - DEBUG - Worker Tech_08 ocupado em 156-158
2025-12-18 09:34:41,489 - src.logic - DEBUG - Worker Tech_10 ocupado em 157-160
2025-12-18 09:34:41,489 - src.logic - DEBUG - Worker Tech_04 ocupado em 157-160
2025-12-18 09:34:41,489 - src.logic - DEBUG - Worker Tech_06 ocupado em 157-159
2025-12-18 09:34:41,489 - src.logic - DEBUG - Worker Tech_07 excederia limite diário: 8+2 > 8
2025-12-18 09:34:41,489 - src.logic - DEBUG - Worker Tech_08 excederia limite diário: 8+2 > 8
2025-12-18 09:34:41,489 - src.logic - DEBUG - Worker Tech_10 ocupado em 157-160
2025-12-18 09:34:41,489 - src.logic - DEBUG - Worker Tech_03 ocupado em 160-162
2025-12-18 09:34:41,489 - src.logic - DEBUG - Worker Tech_04 ocupado em 157-160
2025-12-18 09:34:41,489 - src.logic - DEBUG - Worker Tech_06 excederia limite diário: 8+2 > 8
2025-12-18 09:34:41,489 - src.logic - DEBUG - Worker Tech_07 excederia limite diário: 8+2 > 8
2025-12-18 09:34:41,489 - src.logic - DEBUG - Worker Tech_08 excederia limite diário: 8+2 > 8
2025-12-18 09:34:41,489 - src.logic - DEBUG - Worker Tech_10 ocupado em 157-160
2025-12-18 09:34:41,490 - src.logic - DEBUG - Worker Tech_03 ocupado em 160-162
2025-12-18 09:34:41,490 - src.logic - DEBUG - Worker Tech_04 excederia limite diário: 8+2 > 8
2025-12-18 09:34:41,490 - src.logic - DEBUG - Worker Tech_06 excederia limite diário: 8+2 > 8
2025-12-18 09:34:41,490 - src.logic - DEBUG - Worker Tech_07 excederia limite diário: 8+2 > 8
2025-12-18 09:34:41,490 - src.logic - DEBUG - Worker Tech_08 excederia limite diário: 8+2 > 8
2025-12-18 09:34:41,490 - src.logic - DEBUG - Worker Tech_10 excederia limite diário: 8+2 > 8
2025-12-18 09:34:41,490 - src.logic - DEBUG - Worker Tech_03 ocupado em 160-162
2025-12-18 09:34:41,490 - src.logic - DEBUG - Worker Tech_04 excederia limite diário: 8+2 > 8
2025-12-18 09:34:41,490 - src.logic - DEBUG - Worker Tech_06 excederia limite diário: 8+2 > 8
2025-12-18 09:34:41,490 - src.logic - DEBUG - Worker Tech_07 excederia limite diário: 8+2 > 8
2025-12-18 09:34:41,490 - src.logic - DEBUG - Worker Tech_08 excederia limite diário: 8+2 > 8
2025-12-18 09:34:41,490 - src.logic - DEBUG - Worker Tech_10 excederia limite diário: 8+2 > 8
2025-12-18 09:34:41,490 - src.logic - DEBUG - Worker Tech_04 excederia limite diário: 8+2 > 8
2025-12-18 09:34:41,490 - src.logic - DEBUG - Worker Tech_06 excederia limite diário: 8+2 > 8
2025-12-18 09:34:41,491 - src.logic - DEBUG - Worker Tech_07 excederia limite diário: 8+2 > 8
2025-12-18 09:34:41,491 - src.logic - DEBUG - Worker Tech_08 excederia limite diário: 8+2 > 8
2025-12-18 09:34:41,491 - src.logic - DEBUG - Worker Tech_10 excederia limite diário: 8+2 > 8
2025-12-18 09:34:41,491 - src.logic - DEBUG - Worker Tech_04 excederia limite diário: 8+2 > 8
2025-12-18 09:34:41,491 - src.logic - DEBUG - Worker Tech_06 excederia limite diário: 8+2 > 8
2025-12-18 09:34:41,491 - src.logic - DEBUG - Worker Tech_07 excederia limite diário: 8+2 > 8
2025-12-18 09:34:41,491 - src.logic - DEBUG - Worker Tech_08 excederia limite diário: 8+2 > 8
2025-12-18 09:34:41,491 - src.logic - DEBUG - Worker Tech_10 excederia limite diário: 8+2 > 8
2025-12-18 09:34:41,491 - src.logic - DEBUG - Worker Tech_04 excederia limite diário: 8+2 > 8
2025-12-18 09:34:41,491 - src.logic - DEBUG - Worker Tech_06 excederia limite diário: 8+2 > 8
2025-12-18 09:34:41,491 - src.logic - DEBUG - Worker Tech_07 excederia limite diário: 8+2 > 8
2025-12-18 09:34:41,491 - src.logic - DEBUG - Worker Tech_08 excederia limite diário: 8+2 > 8
2025-12-18 09:34:41,491 - src.logic - DEBUG - Worker Tech_10 excederia limite diário: 8+2 > 8
2025-12-18 09:34:41,492 - src.logic - DEBUG - Worker Tech_04 excederia limite diário: 8+2 > 8
2025-12-18 09:34:41,492 - src.logic - DEBUG - Worker Tech_06 excederia limite diário: 8+2 > 8
2025-12-18 09:34:41,492 - src.logic - DEBUG - Worker Tech_07 excederia limite diário: 8+2 > 8
2025-12-18 09:34:41,492 - src.logic - DEBUG - Worker Tech_08 excederia limite diário: 8+2 > 8
2025-12-18 09:34:41,492 - src.logic - DEBUG - Worker Tech_10 excederia limite diário: 8+2 > 8
2025-12-18 09:34:41,492 - src.logic - DEBUG - Server TEST_WebPortal_01 ocupado em 127-128
2025-12-18 09:34:41,492 - src.logic - DEBUG - Server TEST_WebPortal_01 ocupado em 127-128
2025-12-18 09:34:41,492 - src.logic - DEBUG - Worker Tech_01 ocupado em 128-131
2025-12-18 09:34:41,492 - src.logic - DEBUG - Worker Tech_05 ocupado em 128-131
2025-12-18 09:34:41,492 - src.logic - DEBUG - Worker Tech_06 ocupado em 128-131
2025-12-18 09:34:41,492 - src.logic - DEBUG - Worker Tech_07 ocupado em 128-131
2025-12-18 09:34:41,492 - src.logic - DEBUG - Worker Tech_08 ocupado em 128-131
2025-12-18 09:34:41,492 - src.logic - DEBUG - Worker Tech_09 ocupado em 128-131
2025-12-18 09:34:41,493 - src.logic - DEBUG - Worker Tech_10 ocupado em 128-131
2025-12-18 09:34:41,493 - src.logic - DEBUG - Worker Tech_01 ocupado em 128-131
2025-12-18 09:34:41,493 - src.logic - DEBUG - Worker Tech_05 ocupado em 128-131
2025-12-18 09:34:41,493 - src.logic - DEBUG - Worker Tech_06 ocupado em 128-131
2025-12-18 09:34:41,493 - src.logic - DEBUG - Worker Tech_07 ocupado em 128-131
2025-12-18 09:34:41,493 - src.logic - DEBUG - Worker Tech_08 ocupado em 128-131
2025-12-18 09:34:41,493 - src.logic - DEBUG - Worker Tech_09 ocupado em 128-131
2025-12-18 09:34:41,493 - src.logic - DEBUG - Worker Tech_10 ocupado em 128-131
2025-12-18 09:34:41,493 - src.logic - DEBUG - Worker Tech_01 ocupado em 128-131
2025-12-18 09:34:41,493 - src.logic - DEBUG - Worker Tech_05 ocupado em 128-131
2025-12-18 09:34:41,493 - src.logic - DEBUG - Worker Tech_06 ocupado em 128-131
2025-12-18 09:34:41,493 - src.logic - DEBUG - Worker Tech_07 ocupado em 128-131
2025-12-18 09:34:41,493 - src.logic - DEBUG - Worker Tech_08 ocupado em 128-131
2025-12-18 09:34:41,493 - src.logic - DEBUG - Worker Tech_09 ocupado em 128-131
2025-12-18 09:34:41,493 - src.logic - DEBUG - Worker Tech_10 ocupado em 128-131
2025-12-18 09:34:41,493 - src.logic - DEBUG - Worker Tech_01 ocupado em 131-134
2025-12-18 09:34:41,493 - src.logic - DEBUG - Worker Tech_05 ocupado em 131-134
2025-12-18 09:34:41,493 - src.logic - DEBUG - Worker Tech_06 ocupado em 131-134
2025-12-18 09:34:41,494 - src.logic - DEBUG - Worker Tech_07 ocupado em 131-134
2025-12-18 09:34:41,494 - src.logic - DEBUG - Worker Tech_08 ocupado em 131-134
2025-12-18 09:34:41,494 - src.logic - DEBUG - Worker Tech_09 ocupado em 131-133
2025-12-18 09:34:41,494 - src.logic - DEBUG - Worker Tech_10 ocupado em 131-133
2025-12-18 09:34:41,494 - src.logic - DEBUG - Worker Tech_01 ocupado em 131-134
2025-12-18 09:34:41,494 - src.logic - DEBUG - Worker Tech_05 ocupado em 131-134
2025-12-18 09:34:41,494 - src.logic - DEBUG - Worker Tech_06 ocupado em 131-134
2025-12-18 09:34:41,494 - src.logic - DEBUG - Worker Tech_07 ocupado em 131-134
2025-12-18 09:34:41,494 - src.logic - DEBUG - Worker Tech_08 ocupado em 131-134
2025-12-18 09:34:41,494 - src.logic - DEBUG - Worker Tech_09 ocupado em 131-133
2025-12-18 09:34:41,494 - src.logic - DEBUG - Worker Tech_10 ocupado em 131-133
2025-12-18 09:34:41,494 - src.logic - DEBUG - Worker Tech_01 ocupado em 131-134
2025-12-18 09:34:41,494 - src.logic - DEBUG - Worker Tech_05 ocupado em 131-134
2025-12-18 09:34:41,495 - src.logic - DEBUG - Worker Tech_06 ocupado em 131-134
2025-12-18 09:34:41,495 - src.logic - DEBUG - Worker Tech_07 ocupado em 131-134
2025-12-18 09:34:41,495 - src.logic - DEBUG - Worker Tech_08 ocupado em 131-134
2025-12-18 09:34:41,495 - src.logic - DEBUG - Worker Tech_09 ocupado em 133-134
2025-12-18 09:34:41,495 - src.logic - DEBUG - Worker Tech_10 ocupado em 133-134
2025-12-18 09:34:41,495 - src.logic - DEBUG - Worker Tech_01 excederia limite diário: 8+2 > 8
2025-12-18 09:34:41,495 - src.logic - DEBUG - Worker Tech_05 excederia limite diário: 8+2 > 8
2025-12-18 09:34:41,495 - src.logic - DEBUG - Worker Tech_06 excederia limite diário: 8+2 > 8
2025-12-18 09:34:41,495 - src.logic - DEBUG - Worker Tech_07 excederia limite diário: 8+2 > 8
2025-12-18 09:34:41,495 - src.logic - DEBUG - Worker Tech_08 excederia limite diário: 8+2 > 8
2025-12-18 09:34:41,495 - src.logic - DEBUG - Worker Tech_09 excederia limite diário: 8+2 > 8
2025-12-18 09:34:41,495 - src.logic - DEBUG - Worker Tech_10 excederia limite diário: 8+2 > 8
2025-12-18 09:34:41,495 - src.logic - DEBUG - Worker Tech_01 excederia limite diário: 8+2 > 8
2025-12-18 09:34:41,495 - src.logic - DEBUG - Worker Tech_05 excederia limite diário: 8+2 > 8
2025-12-18 09:34:41,495 - src.logic - DEBUG - Worker Tech_06 excederia limite diário: 8+2 > 8
2025-12-18 09:34:41,495 - src.logic - DEBUG - Worker Tech_07 excederia limite diário: 8+2 > 8
2025-12-18 09:34:41,495 - src.logic - DEBUG - Worker Tech_08 excederia limite diário: 8+2 > 8
2025-12-18 09:34:41,496 - src.logic - DEBUG - Worker Tech_09 excederia limite diário: 8+2 > 8
2025-12-18 09:34:41,496 - src.logic - DEBUG - Worker Tech_10 excederia limite diário: 8+2 > 8
2025-12-18 09:34:41,496 - src.logic - DEBUG - Worker Tech_01 excederia limite diário: 8+2 > 8
2025-12-18 09:34:41,496 - src.logic - DEBUG - Worker Tech_05 excederia limite diário: 8+2 > 8
2025-12-18 09:34:41,496 - src.logic - DEBUG - Worker Tech_06 excederia limite diário: 8+2 > 8
2025-12-18 09:34:41,496 - src.logic - DEBUG - Worker Tech_07 excederia limite diário: 8+2 > 8
2025-12-18 09:34:41,496 - src.logic - DEBUG - Worker Tech_08 excederia limite diário: 8+2 > 8
2025-12-18 09:34:41,496 - src.logic - DEBUG - Worker Tech_09 excederia limite diário: 8+2 > 8
2025-12-18 09:34:41,496 - src.logic - DEBUG - Worker Tech_10 excederia limite diário: 8+2 > 8
2025-12-18 09:34:41,496 - src.logic - DEBUG - Worker Tech_01 excederia limite diário: 8+2 > 8
2025-12-18 09:34:41,496 - src.logic - DEBUG - Worker Tech_05 excederia limite diário: 8+2 > 8
2025-12-18 09:34:41,496 - src.logic - DEBUG - Worker Tech_06 excederia limite diário: 8+2 > 8
2025-12-18 09:34:41,496 - src.logic - DEBUG - Worker Tech_07 excederia limite diário: 8+2 > 8
2025-12-18 09:34:41,496 - src.logic - DEBUG - Worker Tech_08 excederia limite diário: 8+2 > 8
2025-12-18 09:34:41,496 - src.logic - DEBUG - Worker Tech_09 excederia limite diário: 8+2 > 8
2025-12-18 09:34:41,496 - src.logic - DEBUG - Worker Tech_10 excederia limite diário: 8+2 > 8
2025-12-18 09:34:41,497 - src.logic - DEBUG - Worker Tech_01 excederia limite diário: 8+2 > 8
2025-12-18 09:34:41,497 - src.logic - DEBUG - Worker Tech_05 excederia limite diário: 8+2 > 8
2025-12-18 09:34:41,497 - src.logic - DEBUG - Worker Tech_06 excederia limite diário: 8+2 > 8
2025-12-18 09:34:41,497 - src.logic - DEBUG - Worker Tech_07 excederia limite diário: 8+2 > 8
2025-12-18 09:34:41,497 - src.logic - DEBUG - Worker Tech_08 excederia limite diário: 8+2 > 8
2025-12-18 09:34:41,497 - src.logic - DEBUG - Worker Tech_09 excederia limite diário: 8+2 > 8
2025-12-18 09:34:41,497 - src.logic - DEBUG - Worker Tech_10 excederia limite diário: 8+2 > 8
2025-12-18 09:34:41,498 - src.logic - DEBUG - Worker Tech_01 excederia limite diário: 8+2 > 8
2025-12-18 09:34:41,498 - src.logic - DEBUG - Worker Tech_05 excederia limite diário: 8+2 > 8
2025-12-18 09:34:41,498 - src.logic - DEBUG - Worker Tech_06 excederia limite diário: 8+2 > 8
2025-12-18 09:34:41,498 - src.logic - DEBUG - Worker Tech_07 excederia limite diário: 8+2 > 8
2025-12-18 09:34:41,498 - src.logic - DEBUG - Worker Tech_08 excederia limite diário: 8+2 > 8
2025-12-18 09:34:41,498 - src.logic - DEBUG - Worker Tech_09 excederia limite diário: 8+2 > 8
2025-12-18 09:34:41,498 - src.logic - DEBUG - Worker Tech_10 excederia limite diário: 8+2 > 8
2025-12-18 09:34:41,498 - src.logic - DEBUG - Server TEST_WebPortal_01 ocupado em 151-152
2025-12-18 09:34:41,498 - src.logic - DEBUG - Server TEST_WebPortal_01 ocupado em 151-152
2025-12-18 09:34:41,498 - src.logic - DEBUG - Worker Tech_06 ocupado em 152-156
2025-12-18 09:34:41,498 - src.logic - DEBUG - Worker Tech_07 ocupado em 152-156
2025-12-18 09:34:41,498 - src.logic - DEBUG - Worker Tech_08 ocupado em 152-154
2025-12-18 09:34:41,498 - src.logic - DEBUG - Worker Tech_10 ocupado em 152-154
2025-12-18 09:34:41,499 - src.logic - DEBUG - Worker Tech_06 ocupado em 152-156
2025-12-18 09:34:41,499 - src.logic - DEBUG - Worker Tech_07 ocupado em 152-156
2025-12-18 09:34:41,499 - src.logic - DEBUG - Worker Tech_08 ocupado em 152-154
2025-12-18 09:34:41,499 - src.logic - DEBUG - Worker Tech_10 ocupado em 152-154
2025-12-18 09:34:41,499 - src.logic - DEBUG - Worker Tech_06 ocupado em 152-156
2025-12-18 09:34:41,499 - src.logic - DEBUG - Worker Tech_07 ocupado em 152-156
2025-12-18 09:34:41,500 - src.logic - DEBUG - Worker Tech_08 ocupado em 154-156
2025-12-18 09:34:41,500 - src.logic - DEBUG - Worker Tech_10 ocupado em 154-155
2025-12-18 09:34:41,500 - src.logic - DEBUG - Worker Tech_06 ocupado em 152-156
2025-12-18 09:34:41,500 - src.logic - DEBUG - Worker Tech_07 ocupado em 152-156
2025-12-18 09:34:41,500 - src.logic - DEBUG - Worker Tech_08 ocupado em 154-156
2025-12-18 09:34:41,500 - src.logic - DEBUG - Worker Tech_10 excederia limite diário: 8+2 > 8
2025-12-18 09:34:41,500 - src.logic - DEBUG - Worker Tech_06 ocupado em 157-159
2025-12-18 09:34:41,500 - src.logic - DEBUG - Worker Tech_07 ocupado em 156-158
2025-12-18 09:34:41,500 - src.logic - DEBUG - Worker Tech_08 ocupado em 156-158
2025-12-18 09:34:41,500 - src.logic - DEBUG - Worker Tech_10 ocupado em 157-160
2025-12-18 09:34:41,500 - src.logic - DEBUG - Worker Tech_06 ocupado em 157-159
2025-12-18 09:34:41,500 - src.logic - DEBUG - Worker Tech_07 ocupado em 156-158
2025-12-18 09:34:41,500 - src.logic - DEBUG - Worker Tech_08 ocupado em 156-158
2025-12-18 09:34:41,501 - src.logic - DEBUG - Worker Tech_10 ocupado em 157-160
2025-12-18 09:34:41,501 - src.logic - DEBUG - Worker Tech_06 ocupado em 157-159
2025-12-18 09:34:41,501 - src.logic - DEBUG - Worker Tech_07 excederia limite diário: 8+2 > 8
2025-12-18 09:34:41,501 - src.logic - DEBUG - Worker Tech_08 excederia limite diário: 8+2 > 8
2025-12-18 09:34:41,501 - src.logic - DEBUG - Worker Tech_10 ocupado em 157-160
2025-12-18 09:34:41,501 - src.logic - DEBUG - Worker Tech_06 excederia limite diário: 8+2 > 8
2025-12-18 09:34:41,501 - src.logic - DEBUG - Worker Tech_07 excederia limite diário: 8+2 > 8
2025-12-18 09:34:41,501 - src.logic - DEBUG - Worker Tech_08 excederia limite diário: 8+2 > 8
2025-12-18 09:34:41,501 - src.logic - DEBUG - Worker Tech_10 ocupado em 157-160
2025-12-18 09:34:41,501 - src.logic - DEBUG - Worker Tech_06 excederia limite diário: 8+2 > 8
2025-12-18 09:34:41,501 - src.logic - DEBUG - Worker Tech_07 excederia limite diário: 8+2 > 8
2025-12-18 09:34:41,501 - src.logic - DEBUG - Worker Tech_08 excederia limite diário: 8+2 > 8
2025-12-18 09:34:41,501 - src.logic - DEBUG - Worker Tech_10 excederia limite diário: 8+2 > 8
2025-12-18 09:34:41,502 - src.logic - DEBUG - Worker Tech_06 excederia limite diário: 8+2 > 8
2025-12-18 09:34:41,502 - src.logic - DEBUG - Worker Tech_07 excederia limite diário: 8+2 > 8
2025-12-18 09:34:41,502 - src.logic - DEBUG - Worker Tech_08 excederia limite diário: 8+2 > 8
2025-12-18 09:34:41,502 - src.logic - DEBUG - Worker Tech_10 excederia limite diário: 8+2 > 8
2025-12-18 09:34:41,502 - src.logic - DEBUG - Worker Tech_06 excederia limite diário: 8+2 > 8
2025-12-18 09:34:41,502 - src.logic - DEBUG - Worker Tech_07 excederia limite diário: 8+2 > 8
2025-12-18 09:34:41,502 - src.logic - DEBUG - Worker Tech_08 excederia limite diário: 8+2 > 8
2025-12-18 09:34:41,502 - src.logic - DEBUG - Worker Tech_10 excederia limite diário: 8+2 > 8
2025-12-18 09:34:41,502 - src.logic - DEBUG - Worker Tech_06 excederia limite diário: 8+2 > 8
2025-12-18 09:34:41,502 - src.logic - DEBUG - Worker Tech_07 excederia limite diário: 8+2 > 8
2025-12-18 09:34:41,502 - src.logic - DEBUG - Worker Tech_08 excederia limite diário: 8+2 > 8
2025-12-18 09:34:41,502 - src.logic - DEBUG - Worker Tech_10 excederia limite diário: 8+2 > 8
2025-12-18 09:34:41,502 - __main__ - INFO - Agendamento concluído: ScheduleMetrics(total=76, scheduled=58, success_rate=76.3%)
2025-12-18 09:47:28,624 - __main__ - INFO - === PLNTDIA - Início da Execução ===
2025-12-18 09:47:28,624 - __main__ - INFO - Período de planeamento: 2025-12-18 a 2025-12-24 (1 semana)
2025-12-18 09:47:28,629 - src.availability - INFO - Carregadas 8 ausências de csv/team_vacations.csv
2025-12-18 09:47:28,630 - src.availability - INFO - Carregados 14 feriados de csv/holidays.csv
2025-12-18 09:47:28,630 - __main__ - INFO - Carregadas 8 ausências de csv/team_vacations.csv
2025-12-18 09:47:28,630 - __main__ - INFO - Carregados 14 feriados de csv/holidays.csv
2025-12-18 09:47:28,631 - __main__ - INFO - A carregar dados dos ficheiros CSV...
2025-12-18 09:47:28,631 - src.repository - INFO - Carregados 60 servidores de /Users/aricardoferraz/Documents/Challenge-2/Challenge2/PLNTDIA/csv/servers.csv
2025-12-18 09:47:28,635 - src.repository - INFO - Carregadas janelas de manutenção de /Users/aricardoferraz/Documents/Challenge-2/Challenge2/PLNTDIA/csv/server_windows.csv
2025-12-18 09:47:28,637 - src.repository - INFO - Carregado software de /Users/aricardoferraz/Documents/Challenge-2/Challenge2/PLNTDIA/csv/server_applications.csv
2025-12-18 09:47:28,637 - src.repository - INFO - Carregados 10 técnicos de /Users/aricardoferraz/Documents/Challenge-2/Challenge2/PLNTDIA/csv/team.csv
2025-12-18 09:47:28,637 - __main__ - INFO - Carregados: 60 servidores, 10 técnicos
2025-12-18 09:47:28,637 - __main__ - INFO - A gerar 5 CVEs sintéticos para a infraestrutura...
2025-12-18 09:47:28,638 - src.repository - INFO - Geradas 5 CVEs para a infraestrutura
2025-12-18 09:47:28,638 - __main__ - INFO - Worker Tech_01 tem 3 dias de ausência no período
2025-12-18 09:47:28,638 - __main__ - INFO - Worker Tech_02 tem 5 dias de ausência no período
2025-12-18 09:47:28,638 - __main__ - INFO - Worker Tech_05 tem 2 dias de ausência no período
2025-12-18 09:47:28,638 - __main__ - INFO - Worker Tech_08 tem 3 dias de ausência no período
2025-12-18 09:47:28,638 - __main__ - INFO - Worker Tech_09 tem 8 dias de ausência no período
2025-12-18 09:47:28,638 - __main__ - INFO - Workers com ausências no período: Tech_02, Tech_01, Tech_08, Tech_09, Tech_05
2025-12-18 09:47:28,638 - __main__ - INFO - A calcular prioridades e verificar RTO...
2025-12-18 09:47:28,639 - __main__ - INFO - Tarefas válidas: 24, Descartadas (RTO): 0
2025-12-18 09:47:28,639 - __main__ - INFO - A executar agendamento...
2025-12-18 09:47:28,639 - __main__ - INFO - Horizonte de planeamento: 7 dias (1 semanas)
2025-12-18 09:47:28,639 - src.planner - INFO - Horizonte de planeamento: 1 semanas (168 horas)
2025-12-18 09:47:28,643 - __main__ - INFO - Agendamento concluído: ScheduleMetrics(total=24, scheduled=24, success_rate=100.0%)
2025-12-18 09:47:35,582 - __main__ - INFO - === PLNTDIA - Início da Execução ===
2025-12-18 09:47:35,585 - __main__ - INFO - Período de planeamento: 2026-01-01 a 2026-01-07 (7 dias)
2025-12-18 09:47:35,586 - src.availability - INFO - Carregadas 8 ausências de csv/team_vacations.csv
2025-12-18 09:47:35,587 - src.availability - INFO - Carregados 14 feriados de csv/holidays.csv
2025-12-18 09:47:35,587 - __main__ - INFO - Carregadas 8 ausências de csv/team_vacations.csv
2025-12-18 09:47:35,587 - __main__ - INFO - Carregados 14 feriados de csv/holidays.csv
2025-12-18 09:47:35,587 - __main__ - INFO - A carregar dados dos ficheiros CSV...
2025-12-18 09:47:35,589 - src.repository - INFO - Carregados 60 servidores de /Users/aricardoferraz/Documents/Challenge-2/Challenge2/PLNTDIA/csv/servers.csv
2025-12-18 09:47:35,594 - src.repository - INFO - Carregadas janelas de manutenção de /Users/aricardoferraz/Documents/Challenge-2/Challenge2/PLNTDIA/csv/server_windows.csv
2025-12-18 09:47:35,595 - src.repository - INFO - Carregado software de /Users/aricardoferraz/Documents/Challenge-2/Challenge2/PLNTDIA/csv/server_applications.csv
2025-12-18 09:47:35,596 - src.repository - INFO - Carregados 10 técnicos de /Users/aricardoferraz/Documents/Challenge-2/Challenge2/PLNTDIA/csv/team.csv
2025-12-18 09:47:35,596 - __main__ - INFO - Carregados: 60 servidores, 10 técnicos
2025-12-18 09:47:35,596 - __main__ - INFO - A gerar 5 CVEs sintéticos para a infraestrutura...
2025-12-18 09:47:35,596 - src.repository - INFO - Geradas 5 CVEs para a infraestrutura
2025-12-18 09:47:35,596 - __main__ - INFO - Worker Tech_01 tem 2 dias de ausência no período
2025-12-18 09:47:35,597 - __main__ - INFO - Worker Tech_03 tem 5 dias de ausência no período
2025-12-18 09:47:35,597 - __main__ - INFO - Worker Tech_06 tem 3 dias de ausência no período
2025-12-18 09:47:35,597 - __main__ - INFO - Workers com ausências no período: Tech_01, Tech_03, Tech_06
2025-12-18 09:47:35,597 - __main__ - INFO - A calcular prioridades e verificar RTO...
2025-12-18 09:47:35,597 - __main__ - INFO - Tarefas válidas: 39, Descartadas (RTO): 0
2025-12-18 09:47:35,597 - __main__ - INFO - A executar agendamento...
2025-12-18 09:47:35,597 - __main__ - INFO - Horizonte de planeamento: 7 dias (1 semanas)
2025-12-18 09:47:35,597 - src.planner - INFO - Horizonte de planeamento: 1 semanas (168 horas)
2025-12-18 09:47:35,608 - __main__ - INFO - Agendamento concluído: ScheduleMetrics(total=39, scheduled=39, success_rate=100.0%)
2025-12-18 09:48:20,041 - __main__ - INFO - === PLNTDIA - Início da Execução ===
2025-12-18 09:48:20,049 - __main__ - INFO - Período de planeamento: 2026-01-01 a 2026-01-07 (7 dias)
2025-12-18 09:48:20,051 - src.availability - INFO - Carregadas 8 ausências de csv/team_vacations.csv
2025-12-18 09:48:20,053 - src.availability - INFO - Carregados 14 feriados de csv/holidays.csv
2025-12-18 09:48:20,053 - __main__ - INFO - Carregadas 8 ausências de csv/team_vacations.csv
2025-12-18 09:48:20,053 - __main__ - INFO - Carregados 14 feriados de csv/holidays.csv
2025-12-18 09:48:20,053 - __main__ - INFO - A carregar dados dos ficheiros CSV...
2025-12-18 09:48:20,054 - src.repository - INFO - Carregados 60 servidores de /Users/aricardoferraz/Documents/Challenge-2/Challenge2/PLNTDIA/csv/servers.csv
2025-12-18 09:48:20,066 - src.repository - INFO - Carregadas janelas de manutenção de /Users/aricardoferraz/Documents/Challenge-2/Challenge2/PLNTDIA/csv/server_windows.csv
2025-12-18 09:48:20,067 - src.repository - INFO - Carregado software de /Users/aricardoferraz/Documents/Challenge-2/Challenge2/PLNTDIA/csv/server_applications.csv
2025-12-18 09:48:20,068 - src.repository - INFO - Carregados 10 técnicos de /Users/aricardoferraz/Documents/Challenge-2/Challenge2/PLNTDIA/csv/team.csv
2025-12-18 09:48:20,068 - __main__ - INFO - Carregados: 60 servidores, 10 técnicos
2025-12-18 09:48:20,068 - __main__ - INFO - A gerar 5 CVEs sintéticos para a infraestrutura...
2025-12-18 09:48:20,068 - src.repository - INFO - Geradas 5 CVEs para a infraestrutura
2025-12-18 09:48:20,068 - __main__ - INFO - Worker Tech_01 tem 2 dias de ausência no período
2025-12-18 09:48:20,068 - __main__ - INFO - Worker Tech_03 tem 5 dias de ausência no período
2025-12-18 09:48:20,068 - __main__ - INFO - Worker Tech_06 tem 3 dias de ausência no período
2025-12-18 09:48:20,069 - __main__ - INFO - Workers com ausências no período: Tech_01, Tech_03, Tech_06
2025-12-18 09:48:20,069 - __main__ - INFO - A calcular prioridades e verificar RTO...
2025-12-18 09:48:20,069 - __main__ - INFO - Tarefas válidas: 21, Descartadas (RTO): 0
2025-12-18 09:48:20,069 - __main__ - INFO - A executar agendamento...
2025-12-18 09:48:20,069 - __main__ - INFO - Horizonte de planeamento: 7 dias (1 semanas)
2025-12-18 09:48:20,069 - src.planner - INFO - Horizonte de planeamento: 1 semanas (168 horas)
2025-12-18 09:48:20,074 - __main__ - INFO - Agendamento concluído: ScheduleMetrics(total=21, scheduled=21, success_rate=100.0%)
2025-12-18 09:48:28,385 - __main__ - INFO - === PLNTDIA - Início da Execução ===
2025-12-18 09:48:28,389 - __main__ - INFO - Período de planeamento: 2026-12-20 a 2027-01-02 (14 dias)
2025-12-18 09:48:28,390 - src.availability - INFO - Carregadas 8 ausências de csv/team_vacations.csv
2025-12-18 09:48:28,391 - src.availability - INFO - Carregados 14 feriados de csv/holidays.csv
2025-12-18 09:48:28,391 - __main__ - INFO - Carregadas 8 ausências de csv/team_vacations.csv
2025-12-18 09:48:28,392 - __main__ - INFO - Carregados 14 feriados de csv/holidays.csv
2025-12-18 09:48:28,392 - __main__ - INFO - A carregar dados dos ficheiros CSV...
2025-12-18 09:48:28,393 - src.repository - INFO - Carregados 60 servidores de /Users/aricardoferraz/Documents/Challenge-2/Challenge2/PLNTDIA/csv/servers.csv
2025-12-18 09:48:28,398 - src.repository - INFO - Carregadas janelas de manutenção de /Users/aricardoferraz/Documents/Challenge-2/Challenge2/PLNTDIA/csv/server_windows.csv
2025-12-18 09:48:28,400 - src.repository - INFO - Carregado software de /Users/aricardoferraz/Documents/Challenge-2/Challenge2/PLNTDIA/csv/server_applications.csv
2025-12-18 09:48:28,401 - src.repository - INFO - Carregados 10 técnicos de /Users/aricardoferraz/Documents/Challenge-2/Challenge2/PLNTDIA/csv/team.csv
2025-12-18 09:48:28,401 - __main__ - INFO - Carregados: 60 servidores, 10 técnicos
2025-12-18 09:48:28,401 - __main__ - INFO - A gerar 5 CVEs sintéticos para a infraestrutura...
2025-12-18 09:48:28,402 - src.repository - INFO - Geradas 5 CVEs para a infraestrutura
2025-12-18 09:48:28,402 - __main__ - INFO - A calcular prioridades e verificar RTO...
2025-12-18 09:48:28,403 - __main__ - INFO - Tarefas válidas: 39, Descartadas (RTO): 0
2025-12-18 09:48:28,404 - __main__ - INFO - A executar agendamento...
2025-12-18 09:48:28,404 - __main__ - INFO - Horizonte de planeamento: 14 dias (2 semanas)
2025-12-18 09:48:28,404 - src.planner - INFO - Horizonte de planeamento: 2 semanas (336 horas)
2025-12-18 09:48:28,417 - __main__ - INFO - Agendamento concluído: ScheduleMetrics(total=39, scheduled=39, success_rate=100.0%)
2025-12-18 09:51:12,733 - __main__ - INFO - === PLNTDIA - Início da Execução ===
2025-12-18 09:51:12,736 - __main__ - INFO - Período de planeamento: 2026-12-20 a 2027-01-02 (14 dias)
2025-12-18 09:51:12,737 - src.availability - INFO - Carregadas 8 ausências de csv/team_vacations.csv
2025-12-18 09:51:12,738 - src.availability - INFO - Carregados 16 feriados de csv/holidays.csv
2025-12-18 09:51:12,738 - __main__ - INFO - Carregadas 8 ausências de csv/team_vacations.csv
2025-12-18 09:51:12,738 - __main__ - INFO - Carregados 16 feriados de csv/holidays.csv
2025-12-18 09:51:12,738 - __main__ - INFO - A carregar dados dos ficheiros CSV...
2025-12-18 09:51:12,739 - src.repository - INFO - Carregados 60 servidores de /Users/aricardoferraz/Documents/Challenge-2/Challenge2/PLNTDIA/csv/servers.csv
2025-12-18 09:51:12,743 - src.repository - INFO - Carregadas janelas de manutenção de /Users/aricardoferraz/Documents/Challenge-2/Challenge2/PLNTDIA/csv/server_windows.csv
2025-12-18 09:51:12,744 - src.repository - INFO - Carregado software de /Users/aricardoferraz/Documents/Challenge-2/Challenge2/PLNTDIA/csv/server_applications.csv
2025-12-18 09:51:12,744 - src.repository - INFO - Carregados 10 técnicos de /Users/aricardoferraz/Documents/Challenge-2/Challenge2/PLNTDIA/csv/team.csv
2025-12-18 09:51:12,744 - __main__ - INFO - Carregados: 60 servidores, 10 técnicos
2025-12-18 09:51:12,745 - __main__ - INFO - A gerar 5 CVEs sintéticos para a infraestrutura...
2025-12-18 09:51:12,745 - src.repository - INFO - Geradas 5 CVEs para a infraestrutura
2025-12-18 09:51:12,745 - __main__ - INFO - A calcular prioridades e verificar RTO...
2025-12-18 09:51:12,745 - __main__ - INFO - Tarefas válidas: 33, Descartadas (RTO): 0
2025-12-18 09:51:12,746 - __main__ - INFO - A executar agendamento...
2025-12-18 09:51:12,746 - __main__ - INFO - Horizonte de planeamento: 14 dias (2 semanas)
2025-12-18 09:51:12,746 - src.planner - INFO - Horizonte de planeamento: 2 semanas (336 horas)
2025-12-18 09:51:12,752 - __main__ - INFO - Agendamento concluído: ScheduleMetrics(total=33, scheduled=33, success_rate=100.0%)
